{"type": "FeatureCollection", "features": [{"type": "Feature", "geometry": {"type": "LineString", "coordinates": [[30.5049735, 50.4347316], [30.5050541, 50.4346339], [30.5054354, 50.4341715], [30.5054865, 50.434111]]}, "properties": {"osm_source_id": 10980673, "osm_target_id": 2522195122, "osm_key": 0, "length_m": 77.98901454858492, "highway_type": "secondary", "speed_kph": 45, "oneway": true, "name": "\u041a\u043e\u0440\u043e\u043b\u0435\u043d\u043a\u0456\u0432\u0441\u044c\u043a\u0430 \u0432\u0443\u043b\u0438\u0446\u044f"}}, {"type": "Feature", "geometry": {"type": "LineString", "coordinates": [[30.5049735, 50.4347316], [30.5050547, 50.4346952], [30.5051493, 50.4346648], [30.5053221, 50.4346358], [30.5056665, 50.4345761], [30.5058143, 50.434553]]}, "properties": {"osm_source_id": 10980673, "osm_target_id": 10980674, "osm_key": 0, "length_m": 63.25231390849514, "highway_type": "primary", "speed_kph": 55, "oneway": true, "name": "\u0416\u0438\u043b\u044f\u043d\u0441\u044c\u043a\u0430 \u0432\u0443\u043b\u0438\u0446\u044f"}}, {"type": "Feature", "geometry": {"type": "LineString", "coordinates": [[30.5058143, 50.434553], [30.5058638, 50.4346767], [30.5059902, 50.4349926], [30.506051, 50.4351443], [30.5060949, 50.4352542], [30.506234, 50.4356017], [30.5062925, 50.4357478], [30.5063092, 50.4357895], [30.5064071, 50.4360343], [30.5064439, 50.4361262], [30.5065234, 50.4363249], [30.5065772, 50.4364592]]}, "properties": {"osm_source_id": 10980674, "osm_target_id": 26201486, "osm_key": 0, "length_m": 218.7386498273314, "highway_type": "secondary", "speed_kph": 45, "oneway": true, "name": "\u0422\u0430\u0440\u0430\u0441\u0456\u0432\u0441\u044c\u043a\u0430 \u0432\u0443\u043b\u0438\u0446\u044f"}}, {"type": "Feature", "geometry": {"type": "LineString", "coordinates": [[30.5058143, 50.434553], [30.5059298, 50.4345332], [30.5063504, 50.4344622], [30.5070612, 50.4343393], [30.5071929, 50.434317], [30.5073124, 50.4342965], [30.5083592, 50.4341239], [30.5085708, 50.4340874]]}, "properties": {"osm_source_id": 10980674, "osm_target_id": 26228242, "osm_key": 0, "length_m": 201.9853242401251, "highway_type": "primary", "speed_kph": 55, "oneway": true, "name": "\u0416\u0438\u043b\u044f\u043d\u0441\u044c\u043a\u0430 \u0432\u0443\u043b\u0438\u0446\u044f"}}, {"type": "Feature", "geometry": {"type": "LineString", "coordinates": [[30.5184269, 50.4359458], [30.5184252, 50.4360918], [30.5184227, 50.4362633], [30.5184205, 50.4366021], [30.5184182, 50.4369557], [30.518417, 50.4371466], [30.5184158, 50.4373436], [30.5184155, 50.4373994], [30.5184148, 50.4375248], [30.5184143, 50.4376118], [30.5184136, 50.4377303], [30.5184107, 50.4381331], [30.5184459, 50.4382067], [30.5184905, 50.4382426], [30.5185849, 50.4382994], [30.5186809, 50.4383446], [30.5189876, 50.4384858], [30.5191996, 50.4385817], [30.5194758, 50.4387125], [30.5198057, 50.4388699], [30.5201915, 50.439047], [30.5203433, 50.439121]]}, "properties": {"osm_source_id": 10980679, "osm_target_id": 26228437, "osm_key": 0, "length_m": 420.5195818962574, "highway_type": "secondary", "speed_kph": 45, "oneway": true, "name": "\u0432\u0443\u043b\u0438\u0446\u044f \u0428\u043e\u0442\u0430 \u0420\u0443\u0441\u0442\u0430\u0432\u0435\u043b\u0456"}}, {"type": "Feature", "geometry": {"type": "LineString", "coordinates": [[30.5184269, 50.4359458], [30.5181331, 50.4359461], [30.5176632, 50.4359466], [30.5175686, 50.4359467], [30.5173918, 50.4359469], [30.5171841, 50.4359471], [30.516821, 50.4359475], [30.5163352, 50.435948], [30.5160244, 50.4359495]]}, "properties": {"osm_source_id": 10980679, "osm_target_id": 26201261, "osm_key": 0, "length_m": 170.15704718513152, "highway_type": "secondary", "speed_kph": 45, "oneway": true, "name": "\u0432\u0443\u043b\u0438\u0446\u044f \u0421\u0430\u043a\u0441\u0430\u0433\u0430\u043d\u0441\u044c\u043a\u043e\u0433\u043e"}}, {"type": "Feature", "geometry": {"type": "LineString", "coordinates": [[30.5398227, 50.4453079], [30.5396978, 50.4452145], [30.5390837, 50.4447553], [30.5389823, 50.4446795], [30.538497, 50.4443165], [30.5383635, 50.4442167], [30.5381632, 50.4440669], [30.5380747, 50.4440007]]}, "properties": {"osm_source_id": 10980710, "osm_target_id": 256367001, "osm_key": 0, "length_m": 190.9162553022959, "highway_type": "tertiary", "speed_kph": 40, "oneway": false, "name": "\u041a\u0440\u0456\u043f\u043e\u0441\u043d\u0438\u0439 \u043f\u0440\u043e\u0432\u0443\u043b\u043e\u043a"}}, {"type": "Feature", "geometry": {"type": "LineString", "coordinates": [[30.5398227, 50.4453079], [30.5396753, 50.4453876], [30.5395476, 50.4454565], [30.5380825, 50.4462463], [30.538009, 50.446292], [30.5379242, 50.4462297], [30.5374349, 50.4458702], [30.536343, 50.4450681], [30.5362453, 50.4449963]]}, "properties": {"osm_source_id": 10980710, "osm_target_id": 26546409, "osm_key": 0, "length_m": 359.41127009426003, "highway_type": "secondary", "speed_kph": 45, "oneway": false, "name": null}}, {"type": "Feature", "geometry": {"type": "LineString", "coordinates": [[30.5398227, 50.4453079], [30.540728, 50.444838], [30.5408599, 50.4447624], [30.5416033, 50.4443362], [30.5417122, 50.444289]]}, "properties": {"osm_source_id": 10980710, "osm_target_id": 1781351346, "osm_key": 0, "length_m": 175.4270615923626, "highway_type": "secondary", "speed_kph": 45, "oneway": false, "name": "\u0432\u0443\u043b\u0438\u0446\u044f \u041c\u0438\u0445\u0430\u0439\u043b\u0430 \u0413\u0440\u0443\u0448\u0435\u0432\u0441\u044c\u043a\u043e\u0433\u043e"}}, {"type": "Feature", "geometry": {"type": "LineString", "coordinates": [[30.545427, 50.4437681], [30.5456198, 50.4437158], [30.5457336, 50.4436709], [30.5458917, 50.4435636], [30.5460041, 50.4434873], [30.5461131, 50.4434133], [30.5462113, 50.4433466]]}, "properties": {"osm_source_id": 10980713, "osm_target_id": 1835828687, "osm_key": 0, "length_m": 73.76308507917958, "highway_type": "secondary", "speed_kph": 45, "oneway": false, "name": "\u0432\u0443\u043b\u0438\u0446\u044f \u0406\u0432\u0430\u043d\u0430 \u041c\u0430\u0437\u0435\u043f\u0438"}}, {"type": "Feature", "geometry": {"type": "LineString", "coordinates": [[30.545427, 50.4437681], [30.5453696, 50.4436686], [30.5452698, 50.4434772], [30.5450869, 50.4431262], [30.5450063, 50.4429688]]}, "properties": {"osm_source_id": 10980713, "osm_target_id": 26304257, "osm_key": 0, "length_m": 93.74397534246401, "highway_type": "secondary", "speed_kph": 45, "oneway": false, "name": "\u0432\u0443\u043b\u0438\u0446\u044f \u041a\u043d\u044f\u0437\u0456\u0432 \u041e\u0441\u0442\u0440\u043e\u0437\u044c\u043a\u0438\u0445"}}, {"type": "Feature", "geometry": {"type": "LineString", "coordinates": [[30.545427, 50.4437681], [30.5452209, 50.4438095], [30.5449921, 50.4438306], [30.5449255, 50.4438357], [30.544571, 50.443863], [30.5441166, 50.4438992], [30.5434791, 50.443947], [30.5430055, 50.4439815], [30.5428067, 50.4440032], [30.542608, 50.4440417], [30.5421114, 50.4441694], [30.5418665, 50.4442381], [30.5417122, 50.444289]]}, "properties": {"osm_source_id": 10980713, "osm_target_id": 1781351346, "osm_key": 0, "length_m": 271.51844532036205, "highway_type": "secondary", "speed_kph": 45, "oneway": false, "name": "\u0432\u0443\u043b\u0438\u0446\u044f \u041c\u0438\u0445\u0430\u0439\u043b\u0430 \u0413\u0440\u0443\u0448\u0435\u0432\u0441\u044c\u043a\u043e\u0433\u043e"}}, {"type": "Feature", "geometry": {"type": "LineString", "coordinates": [[30.4950471, 50.4428743], [30.4951565, 50.4427675], [30.4951771, 50.4427487]]}, "properties": {"osm_source_id": 26051762, "osm_target_id": 1307798791, "osm_key": 0, "length_m": 16.728278711154466, "highway_type": "primary", "speed_kph": 55, "oneway": true, "name": "\u0416\u0438\u043b\u044f\u043d\u0441\u044c\u043a\u0430 \u0432\u0443\u043b\u0438\u0446\u044f"}}, {"type": "Feature", "geometry": {"type": "LineString", "coordinates": [[30.4950471, 50.4428743], [30.4952418, 50.4429557], [30.4955183, 50.4430741], [30.4956965, 50.4431504], [30.4962965, 50.4434057], [30.4968625, 50.4436449], [30.4970439, 50.4437214]]}, "properties": {"osm_source_id": 26051762, "osm_target_id": 26303477, "osm_key": 0, "length_m": 169.90248201854143, "highway_type": "secondary", "speed_kph": 45, "oneway": false, "name": "\u0432\u0443\u043b\u0438\u0446\u044f \u0421\u0438\u043c\u043e\u043d\u0430 \u041f\u0435\u0442\u043b\u044e\u0440\u0438"}}, {"type": "Feature", "geometry": {"type": "LineString", "coordinates": [[30.5160519, 50.4339459], [30.5162693, 50.4339411], [30.5167067, 50.4339399], [30.5182268, 50.4339379], [30.5183211, 50.433943], [30.5183927, 50.4339683], [30.5184307, 50.434018], [30.5184415, 50.4340824], [30.5184376, 50.4343711], [30.5184361, 50.4344791], [30.5184257, 50.4350372], [30.5184262, 50.4354106], [30.5184263, 50.4355138], [30.5184238, 50.435808], [30.5184269, 50.4359458]]}, "properties": {"osm_source_id": 26201247, "osm_target_id": 10980679, "osm_key": 0, "length_m": 387.1128719028081, "highway_type": "secondary", "speed_kph": 45, "oneway": true, "name": null}}, {"type": "Feature", "geometry": {"type": "LineString", "coordinates": [[30.5160519, 50.4339459], [30.5160506, 50.4341518], [30.5160475, 50.4343399], [30.5160442, 50.4345384], [30.5160401, 50.4347736], [30.5160347, 50.4350817], [30.516022, 50.4358142], [30.5160244, 50.4359495]]}, "properties": {"osm_source_id": 26201247, "osm_target_id": 26201261, "osm_key": 0, "length_m": 222.80271836508533, "highway_type": "primary", "speed_kph": 55, "oneway": true, "name": "\u0412\u0435\u043b\u0438\u043a\u0430 \u0412\u0430\u0441\u0438\u043b\u044c\u043a\u0456\u0432\u0441\u044c\u043a\u0430 \u0432\u0443\u043b\u0438\u0446\u044f"}}, {"type": "Feature", "geometry": {"type": "LineString", "coordinates": [[30.5093674, 50.4359968], [30.5091577, 50.4360298], [30.5089173, 50.4360682], [30.5086757, 50.4361088], [30.5084484, 50.4361445], [30.5080107, 50.4362166], [30.5078468, 50.4362447], [30.5074446, 50.4363128], [30.5072151, 50.4363518], [30.5067386, 50.4364332], [30.5065772, 50.4364592]]}, "properties": {"osm_source_id": 26201251, "osm_target_id": 26201486, "osm_key": 0, "length_m": 204.19896243186213, "highway_type": "primary", "speed_kph": 55, "oneway": true, "name": "\u0432\u0443\u043b\u0438\u0446\u044f \u0421\u0430\u043a\u0441\u0430\u0433\u0430\u043d\u0441\u044c\u043a\u043e\u0433\u043e"}}, {"type": "Feature", "geometry": {"type": "LineString", "coordinates": [[30.5093674, 50.4359968], [30.5093074, 50.4358739], [30.5090685, 50.4352765], [30.5089069, 50.4348858], [30.5088129, 50.4346573], [30.5086331, 50.43422], [30.5085708, 50.4340874]]}, "properties": {"osm_source_id": 26201251, "osm_target_id": 26228242, "osm_key": 0, "length_m": 219.70856533023286, "highway_type": "tertiary", "speed_kph": 40, "oneway": true, "name": "\u0412\u043e\u043b\u043e\u0434\u0438\u043c\u0438\u0440\u0441\u044c\u043a\u0430 \u0432\u0443\u043b\u0438\u0446\u044f"}}, {"type": "Feature", "geometry": {"type": "LineString", "coordinates": [[30.5159059, 50.439529], [30.5159136, 50.43959]]}, "properties": {"osm_source_id": 26201257, "osm_target_id": 6303032269, "osm_key": 0, "length_m": 6.804784703662523, "highway_type": "residential", "speed_kph": 25, "oneway": true, "name": "\u043f\u043b\u043e\u0449\u0430 \u0423\u043a\u0440\u0430\u0457\u043d\u0441\u044c\u043a\u0438\u0445 \u0413\u0435\u0440\u043e\u0457\u0432"}}, {"type": "Feature", "geometry": {"type": "LineString", "coordinates": [[30.5159059, 50.439529], [30.5159349, 50.4389703], [30.5159386, 50.4389109]]}, "properties": {"osm_source_id": 26201257, "osm_target_id": 26228436, "osm_key": 0, "length_m": 68.7688153553443, "highway_type": "secondary", "speed_kph": 45, "oneway": true, "name": "\u043f\u043b\u043e\u0449\u0430 \u0423\u043a\u0440\u0430\u0457\u043d\u0441\u044c\u043a\u0438\u0445 \u0413\u0435\u0440\u043e\u0457\u0432"}}, {"type": "Feature", "geometry": {"type": "LineString", "coordinates": [[30.5159059, 50.439529], [30.5165899, 50.439388], [30.516687, 50.4393704]]}, "properties": {"osm_source_id": 26201257, "osm_target_id": 6338068758, "osm_key": 0, "length_m": 58.06421082082234, "highway_type": "secondary", "speed_kph": 45, "oneway": true, "name": "\u043f\u043b\u043e\u0449\u0430 \u0423\u043a\u0440\u0430\u0457\u043d\u0441\u044c\u043a\u0438\u0445 \u0413\u0435\u0440\u043e\u0457\u0432"}}, {"type": "Feature", "geometry": {"type": "LineString", "coordinates": [[30.5160244, 50.4359495], [30.515823, 50.4359505], [30.5151791, 50.4359539], [30.5150447, 50.4359546], [30.514933, 50.4359552], [30.5146493, 50.4359566], [30.5144667, 50.4359576], [30.5138608, 50.4359607], [30.5136163, 50.4359616]]}, "properties": {"osm_source_id": 26201261, "osm_target_id": 6451543711, "osm_key": 0, "length_m": 170.5581547312618, "highway_type": "primary", "speed_kph": 55, "oneway": true, "name": "\u0432\u0443\u043b\u0438\u0446\u044f \u0421\u0430\u043a\u0441\u0430\u0433\u0430\u043d\u0441\u044c\u043a\u043e\u0433\u043e"}}, {"type": "Feature", "geometry": {"type": "LineString", "coordinates": [[30.5160244, 50.4359495], [30.5160762, 50.4361315], [30.516068, 50.4365794], [30.5160627, 50.4386517], [30.5160627, 50.438732], [30.516085, 50.4388434], [30.5161115, 50.4389133], [30.5161501, 50.4389715], [30.5162035, 50.4390228], [30.516332, 50.4391079], [30.5165013, 50.4391937], [30.5167122, 50.4392812], [30.5167723, 50.4393031], [30.5168942, 50.4393497]]}, "properties": {"osm_source_id": 26201261, "osm_target_id": 6303032270, "osm_key": 0, "length_m": 405.3351401887615, "highway_type": "primary", "speed_kph": 55, "oneway": true, "name": "\u0412\u0435\u043b\u0438\u043a\u0430 \u0412\u0430\u0441\u0438\u043b\u044c\u043a\u0456\u0432\u0441\u044c\u043a\u0430 \u0432\u0443\u043b\u0438\u0446\u044f"}}, {"type": "Feature", "geometry": {"type": "LineString", "coordinates": [[30.508649, 50.4468065], [30.5086902, 50.4469003], [30.5088116, 50.4471846], [30.5089276, 50.4474388], [30.5090108, 50.4476246], [30.5090758, 50.4477697], [30.5091275, 50.4478852], [30.5092862, 50.4482393], [30.5093836, 50.4484743], [30.5094024, 50.4485197], [30.5095534, 50.4488897], [30.5095832, 50.4489677]]}, "properties": {"osm_source_id": 26201274, "osm_target_id": 26546037, "osm_key": 0, "length_m": 249.269741479484, "highway_type": "residential", "speed_kph": 25, "oneway": false, "name": "\u0432\u0443\u043b\u0438\u0446\u044f \u0406\u0432\u0430\u043d\u0430 \u0424\u0440\u0430\u043d\u043a\u0430"}}, {"type": "Feature", "geometry": {"type": "LineString", "coordinates": [[30.508649, 50.4468065], [30.5086113, 50.4467124], [30.5086047, 50.4466971], [30.5085387, 50.4465123], [30.5084942, 50.4463888], [30.5083361, 50.4460126], [30.5082117, 50.4457164], [30.5081704, 50.4456239], [30.5081526, 50.4455801]]}, "properties": {"osm_source_id": 26201274, "osm_target_id": 298274357, "osm_key": 0, "length_m": 140.84724528275032, "highway_type": "residential", "speed_kph": 25, "oneway": true, "name": "\u0432\u0443\u043b\u0438\u0446\u044f \u0406\u0432\u0430\u043d\u0430 \u0424\u0440\u0430\u043d\u043a\u0430"}}, {"type": "Feature", "geometry": {"type": "LineString", "coordinates": [[30.508649, 50.4468065], [30.508772, 50.4467861], [30.5093519, 50.4466915], [30.5096668, 50.4466401], [30.5102501, 50.4465406]]}, "properties": {"osm_source_id": 26201274, "osm_target_id": 247117094, "osm_key": 0, "length_m": 117.16519577980868, "highway_type": "tertiary", "speed_kph": 40, "oneway": false, "name": "\u0432\u0443\u043b\u0438\u0446\u044f \u0411\u043e\u0433\u0434\u0430\u043d\u0430 \u0425\u043c\u0435\u043b\u044c\u043d\u0438\u0446\u044c\u043a\u043e\u0433\u043e"}}, {"type": "Feature", "geometry": {"type": "LineString", "coordinates": [[30.508649, 50.4468065], [30.5085404, 50.4468256], [30.5085006, 50.4468325], [30.5081263, 50.4468929], [30.507344, 50.4470192], [30.5072733, 50.447031], [30.5072408, 50.4470366], [30.5070478, 50.4470694]]}, "properties": {"osm_source_id": 26201274, "osm_target_id": 26546136, "osm_key": 0, "length_m": 117.08902459263066, "highway_type": "tertiary", "speed_kph": 40, "oneway": false, "name": "\u0432\u0443\u043b\u0438\u0446\u044f \u0411\u043e\u0433\u0434\u0430\u043d\u0430 \u0425\u043c\u0435\u043b\u044c\u043d\u0438\u0446\u044c\u043a\u043e\u0433\u043e"}}, {"type": "Feature", "geometry": {"type": "LineString", "coordinates": [[30.5133982, 50.4460369], [30.5135878, 50.446005], [30.5139333, 50.4459489], [30.5144801, 50.4458601], [30.5157284, 50.4456577], [30.5159172, 50.4456267]]}, "properties": {"osm_source_id": 26201275, "osm_target_id": 26201276, "osm_key": 0, "length_m": 184.11012414570416, "highway_type": "tertiary", "speed_kph": 40, "oneway": false, "name": "\u0432\u0443\u043b\u0438\u0446\u044f \u0411\u043e\u0433\u0434\u0430\u043d\u0430 \u0425\u043c\u0435\u043b\u044c\u043d\u0438\u0446\u044c\u043a\u043e\u0433\u043e"}}, {"type": "Feature", "geometry": {"type": "LineString", "coordinates": [[30.5133982, 50.4460369], [30.5133489, 50.4459069], [30.5131049, 50.4452792], [30.5128093, 50.4445497], [30.5126651, 50.4441908], [30.5125289, 50.4438417], [30.5125185, 50.4438152], [30.5124764, 50.4437076]]}, "properties": {"osm_source_id": 26201275, "osm_target_id": 26201528, "osm_key": 0, "length_m": 267.1083864281688, "highway_type": "secondary", "speed_kph": 45, "oneway": false, "name": "\u0412\u043e\u043b\u043e\u0434\u0438\u043c\u0438\u0440\u0441\u044c\u043a\u0430 \u0432\u0443\u043b\u0438\u0446\u044f"}}, {"type": "Feature", "geometry": {"type": "LineString", "coordinates": [[30.5133982, 50.4460369], [30.5134333, 50.4461227], [30.513469, 50.44621], [30.5138008, 50.4470204], [30.5138264, 50.447083], [30.5138555, 50.4471542], [30.5138621, 50.4471702], [30.5138725, 50.4471957], [30.513943, 50.4473701], [30.514062, 50.4476586], [30.5142658, 50.4481536], [30.5143685, 50.4484073], [30.5143895, 50.4484617], [30.5145451, 50.4488604], [30.5145758, 50.4489393]]}, "properties": {"osm_source_id": 26201275, "osm_target_id": 26201280, "osm_key": 0, "length_m": 333.33399973020903, "highway_type": "secondary", "speed_kph": 45, "oneway": false, "name": "\u0412\u043e\u043b\u043e\u0434\u0438\u043c\u0438\u0440\u0441\u044c\u043a\u0430 \u0432\u0443\u043b\u0438\u0446\u044f"}}, {"type": "Feature", "geometry": {"type": "LineString", "coordinates": [[30.5133982, 50.4460369], [30.5132153, 50.4460662], [30.5127136, 50.4461465], [30.5126989, 50.4461488], [30.5126308, 50.4461597], [30.5119433, 50.4462697], [30.5118855, 50.446279], [30.5116463, 50.4463172], [30.5114644, 50.4463463]]}, "properties": {"osm_source_id": 26201275, "osm_target_id": 259159432, "osm_key": 0, "length_m": 141.18689588896004, "highway_type": "tertiary", "speed_kph": 40, "oneway": false, "name": "\u0432\u0443\u043b\u0438\u0446\u044f \u0411\u043e\u0433\u0434\u0430\u043d\u0430 \u0425\u043c\u0435\u043b\u044c\u043d\u0438\u0446\u044c\u043a\u043e\u0433\u043e"}}, {"type": "Feature", "geometry": {"type": "LineString", "coordinates": [[30.5159172, 50.4456267], [30.5158685, 50.4455048], [30.5156913, 50.4450509], [30.5156082, 50.444843], [30.5155192, 50.4446212], [30.5154693, 50.4444963], [30.51533, 50.4441472], [30.5151792, 50.4437723], [30.5150452, 50.4434394], [30.5150245, 50.443388], [30.5149995, 50.443294]]}, "properties": {"osm_source_id": 26201276, "osm_target_id": 539997004, "osm_key": 0, "length_m": 267.4353767121325, "highway_type": "residential", "speed_kph": 25, "oneway": true, "name": "\u0422\u0435\u0440\u0435\u0449\u0435\u043d\u043a\u0456\u0432\u0441\u044c\u043a\u0430 \u0432\u0443\u043b\u0438\u0446\u044f"}}, {"type": "Feature", "geometry": {"type": "LineString", "coordinates": [[30.5159172, 50.4456267], [30.5159661, 50.4456188], [30.5161446, 50.4455901], [30.5164146, 50.4455467], [30.5167069, 50.4454997], [30.5170094, 50.445451], [30.5176987, 50.4453402], [30.5180284, 50.4452867], [30.5181913, 50.4452609]]}, "properties": {"osm_source_id": 26201276, "osm_target_id": 26201277, "osm_key": 0, "length_m": 166.0878670931544, "highway_type": "tertiary", "speed_kph": 40, "oneway": false, "name": "\u0432\u0443\u043b\u0438\u0446\u044f \u0411\u043e\u0433\u0434\u0430\u043d\u0430 \u0425\u043c\u0435\u043b\u044c\u043d\u0438\u0446\u044c\u043a\u043e\u0433\u043e"}}, {"type": "Feature", "geometry": {"type": "LineString", "coordinates": [[30.5159172, 50.4456267], [30.5157284, 50.4456577], [30.5144801, 50.4458601], [30.5139333, 50.4459489], [30.5135878, 50.446005], [30.5133982, 50.4460369]]}, "properties": {"osm_source_id": 26201276, "osm_target_id": 26201275, "osm_key": 0, "length_m": 184.11012414570416, "highway_type": "tertiary", "speed_kph": 40, "oneway": false, "name": "\u0432\u0443\u043b\u0438\u0446\u044f \u0411\u043e\u0433\u0434\u0430\u043d\u0430 \u0425\u043c\u0435\u043b\u044c\u043d\u0438\u0446\u044c\u043a\u043e\u0433\u043e"}}, {"type": "Feature", "geometry": {"type": "LineString", "coordinates": [[30.5181913, 50.4452609], [30.5182277, 50.4453535], [30.5182384, 50.4453805], [30.5182603, 50.4454347], [30.518368, 50.445701], [30.518394, 50.4457653]]}, "properties": {"osm_source_id": 26201277, "osm_target_id": 384744829, "osm_key": 0, "length_m": 57.894470588300344, "highway_type": "residential", "speed_kph": 25, "oneway": false, "name": "\u0432\u0443\u043b\u0438\u0446\u044f \u0404\u0432\u0433\u0435\u043d\u0430 \u0427\u0438\u043a\u0430\u043b\u0435\u043d\u043a\u0430"}}, {"type": "Feature", "geometry": {"type": "LineString", "coordinates": [[30.5181913, 50.4452609], [30.5180284, 50.4452867], [30.5176987, 50.4453402], [30.5170094, 50.445451], [30.5167069, 50.4454997], [30.5164146, 50.4455467], [30.5161446, 50.4455901], [30.5159661, 50.4456188], [30.5159172, 50.4456267]]}, "properties": {"osm_source_id": 26201277, "osm_target_id": 26201276, "osm_key": 0, "length_m": 166.08786709315441, "highway_type": "tertiary", "speed_kph": 40, "oneway": false, "name": "\u0432\u0443\u043b\u0438\u0446\u044f \u0411\u043e\u0433\u0434\u0430\u043d\u0430 \u0425\u043c\u0435\u043b\u044c\u043d\u0438\u0446\u044c\u043a\u043e\u0433\u043e"}}, {"type": "Feature", "geometry": {"type": "LineString", "coordinates": [[30.5181913, 50.4452609], [30.5187807, 50.445165], [30.5193057, 50.4450794], [30.5195313, 50.4450426], [30.5198292, 50.444994], [30.5199604, 50.4449726], [30.520183, 50.4449363], [30.5208252, 50.4448323], [30.5210436, 50.4447969]]}, "properties": {"osm_source_id": 26201277, "osm_target_id": 10294230522, "osm_key": 0, "length_m": 208.460229407955, "highway_type": "tertiary", "speed_kph": 40, "oneway": false, "name": "\u0432\u0443\u043b\u0438\u0446\u044f \u0411\u043e\u0433\u0434\u0430\u043d\u0430 \u0425\u043c\u0435\u043b\u044c\u043d\u0438\u0446\u044c\u043a\u043e\u0433\u043e"}}, {"type": "Feature", "geometry": {"type": "LineString", "coordinates": [[30.5155156, 50.451292], [30.515312, 50.4513546], [30.5148974, 50.4513644], [30.5145914, 50.4513711], [30.5145016, 50.4513416], [30.5143467, 50.4512908]]}, "properties": {"osm_source_id": 26201279, "osm_target_id": 551304957, "osm_key": 0, "length_m": 86.5511992232689, "highway_type": "residential", "speed_kph": 25, "oneway": false, "name": "\u0417\u043e\u043b\u043e\u0442\u043e\u0432\u043e\u0440\u0456\u0442\u0441\u044c\u043a\u0430 \u0432\u0443\u043b\u0438\u0446\u044f"}}, {"type": "Feature", "geometry": {"type": "LineString", "coordinates": [[30.5155156, 50.451292], [30.5155489, 50.4513733], [30.5155657, 50.451413], [30.5156272, 50.4515579], [30.5157493, 50.4518463], [30.5157611, 50.4518742], [30.5159434, 50.4523045], [30.5160551, 50.4525684], [30.5161042, 50.4526843]]}, "properties": {"osm_source_id": 26201279, "osm_target_id": 26201531, "osm_key": 0, "length_m": 160.32790189463623, "highway_type": "secondary", "speed_kph": 45, "oneway": false, "name": "\u0412\u043e\u043b\u043e\u0434\u0438\u043c\u0438\u0440\u0441\u044c\u043a\u0430 \u0432\u0443\u043b\u0438\u0446\u044f"}}, {"type": "Feature", "geometry": {"type": "LineString", "coordinates": [[30.5155156, 50.451292], [30.5151524, 50.4503948], [30.5151249, 50.4503261], [30.5149993, 50.4500127]]}, "properties": {"osm_source_id": 26201279, "osm_target_id": 26303203, "osm_key": 0, "length_m": 146.87382270259454, "highway_type": "secondary", "speed_kph": 45, "oneway": false, "name": "\u0412\u043e\u043b\u043e\u0434\u0438\u043c\u0438\u0440\u0441\u044c\u043a\u0430 \u0432\u0443\u043b\u0438\u0446\u044f"}}, {"type": "Feature", "geometry": {"type": "LineString", "coordinates": [[30.5145758, 50.4489393], [30.5147262, 50.4489153], [30.5153141, 50.4488207], [30.5159208, 50.4487212], [30.5160739, 50.4486961], [30.5167148, 50.448591], [30.5167784, 50.4485806]]}, "properties": {"osm_source_id": 26201280, "osm_target_id": 26325907, "osm_key": 0, "length_m": 160.97617424005563, "highway_type": "tertiary", "speed_kph": 40, "oneway": false, "name": "\u041f\u0440\u043e\u0440\u0456\u0437\u043d\u0430 \u0432\u0443\u043b\u0438\u0446\u044f"}}, {"type": "Feature", "geometry": {"type": "LineString", "coordinates": [[30.5145758, 50.4489393], [30.5145451, 50.4488604], [30.5143895, 50.4484617], [30.5143685, 50.4484073], [30.5142658, 50.4481536], [30.514062, 50.4476586], [30.513943, 50.4473701], [30.5138725, 50.4471957], [30.5138621, 50.4471702], [30.5138555, 50.4471542], [30.5138264, 50.447083], [30.5138008, 50.4470204], [30.513469, 50.44621], [30.5134333, 50.4461227], [30.5133982, 50.4460369]]}, "properties": {"osm_source_id": 26201280, "osm_target_id": 26201275, "osm_key": 0, "length_m": 333.33399973020903, "highway_type": "secondary", "speed_kph": 45, "oneway": false, "name": "\u0412\u043e\u043b\u043e\u0434\u0438\u043c\u0438\u0440\u0441\u044c\u043a\u0430 \u0432\u0443\u043b\u0438\u0446\u044f"}}, {"type": "Feature", "geometry": {"type": "LineString", "coordinates": [[30.5145758, 50.4489393], [30.5146162, 50.4490418], [30.5148231, 50.449566], [30.5148964, 50.4497519], [30.5149763, 50.4499544], [30.5149993, 50.4500127]]}, "properties": {"osm_source_id": 26201280, "osm_target_id": 26303203, "osm_key": 0, "length_m": 123.06578197135248, "highway_type": "secondary", "speed_kph": 45, "oneway": false, "name": "\u0412\u043e\u043b\u043e\u0434\u0438\u043c\u0438\u0440\u0441\u044c\u043a\u0430 \u0432\u0443\u043b\u0438\u0446\u044f"}}, {"type": "Feature", "geometry": {"type": "LineString", "coordinates": [[30.5170542, 50.4537328], [30.5169494, 50.4538379], [30.5168689, 50.4539184], [30.5166829, 50.4541044]]}, "properties": {"osm_source_id": 26201287, "osm_target_id": 26201288, "osm_key": 0, "length_m": 48.97313684250558, "highway_type": "secondary", "speed_kph": 45, "oneway": false, "name": "\u0412\u043e\u043b\u043e\u0434\u0438\u043c\u0438\u0440\u0441\u044c\u043a\u0430 \u0432\u0443\u043b\u0438\u0446\u044f"}}, {"type": "Feature", "geometry": {"type": "LineString", "coordinates": [[30.5170542, 50.4537328], [30.5170925, 50.4536798], [30.5171099, 50.4536277], [30.5171197, 50.4535794], [30.5171203, 50.4535427], [30.5171028, 50.4534931], [30.5170488, 50.4534254], [30.5169884, 50.4533848], [30.516911, 50.45335], [30.5165941, 50.4532121], [30.5164604, 50.4531415], [30.5163513, 50.4530597], [30.5162421, 50.4529411], [30.5161633, 50.4528062], [30.5161042, 50.4526843]]}, "properties": {"osm_source_id": 26201287, "osm_target_id": 26201531, "osm_key": 0, "length_m": 145.81166219334054, "highway_type": "secondary", "speed_kph": 45, "oneway": false, "name": "\u0412\u043e\u043b\u043e\u0434\u0438\u043c\u0438\u0440\u0441\u044c\u043a\u0430 \u0432\u0443\u043b\u0438\u0446\u044f"}}, {"type": "Feature", "geometry": {"type": "LineString", "coordinates": [[30.5170542, 50.4537328], [30.517276, 50.4538223], [30.5173727, 50.4538628], [30.5175356, 50.4539311], [30.5179583, 50.4541048]]}, "properties": {"osm_source_id": 26201287, "osm_target_id": 26546273, "osm_key": 0, "length_m": 76.21230210509194, "highway_type": "residential", "speed_kph": 25, "oneway": false, "name": "\u0412\u043e\u043b\u043e\u0434\u0438\u043c\u0438\u0440\u0441\u044c\u043a\u0438\u0439 \u043f\u0440\u043e\u0457\u0437\u0434"}}, {"type": "Feature", "geometry": {"type": "LineString", "coordinates": [[30.5166829, 50.4541044], [30.5168689, 50.4539184], [30.5169494, 50.4538379], [30.5170542, 50.4537328]]}, "properties": {"osm_source_id": 26201288, "osm_target_id": 26201287, "osm_key": 0, "length_m": 48.97313684250558, "highway_type": "secondary", "speed_kph": 45, "oneway": false, "name": "\u0412\u043e\u043b\u043e\u0434\u0438\u043c\u0438\u0440\u0441\u044c\u043a\u0430 \u0432\u0443\u043b\u0438\u0446\u044f"}}, {"type": "Feature", "geometry": {"type": "LineString", "coordinates": [[30.5166829, 50.4541044], [30.5166626, 50.4541506], [30.5166615, 50.4542235], [30.5166793, 50.4542986], [30.5167096, 50.4543861], [30.5167546, 50.4544976], [30.5167861, 50.4545756], [30.5169212, 50.4549102], [30.5169679, 50.4550258], [30.5170696, 50.4552776], [30.5171211, 50.4554032]]}, "properties": {"osm_source_id": 26201288, "osm_target_id": 26201292, "osm_key": 0, "length_m": 148.63800951857758, "highway_type": "secondary", "speed_kph": 45, "oneway": false, "name": "\u0412\u043e\u043b\u043e\u0434\u0438\u043c\u0438\u0440\u0441\u044c\u043a\u0430 \u0432\u0443\u043b\u0438\u0446\u044f"}}, {"type": "Feature", "geometry": {"type": "LineString", "coordinates": [[30.5198257, 50.4548507], [30.5196979, 50.4548007], [30.5190855, 50.4545585], [30.518974, 50.4545132]]}, "properties": {"osm_source_id": 26201289, "osm_target_id": 26303122, "osm_key": 0, "length_m": 71.02304822564504, "highway_type": "residential", "speed_kph": 25, "oneway": false, "name": "\u0412\u043e\u043b\u043e\u0434\u0438\u043c\u0438\u0440\u0441\u044c\u043a\u0438\u0439 \u043f\u0440\u043e\u0457\u0437\u0434"}}, {"type": "Feature", "geometry": {"type": "LineString", "coordinates": [[30.5198257, 50.4548507], [30.5199262, 50.4549018], [30.5200003, 50.4549671], [30.5200302, 50.4550197], [30.5200417, 50.455089], [30.5200223, 50.4551671], [30.5199672, 50.455261]]}, "properties": {"osm_source_id": 26201289, "osm_target_id": 26201546, "osm_key": 0, "length_m": 51.97054473264487, "highway_type": "residential", "speed_kph": 25, "oneway": false, "name": "\u0412\u043e\u043b\u043e\u0434\u0438\u043c\u0438\u0440\u0441\u044c\u043a\u0438\u0439 \u043f\u0440\u043e\u0457\u0437\u0434"}}, {"type": "Feature", "geometry": {"type": "LineString", "coordinates": [[30.5198257, 50.4548507], [30.520079, 50.4549087], [30.520524, 50.4550842]]}, "properties": {"osm_source_id": 26201289, "osm_target_id": 2283050232, "osm_key": 0, "length_m": 56.11583531420801, "highway_type": "residential", "speed_kph": 25, "oneway": true, "name": "\u0412\u043e\u043b\u043e\u0434\u0438\u043c\u0438\u0440\u0441\u044c\u043a\u0438\u0439 \u043f\u0440\u043e\u0457\u0437\u0434"}}, {"type": "Feature", "geometry": {"type": "LineString", "coordinates": [[30.5171211, 50.4554032], [30.5170696, 50.4552776], [30.5169679, 50.4550258], [30.5169212, 50.4549102], [30.5167861, 50.4545756], [30.5167546, 50.4544976], [30.5167096, 50.4543861], [30.5166793, 50.4542986], [30.5166615, 50.4542235], [30.5166626, 50.4541506], [30.5166829, 50.4541044]]}, "properties": {"osm_source_id": 26201292, "osm_target_id": 26201288, "osm_key": 0, "length_m": 148.6380095185776, "highway_type": "secondary", "speed_kph": 45, "oneway": false, "name": "\u0412\u043e\u043b\u043e\u0434\u0438\u043c\u0438\u0440\u0441\u044c\u043a\u0430 \u0432\u0443\u043b\u0438\u0446\u044f"}}, {"type": "Feature", "geometry": {"type": "LineString", "coordinates": [[30.5171211, 50.4554032], [30.5169386, 50.45541], [30.5163619, 50.4554111], [30.5155922, 50.4554172], [30.514462, 50.455426], [30.5142266, 50.4554249], [30.5140006, 50.4554135], [30.5139311, 50.4554099], [30.5137901, 50.4554051]]}, "properties": {"osm_source_id": 26201292, "osm_target_id": 26322660, "osm_key": 0, "length_m": 235.9334520839468, "highway_type": "secondary", "speed_kph": 45, "oneway": false, "name": "\u0412\u0435\u043b\u0438\u043a\u0430 \u0416\u0438\u0442\u043e\u043c\u0438\u0440\u0441\u044c\u043a\u0430 \u0432\u0443\u043b\u0438\u0446\u044f"}}, {"type": "Feature", "geometry": {"type": "LineString", "coordinates": [[30.5171211, 50.4554032], [30.5173358, 50.4553961], [30.5180317, 50.4553746], [30.5190052, 50.4553427], [30.5194604, 50.4553246], [30.5195928, 50.4553124], [30.519845, 50.4552794], [30.5199028, 50.455271], [30.5199672, 50.455261]]}, "properties": {"osm_source_id": 26201292, "osm_target_id": 26201546, "osm_key": 0, "length_m": 202.43355983583044, "highway_type": "secondary", "speed_kph": 45, "oneway": false, "name": "\u0412\u0435\u043b\u0438\u043a\u0430 \u0416\u0438\u0442\u043e\u043c\u0438\u0440\u0441\u044c\u043a\u0430 \u0432\u0443\u043b\u0438\u0446\u044f"}}, {"type": "Feature", "geometry": {"type": "LineString", "coordinates": [[30.5171211, 50.4554032], [30.5171673, 50.455527], [30.5172896, 50.4558314], [30.5173654, 50.45602], [30.5173814, 50.4560597], [30.5176042, 50.4566515], [30.5176175, 50.4566868], [30.5177316, 50.4569782], [30.5177602, 50.4570548], [30.5177865, 50.457121], [30.5178106, 50.4571817], [30.5178984, 50.4574015], [30.5179603, 50.4575578], [30.518066, 50.4578249], [30.5181036, 50.4579106]]}, "properties": {"osm_source_id": 26201292, "osm_target_id": 2074579749, "osm_key": 0, "length_m": 287.36542285787505, "highway_type": "residential", "speed_kph": 25, "oneway": false, "name": "\u0412\u043e\u043b\u043e\u0434\u0438\u043c\u0438\u0440\u0441\u044c\u043a\u0430 \u0432\u0443\u043b\u0438\u0446\u044f"}}, {"type": "Feature", "geometry": {"type": "LineString", "coordinates": [[30.5065772, 50.4364592], [30.5064206, 50.4364894], [30.5061242, 50.4365466], [30.5059839, 50.4365803], [30.5058642, 50.4366322], [30.5057448, 50.4367058], [30.5056589, 50.4367693], [30.5054278, 50.4369401], [30.5036062, 50.4382638], [30.5032585, 50.4385256], [30.5031754, 50.4385892], [30.5027949, 50.438863], [30.5026915, 50.4389411]]}, "properties": {"osm_source_id": 26201486, "osm_target_id": 26337690, "osm_key": 0, "length_m": 395.6292304908413, "highway_type": "primary", "speed_kph": 55, "oneway": true, "name": "\u0432\u0443\u043b\u0438\u0446\u044f \u0421\u0430\u043a\u0441\u0430\u0433\u0430\u043d\u0441\u044c\u043a\u043e\u0433\u043e"}}, {"type": "Feature", "geometry": {"type": "LineString", "coordinates": [[30.5065772, 50.4364592], [30.5066335, 50.4365937], [30.5067005, 50.4367452], [30.5068994, 50.4372627], [30.5070597, 50.4376651], [30.507197, 50.4380294]]}, "properties": {"osm_source_id": 26201486, "osm_target_id": 26546429, "osm_key": 0, "length_m": 180.0441380301608, "highway_type": "residential", "speed_kph": 25, "oneway": true, "name": "\u0422\u0430\u0440\u0430\u0441\u0456\u0432\u0441\u044c\u043a\u0430 \u0432\u0443\u043b\u0438\u0446\u044f"}}, {"type": "Feature", "geometry": {"type": "LineString", "coordinates": [[30.5211646, 50.4384265], [30.5210243, 50.4383562], [30.5209441, 50.4383003], [30.5208603, 50.4382098], [30.5208064, 50.43815], [30.5207593, 50.4380629], [30.5207234, 50.437957], [30.5207182, 50.4378575], [30.5207179, 50.4374614], [30.5207199, 50.4372655], [30.5207226, 50.4370083], [30.5207259, 50.4366644], [30.5207217, 50.4361131], [30.5207179, 50.4360042], [30.5205524, 50.4359631], [30.5204888, 50.4359505], [30.5201636, 50.4359502], [30.5199035, 50.4359496], [30.5198263, 50.4359494], [30.5191799, 50.4359478], [30.519108, 50.4359476], [30.5185556, 50.4359453], [30.5184269, 50.4359458]]}, "properties": {"osm_source_id": 26201488, "osm_target_id": 10980679, "osm_key": 0, "length_m": 443.1895622397058, "highway_type": "secondary", "speed_kph": 45, "oneway": true, "name": null}}, {"type": "Feature", "geometry": {"type": "LineString", "coordinates": [[30.5211646, 50.4384265], [30.5210784, 50.4384994], [30.520993, 50.4385716], [30.5207663, 50.4387633], [30.5204673, 50.4390162], [30.5204212, 50.4390551], [30.5203433, 50.439121]]}, "properties": {"osm_source_id": 26201488, "osm_target_id": 26228437, "osm_key": 0, "length_m": 96.67907748802979, "highway_type": "tertiary", "speed_kph": 40, "oneway": false, "name": "\u0420\u043e\u0433\u043d\u0456\u0434\u0438\u043d\u0441\u044c\u043a\u0430 \u0432\u0443\u043b\u0438\u0446\u044f"}}, {"type": "Feature", "geometry": {"type": "LineString", "coordinates": [[30.5124764, 50.4437076], [30.5123887, 50.4434879]]}, "properties": {"osm_source_id": 26201528, "osm_target_id": 385672335, "osm_key": 0, "length_m": 25.20657535773526, "highway_type": "secondary", "speed_kph": 45, "oneway": false, "name": "\u0412\u043e\u043b\u043e\u0434\u0438\u043c\u0438\u0440\u0441\u044c\u043a\u0430 \u0432\u0443\u043b\u0438\u0446\u044f"}}, {"type": "Feature", "geometry": {"type": "LineString", "coordinates": [[30.5124764, 50.4437076], [30.5122267, 50.4437491], [30.5114654, 50.4438686], [30.5109151, 50.4439582], [30.5095518, 50.44418], [30.5093313, 50.4442159]]}, "properties": {"osm_source_id": 26201528, "osm_target_id": 546450951, "osm_key": 0, "length_m": 229.77485361850879, "highway_type": "primary", "speed_kph": 55, "oneway": true, "name": "\u0431\u0443\u043b\u044c\u0432\u0430\u0440 \u0422\u0430\u0440\u0430\u0441\u0430 \u0428\u0435\u0432\u0447\u0435\u043d\u043a\u0430"}}, {"type": "Feature", "geometry": {"type": "LineString", "coordinates": [[30.5124764, 50.4437076], [30.5125185, 50.4438152], [30.5125289, 50.4438417], [30.5126651, 50.4441908], [30.5128093, 50.4445497], [30.5131049, 50.4452792], [30.5133489, 50.4459069], [30.5133982, 50.4460369]]}, "properties": {"osm_source_id": 26201528, "osm_target_id": 26201275, "osm_key": 0, "length_m": 267.1083864281688, "highway_type": "secondary", "speed_kph": 45, "oneway": false, "name": "\u0412\u043e\u043b\u043e\u0434\u0438\u043c\u0438\u0440\u0441\u044c\u043a\u0430 \u0432\u0443\u043b\u0438\u0446\u044f"}}, {"type": "Feature", "geometry": {"type": "LineString", "coordinates": [[30.5161042, 50.4526843], [30.5162613, 50.4526504], [30.5166806, 50.4525532], [30.5174805, 50.4523609], [30.5183317, 50.452159], [30.5183916, 50.4521476]]}, "properties": {"osm_source_id": 26201531, "osm_target_id": 26303135, "osm_key": 0, "length_m": 172.6091624842926, "highway_type": "residential", "speed_kph": 25, "oneway": true, "name": "\u0421\u043e\u0444\u0456\u0457\u0432\u0441\u044c\u043a\u0430 \u0432\u0443\u043b\u0438\u0446\u044f"}}, {"type": "Feature", "geometry": {"type": "LineString", "coordinates": [[30.5161042, 50.4526843], [30.5161633, 50.4528062], [30.5162421, 50.4529411], [30.5163513, 50.4530597], [30.5164604, 50.4531415], [30.5165941, 50.4532121], [30.516911, 50.45335], [30.5169884, 50.4533848], [30.5170488, 50.4534254], [30.5171028, 50.4534931], [30.5171203, 50.4535427], [30.5171197, 50.4535794], [30.5171099, 50.4536277], [30.5170925, 50.4536798], [30.5170542, 50.4537328]]}, "properties": {"osm_source_id": 26201531, "osm_target_id": 26201287, "osm_key": 0, "length_m": 145.8116621933405, "highway_type": "secondary", "speed_kph": 45, "oneway": false, "name": "\u0412\u043e\u043b\u043e\u0434\u0438\u043c\u0438\u0440\u0441\u044c\u043a\u0430 \u0432\u0443\u043b\u0438\u0446\u044f"}}, {"type": "Feature", "geometry": {"type": "LineString", "coordinates": [[30.5161042, 50.4526843], [30.5160551, 50.4525684], [30.5159434, 50.4523045], [30.5157611, 50.4518742], [30.5157493, 50.4518463], [30.5156272, 50.4515579], [30.5155657, 50.451413], [30.5155489, 50.4513733], [30.5155156, 50.451292]]}, "properties": {"osm_source_id": 26201531, "osm_target_id": 26201279, "osm_key": 0, "length_m": 160.32790189463623, "highway_type": "secondary", "speed_kph": 45, "oneway": false, "name": "\u0412\u043e\u043b\u043e\u0434\u0438\u043c\u0438\u0440\u0441\u044c\u043a\u0430 \u0432\u0443\u043b\u0438\u0446\u044f"}}, {"type": "Feature", "geometry": {"type": "LineString", "coordinates": [[30.5182689, 50.4583403], [30.5181036, 50.4579106]]}, "properties": {"osm_source_id": 26201544, "osm_target_id": 2074579749, "osm_key": 0, "length_m": 49.192596908220764, "highway_type": "residential", "speed_kph": 25, "oneway": false, "name": "\u0412\u043e\u043b\u043e\u0434\u0438\u043c\u0438\u0440\u0441\u044c\u043a\u0430 \u0432\u0443\u043b\u0438\u0446\u044f"}}, {"type": "Feature", "geometry": {"type": "LineString", "coordinates": [[30.5199672, 50.455261], [30.5200223, 50.4551671], [30.5200417, 50.455089], [30.5200302, 50.4550197], [30.5200003, 50.4549671], [30.5199262, 50.4549018], [30.5198257, 50.4548507]]}, "properties": {"osm_source_id": 26201546, "osm_target_id": 26201289, "osm_key": 0, "length_m": 51.97054473264486, "highway_type": "residential", "speed_kph": 25, "oneway": false, "name": "\u0412\u043e\u043b\u043e\u0434\u0438\u043c\u0438\u0440\u0441\u044c\u043a\u0438\u0439 \u043f\u0440\u043e\u0457\u0437\u0434"}}, {"type": "Feature", "geometry": {"type": "LineString", "coordinates": [[30.5199672, 50.455261], [30.5201772, 50.4552165], [30.5203776, 50.4551516], [30.520524, 50.4550842]]}, "properties": {"osm_source_id": 26201546, "osm_target_id": 2283050232, "osm_key": 0, "length_m": 44.37663464362942, "highway_type": "secondary", "speed_kph": 45, "oneway": false, "name": "\u041c\u0438\u0445\u0430\u0439\u043b\u0456\u0432\u0441\u044c\u043a\u0430 \u043f\u043b\u043e\u0449\u0430"}}, {"type": "Feature", "geometry": {"type": "LineString", "coordinates": [[30.5199672, 50.455261], [30.5199028, 50.455271], [30.519845, 50.4552794], [30.5195928, 50.4553124], [30.5194604, 50.4553246], [30.5190052, 50.4553427], [30.5180317, 50.4553746], [30.5173358, 50.4553961], [30.5171211, 50.4554032]]}, "properties": {"osm_source_id": 26201546, "osm_target_id": 26201292, "osm_key": 0, "length_m": 202.43355983583047, "highway_type": "secondary", "speed_kph": 45, "oneway": false, "name": "\u0412\u0435\u043b\u0438\u043a\u0430 \u0416\u0438\u0442\u043e\u043c\u0438\u0440\u0441\u044c\u043a\u0430 \u0432\u0443\u043b\u0438\u0446\u044f"}}, {"type": "Feature", "geometry": {"type": "LineString", "coordinates": [[30.5244022, 50.4593468], [30.5242451, 50.4594409]]}, "properties": {"osm_source_id": 26201571, "osm_target_id": 2509773981, "osm_key": 0, "length_m": 15.269625811944284, "highway_type": "tertiary", "speed_kph": 40, "oneway": false, "name": "\u0432\u0443\u043b\u0438\u0446\u044f \u041f\u0435\u0442\u0440\u0430 \u0421\u0430\u0433\u0430\u0439\u0434\u0430\u0447\u043d\u043e\u0433\u043e"}}, {"type": "Feature", "geometry": {"type": "LineString", "coordinates": [[30.5244022, 50.4593468], [30.5245753, 50.4592325]]}, "properties": {"osm_source_id": 26201571, "osm_target_id": 12674028764, "osm_key": 0, "length_m": 17.654660794478037, "highway_type": "tertiary", "speed_kph": 40, "oneway": false, "name": "\u0432\u0443\u043b\u0438\u0446\u044f \u041f\u0435\u0442\u0440\u0430 \u0421\u0430\u0433\u0430\u0439\u0434\u0430\u0447\u043d\u043e\u0433\u043e"}}, {"type": "Feature", "geometry": {"type": "LineString", "coordinates": [[30.5128839, 50.4663101], [30.5128999, 50.4663195], [30.51299, 50.4663769], [30.5134683, 50.4666885], [30.5144781, 50.467395], [30.5145539, 50.467443]]}, "properties": {"osm_source_id": 26201587, "osm_target_id": 26201590, "osm_key": 0, "length_m": 172.7790719715891, "highway_type": "secondary", "speed_kph": 45, "oneway": true, "name": "\u0432\u0443\u043b\u0438\u0446\u044f \u0412\u0435\u0440\u0445\u043d\u0456\u0439 \u0412\u0430\u043b"}}, {"type": "Feature", "geometry": {"type": "LineString", "coordinates": [[30.5128839, 50.4663101], [30.5130819, 50.4661899], [30.5132646, 50.4660787], [30.513522, 50.4659232], [30.5135888, 50.4658743], [30.5138726, 50.4657113], [30.5141282, 50.4655533], [30.5142471, 50.465482]]}, "properties": {"osm_source_id": 26201587, "osm_target_id": 26323186, "osm_key": 0, "length_m": 133.4169381039544, "highway_type": "tertiary", "speed_kph": 40, "oneway": true, "name": "\u041a\u043e\u0441\u0442\u044f\u043d\u0442\u0438\u043d\u0456\u0432\u0441\u044c\u043a\u0430 \u0432\u0443\u043b\u0438\u0446\u044f"}}, {"type": "Feature", "geometry": {"type": "LineString", "coordinates": [[30.5142349, 50.4676355], [30.5140391, 50.4675109], [30.5137109, 50.4672988], [30.5135675, 50.4672023], [30.5131504, 50.4669245], [30.5126725, 50.4666199], [30.5126282, 50.4665916], [30.512535, 50.4665321], [30.5125183, 50.4665199]]}, "properties": {"osm_source_id": 26201589, "osm_target_id": 3791161363, "osm_key": 0, "length_m": 173.64973643460527, "highway_type": "secondary", "speed_kph": 45, "oneway": true, "name": "\u0432\u0443\u043b\u0438\u0446\u044f \u041d\u0438\u0436\u043d\u0456\u0439 \u0412\u0430\u043b"}}, {"type": "Feature", "geometry": {"type": "LineString", "coordinates": [[30.5145539, 50.467443], [30.5143897, 50.4675374], [30.5142621, 50.4676177], [30.5142349, 50.4676355]]}, "properties": {"osm_source_id": 26201590, "osm_target_id": 26201589, "osm_key": 0, "length_m": 31.121385485287842, "highway_type": "tertiary", "speed_kph": 40, "oneway": true, "name": "\u041c\u0435\u0436\u0438\u0433\u0456\u0440\u0441\u044c\u043a\u0430 \u0432\u0443\u043b\u0438\u0446\u044f"}}, {"type": "Feature", "geometry": {"type": "LineString", "coordinates": [[30.5195552, 50.4671851], [30.5194653, 50.4671247], [30.5188793, 50.4667429], [30.5185261, 50.4665096], [30.5184905, 50.4664856], [30.518111, 50.4662397], [30.5178718, 50.4660817], [30.5174532, 50.4658042], [30.5174288, 50.4657862], [30.5173626, 50.4657364], [30.5173506, 50.4657274]]}, "properties": {"osm_source_id": 26201595, "osm_target_id": 26322808, "osm_key": 0, "length_m": 225.01691532387466, "highway_type": "residential", "speed_kph": 25, "oneway": false, "name": "\u0421\u043f\u0430\u0441\u044c\u043a\u0430 \u0432\u0443\u043b\u0438\u0446\u044f"}}, {"type": "Feature", "geometry": {"type": "LineString", "coordinates": [[30.5209969, 50.4662825], [30.5209065, 50.4662207], [30.5206864, 50.4660766], [30.5206092, 50.4660218], [30.5203341, 50.4658376], [30.5202391, 50.4657744], [30.5200973, 50.4656803], [30.5200236, 50.4656393], [30.5198506, 50.4655651], [30.5196306, 50.4654754], [30.5189249, 50.4651856], [30.518901, 50.4651758], [30.5187216, 50.4650966], [30.5186233, 50.4650669], [30.518427, 50.4650392]]}, "properties": {"osm_source_id": 26201596, "osm_target_id": 11237795971, "osm_key": 0, "length_m": 231.43443555009145, "highway_type": "residential", "speed_kph": 25, "oneway": true, "name": "\u0432\u0443\u043b\u0438\u0446\u044f \u0413\u0440\u0438\u0433\u043e\u0440\u0456\u044f \u0421\u043a\u043e\u0432\u043e\u0440\u043e\u0434\u0438"}}, {"type": "Feature", "geometry": {"type": "LineString", "coordinates": [[30.5209969, 50.4662825], [30.520907, 50.4663385], [30.520201, 50.4667803], [30.5196542, 50.4671188], [30.5195869, 50.4671639], [30.5195552, 50.4671851]]}, "properties": {"osm_source_id": 26201596, "osm_target_id": 26201595, "osm_key": 0, "length_m": 143.1343308870248, "highway_type": "residential", "speed_kph": 25, "oneway": true, "name": "\u0412\u043e\u043b\u043e\u0441\u044c\u043a\u0430 \u0432\u0443\u043b\u0438\u0446\u044f"}}, {"type": "Feature", "geometry": {"type": "LineString", "coordinates": [[30.5209969, 50.4662825], [30.5210871, 50.4663426], [30.5217545, 50.4667881], [30.5220455, 50.4669813], [30.5224709, 50.4672591], [30.5225066, 50.4672824], [30.5225169, 50.4672894], [30.5225581, 50.4673177]]}, "properties": {"osm_source_id": 26201596, "osm_target_id": 26323109, "osm_key": 0, "length_m": 159.56512676572868, "highway_type": "residential", "speed_kph": 25, "oneway": false, "name": "\u0432\u0443\u043b\u0438\u0446\u044f \u0413\u0440\u0438\u0433\u043e\u0440\u0456\u044f \u0421\u043a\u043e\u0432\u043e\u0440\u043e\u0434\u0438"}}, {"type": "Feature", "geometry": {"type": "LineString", "coordinates": [[30.5078821, 50.4326138], [30.5079508, 50.432569], [30.5081927, 50.4324093], [30.5083328, 50.432306], [30.508464, 50.4321944], [30.5085843, 50.4320785], [30.5086747, 50.4319913]]}, "properties": {"osm_source_id": 26228241, "osm_target_id": 255019687, "osm_key": 0, "length_m": 89.39162957652918, "highway_type": "secondary", "speed_kph": 45, "oneway": false, "name": "\u041a\u043e\u0440\u043e\u043b\u0435\u043d\u043a\u0456\u0432\u0441\u044c\u043a\u0430 \u0432\u0443\u043b\u0438\u0446\u044f"}}, {"type": "Feature", "geometry": {"type": "LineString", "coordinates": [[30.5078821, 50.4326138], [30.5076998, 50.4327221], [30.5074868, 50.4328467], [30.5068018, 50.433242], [30.5061909, 50.4336048], [30.5060143, 50.4337091], [30.5059024, 50.4337721], [30.5057101, 50.4338816], [30.5055719, 50.4339943]]}, "properties": {"osm_source_id": 26228241, "osm_target_id": 26546563, "osm_key": 0, "length_m": 224.57149549026508, "highway_type": "secondary", "speed_kph": 45, "oneway": false, "name": "\u041a\u043e\u0440\u043e\u043b\u0435\u043d\u043a\u0456\u0432\u0441\u044c\u043a\u0430 \u0432\u0443\u043b\u0438\u0446\u044f"}}, {"type": "Feature", "geometry": {"type": "LineString", "coordinates": [[30.5085708, 50.4340874], [30.5087325, 50.4340703], [30.5089419, 50.4340538], [30.5091238, 50.4340458], [30.5091695, 50.4340438], [30.5096541, 50.4340375], [30.5101719, 50.4340307], [30.5104657, 50.4340269], [30.511005, 50.4340199], [30.5113908, 50.4340148], [30.5116326, 50.4340124], [30.5133552, 50.4339954], [30.5135914, 50.4339919]]}, "properties": {"osm_source_id": 26228242, "osm_target_id": 372980685, "osm_key": 0, "length_m": 355.95909900931764, "highway_type": "primary", "speed_kph": 55, "oneway": true, "name": "\u0416\u0438\u043b\u044f\u043d\u0441\u044c\u043a\u0430 \u0432\u0443\u043b\u0438\u0446\u044f"}}, {"type": "Feature", "geometry": {"type": "LineString", "coordinates": [[30.5085708, 50.4340874], [30.5085118, 50.4339871], [30.5084088, 50.433751], [30.5082476, 50.4333818], [30.5082295, 50.4333403], [30.5081588, 50.433181], [30.5080411, 50.4329277], [30.5079406, 50.4327128], [30.5078821, 50.4326138]]}, "properties": {"osm_source_id": 26228242, "osm_target_id": 26228241, "osm_key": 0, "length_m": 171.03566347897558, "highway_type": "tertiary", "speed_kph": 40, "oneway": true, "name": "\u0412\u043e\u043b\u043e\u0434\u0438\u043c\u0438\u0440\u0441\u044c\u043a\u0430 \u0432\u0443\u043b\u0438\u0446\u044f"}}, {"type": "Feature", "geometry": {"type": "LineString", "coordinates": [[30.528246, 50.4519134], [30.5278193, 50.4523309], [30.5277784, 50.4523609], [30.5277282, 50.4523843], [30.527671, 50.4524], [30.527603, 50.4524145], [30.5274722, 50.4524232]]}, "properties": {"osm_source_id": 26228424, "osm_target_id": 4899059359, "osm_key": 0, "length_m": 83.0086989585075, "highway_type": "secondary", "speed_kph": 45, "oneway": true, "name": "\u0404\u0432\u0440\u043e\u043f\u0435\u0439\u0441\u044c\u043a\u0430 \u043f\u043b\u043e\u0449\u0430"}}, {"type": "Feature", "geometry": {"type": "LineString", "coordinates": [[30.528246, 50.4519134], [30.5281903, 50.4520662], [30.5281487, 50.4522085], [30.5280023, 50.4526725], [30.5279623, 50.4527853]]}, "properties": {"osm_source_id": 26228424, "osm_target_id": 599414041, "osm_key": 0, "length_m": 99.02102849188879, "highway_type": "secondary", "speed_kph": 45, "oneway": true, "name": "\u0404\u0432\u0440\u043e\u043f\u0435\u0439\u0441\u044c\u043a\u0430 \u043f\u043b\u043e\u0449\u0430"}}, {"type": "Feature", "geometry": {"type": "LineString", "coordinates": [[30.5198529, 50.4408232], [30.5199091, 50.4410196]]}, "properties": {"osm_source_id": 26228435, "osm_target_id": 6072619901, "osm_key": 0, "length_m": 22.19840684370224, "highway_type": "primary", "speed_kph": 55, "oneway": true, "name": "\u0412\u0435\u043b\u0438\u043a\u0430 \u0412\u0430\u0441\u0438\u043b\u044c\u043a\u0456\u0432\u0441\u044c\u043a\u0430 \u0432\u0443\u043b\u0438\u0446\u044f"}}, {"type": "Feature", "geometry": {"type": "LineString", "coordinates": [[30.5198529, 50.4408232], [30.519953, 50.4407989], [30.5201255, 50.4407815]]}, "properties": {"osm_source_id": 26228435, "osm_target_id": 6302278919, "osm_key": 0, "length_m": 19.95459885823918, "highway_type": "primary", "speed_kph": 55, "oneway": true, "name": "\u0411\u0435\u0441\u0441\u0430\u0440\u0430\u0431\u0441\u044c\u043a\u0438\u0439 \u043f\u0440\u043e\u0457\u0437\u0434"}}, {"type": "Feature", "geometry": {"type": "LineString", "coordinates": [[30.5159386, 50.4389109], [30.515939, 50.438675], [30.5159388, 50.4386534], [30.5159384, 50.4385752], [30.5159356, 50.4383418], [30.5159354, 50.4382993], [30.5159344, 50.4381307], [30.5159333, 50.437943], [30.515932, 50.4377231], [30.5159317, 50.4375394], [30.5159295, 50.4373164], [30.5159343, 50.4367558], [30.5159348, 50.4366998], [30.5159414, 50.4361318], [30.5160244, 50.4359495]]}, "properties": {"osm_source_id": 26228436, "osm_target_id": 26201261, "osm_key": 0, "length_m": 330.1328654300802, "highway_type": "primary", "speed_kph": 55, "oneway": true, "name": "\u0412\u0435\u043b\u0438\u043a\u0430 \u0412\u0430\u0441\u0438\u043b\u044c\u043a\u0456\u0432\u0441\u044c\u043a\u0430 \u0432\u0443\u043b\u0438\u0446\u044f"}}, {"type": "Feature", "geometry": {"type": "LineString", "coordinates": [[30.5203433, 50.439121], [30.5202542, 50.4392062], [30.5200575, 50.4393942], [30.5197598, 50.4396788], [30.5194256, 50.4399982], [30.5191687, 50.4402437], [30.519137, 50.4402741], [30.5190882, 50.4403207]]}, "properties": {"osm_source_id": 26228437, "osm_target_id": 248772012, "osm_key": 0, "length_m": 160.30062417828293, "highway_type": "tertiary", "speed_kph": 40, "oneway": true, "name": "\u0420\u043e\u0433\u043d\u0456\u0434\u0438\u043d\u0441\u044c\u043a\u0430 \u0432\u0443\u043b\u0438\u0446\u044f"}}, {"type": "Feature", "geometry": {"type": "LineString", "coordinates": [[30.5203433, 50.439121], [30.5205057, 50.4391951], [30.522105, 50.4399249], [30.5221231, 50.4399332], [30.5221821, 50.4399601], [30.5223206, 50.4400233], [30.5226063, 50.4401589], [30.522815, 50.4401535]]}, "properties": {"osm_source_id": 26228437, "osm_target_id": 255137422, "osm_key": 0, "length_m": 212.28957105737877, "highway_type": "secondary", "speed_kph": 45, "oneway": true, "name": "\u0432\u0443\u043b\u0438\u0446\u044f \u0428\u043e\u0442\u0430 \u0420\u0443\u0441\u0442\u0430\u0432\u0435\u043b\u0456"}}, {"type": "Feature", "geometry": {"type": "LineString", "coordinates": [[30.5203433, 50.439121], [30.5204212, 50.4390551], [30.5204673, 50.4390162], [30.5207663, 50.4387633], [30.520993, 50.4385716], [30.5210784, 50.4384994], [30.5211646, 50.4384265]]}, "properties": {"osm_source_id": 26228437, "osm_target_id": 26201488, "osm_key": 0, "length_m": 96.67907748802978, "highway_type": "tertiary", "speed_kph": 40, "oneway": false, "name": "\u0420\u043e\u0433\u043d\u0456\u0434\u0438\u043d\u0441\u044c\u043a\u0430 \u0432\u0443\u043b\u0438\u0446\u044f"}}, {"type": "Feature", "geometry": {"type": "LineString", "coordinates": [[30.5379124, 50.4386293], [30.5378527, 50.4386582], [30.5376891, 50.4387375], [30.5376434, 50.4387628], [30.5375214, 50.4388317], [30.5374553, 50.4388651], [30.5372724, 50.4389058], [30.5370834, 50.4389367], [30.5370599, 50.4389396], [30.5369119, 50.4389579], [30.5363613, 50.439034], [30.5361358, 50.4390848], [30.5357457, 50.4392222], [30.5357096, 50.439242], [30.5356612, 50.4392686], [30.5354361, 50.439392], [30.5353767, 50.439424], [30.5352769, 50.4394513], [30.5339939, 50.4391381], [30.53393, 50.4390261], [30.5339075, 50.4390167], [30.5336645, 50.4389153], [30.533535, 50.4388613], [30.5326357, 50.4386335]]}, "properties": {"osm_source_id": 26228439, "osm_target_id": 3096614311, "osm_key": 0, "length_m": 424.68221050891555, "highway_type": "residential", "speed_kph": 25, "oneway": false, "name": "\u043f\u0440\u043e\u0432\u0443\u043b\u043e\u043a \u0406\u0432\u0430\u043d\u0430 \u041c\u0430\u0440\u02bc\u044f\u043d\u0435\u043d\u043a\u0430"}}, {"type": "Feature", "geometry": {"type": "LineString", "coordinates": [[30.5379124, 50.4386293], [30.5378875, 50.4385015], [30.5378692, 50.4384088], [30.5378589, 50.4383509], [30.5378087, 50.4380879], [30.5377776, 50.4379182], [30.5377703, 50.4378215]]}, "properties": {"osm_source_id": 26228439, "osm_target_id": 3143528697, "osm_key": 0, "length_m": 90.41057696643746, "highway_type": "tertiary", "speed_kph": 40, "oneway": false, "name": "\u041a\u043b\u043e\u0432\u0441\u044c\u043a\u0438\u0439 \u0443\u0437\u0432\u0456\u0437"}}, {"type": "Feature", "geometry": {"type": "LineString", "coordinates": [[30.5379124, 50.4386293], [30.5379402, 50.4387586], [30.5381138, 50.4395632], [30.5381258, 50.4396184], [30.5381355, 50.4396679], [30.5383039, 50.4404977], [30.5383325, 50.4406334], [30.538395, 50.4409302], [30.5384593, 50.4412558], [30.5385103, 50.4415144], [30.5385832, 50.4419029], [30.5387423, 50.4427122], [30.5388186, 50.4431543], [30.5388368, 50.44329], [30.5388433, 50.4434109], [30.5388332, 50.443474], [30.5388171, 50.4435203], [30.5387838, 50.4435706], [30.5387444, 50.4436066], [30.5382177, 50.443914], [30.5381405, 50.4439605], [30.5380747, 50.4440007]]}, "properties": {"osm_source_id": 26228439, "osm_target_id": 256367001, "osm_key": 0, "length_m": 623.6924858655632, "highway_type": "tertiary", "speed_kph": 40, "oneway": false, "name": null}}, {"type": "Feature", "geometry": {"type": "LineString", "coordinates": [[30.5379124, 50.4386293], [30.5376172, 50.4385429], [30.537205, 50.4384387], [30.5366563, 50.4383001], [30.5364309, 50.4382431], [30.5363551, 50.438224], [30.5348774, 50.4378487], [30.534773, 50.437821], [30.5336612, 50.437534], [30.5335283, 50.4374997], [30.5334666, 50.4374838], [30.5328584, 50.4373298], [30.5323077, 50.4371894], [30.5318001, 50.43706]]}, "properties": {"osm_source_id": 26228439, "osm_target_id": 26228440, "osm_key": 0, "length_m": 466.7613908602011, "highway_type": "tertiary", "speed_kph": 40, "oneway": false, "name": "\u0432\u0443\u043b\u0438\u0446\u044f \u041c\u0435\u0447\u043d\u0438\u043a\u043e\u0432\u0430"}}, {"type": "Feature", "geometry": {"type": "LineString", "coordinates": [[30.5318001, 50.43706], [30.5318742, 50.4368408], [30.5318854, 50.4368112], [30.5319546, 50.4365885], [30.5319832, 50.4365084], [30.5321497, 50.4359285]]}, "properties": {"osm_source_id": 26228440, "osm_target_id": 256254249, "osm_key": 0, "length_m": 128.247192552965, "highway_type": "residential", "speed_kph": 25, "oneway": false, "name": "\u0432\u0443\u043b\u0438\u0446\u044f \u041b\u0435\u043e\u043d\u0456\u0434\u0430 \u041f\u0435\u0440\u0432\u043e\u043c\u0430\u0439\u0441\u044c\u043a\u043e\u0433\u043e"}}, {"type": "Feature", "geometry": {"type": "LineString", "coordinates": [[30.5318001, 50.43706], [30.5323077, 50.4371894], [30.5328584, 50.4373298], [30.5334666, 50.4374838], [30.5335283, 50.4374997], [30.5336612, 50.437534], [30.534773, 50.437821], [30.5348774, 50.4378487], [30.5363551, 50.438224], [30.5364309, 50.4382431], [30.5366563, 50.4383001], [30.537205, 50.4384387], [30.5376172, 50.4385429], [30.5379124, 50.4386293]]}, "properties": {"osm_source_id": 26228440, "osm_target_id": 26228439, "osm_key": 0, "length_m": 466.7613908602012, "highway_type": "tertiary", "speed_kph": 40, "oneway": false, "name": "\u0432\u0443\u043b\u0438\u0446\u044f \u041c\u0435\u0447\u043d\u0438\u043a\u043e\u0432\u0430"}}, {"type": "Feature", "geometry": {"type": "LineString", "coordinates": [[30.5318001, 50.43706], [30.5317372, 50.4370477], [30.5316698, 50.4370382], [30.5316074, 50.4370348], [30.5315436, 50.4370383], [30.5310411, 50.4371198], [30.5306473, 50.4371837], [30.5296382, 50.4373449], [30.5295221, 50.4373636], [30.5294469, 50.4373769], [30.5289178, 50.4374674], [30.5287041, 50.4375238], [30.528502, 50.4375875], [30.5282999, 50.4376496], [30.5276705, 50.437851], [30.5275104, 50.4379022], [30.527353, 50.437954], [30.5268764, 50.4381107], [30.5266721, 50.4381989], [30.5265105, 50.4382807], [30.5262083, 50.4384661], [30.5260363, 50.4385716], [30.5260062, 50.4385901], [30.5259875, 50.4386014], [30.5259678, 50.4386129]]}, "properties": {"osm_source_id": 26228440, "osm_target_id": 12844654231, "osm_key": 0, "length_m": 457.2704777517863, "highway_type": "tertiary", "speed_kph": 40, "oneway": false, "name": "\u0432\u0443\u043b\u0438\u0446\u044f \u041c\u0435\u0447\u043d\u0438\u043a\u043e\u0432\u0430"}}, {"type": "Feature", "geometry": {"type": "LineString", "coordinates": [[30.518974, 50.4545132], [30.5190855, 50.4545585], [30.5196979, 50.4548007], [30.5198257, 50.4548507]]}, "properties": {"osm_source_id": 26303122, "osm_target_id": 26201289, "osm_key": 0, "length_m": 71.02304822564504, "highway_type": "residential", "speed_kph": 25, "oneway": false, "name": "\u0412\u043e\u043b\u043e\u0434\u0438\u043c\u0438\u0440\u0441\u044c\u043a\u0438\u0439 \u043f\u0440\u043e\u0457\u0437\u0434"}}, {"type": "Feature", "geometry": {"type": "LineString", "coordinates": [[30.518974, 50.4545132], [30.5188823, 50.4544777], [30.5179583, 50.4541048]]}, "properties": {"osm_source_id": 26303122, "osm_target_id": 26546273, "osm_key": 0, "length_m": 85.04892518603322, "highway_type": "residential", "speed_kph": 25, "oneway": false, "name": "\u0412\u043e\u043b\u043e\u0434\u0438\u043c\u0438\u0440\u0441\u044c\u043a\u0438\u0439 \u043f\u0440\u043e\u0457\u0437\u0434"}}, {"type": "Feature", "geometry": {"type": "LineString", "coordinates": [[30.5216228, 50.45372], [30.5215717, 50.4537876], [30.5212769, 50.4541887], [30.5211012, 50.4544249], [30.5210693, 50.4544679], [30.5209779, 50.4545862], [30.5206259, 50.4550119], [30.520524, 50.4550842]]}, "properties": {"osm_source_id": 26303123, "osm_target_id": 2283050232, "osm_key": 0, "length_m": 170.88950329275164, "highway_type": "secondary", "speed_kph": 45, "oneway": false, "name": "\u041c\u0438\u0445\u0430\u0439\u043b\u0456\u0432\u0441\u044c\u043a\u0430 \u0432\u0443\u043b\u0438\u0446\u044f"}}, {"type": "Feature", "geometry": {"type": "LineString", "coordinates": [[30.5216228, 50.45372], [30.5215432, 50.4536927], [30.5211783, 50.4535668], [30.5209118, 50.4534748], [30.5205472, 50.4533448], [30.5202475, 50.453238], [30.5201761, 50.4532132]]}, "properties": {"osm_source_id": 26303123, "osm_target_id": 26303124, "osm_key": 0, "length_m": 116.90627570365768, "highway_type": "residential", "speed_kph": 25, "oneway": true, "name": "\u041c\u0438\u0445\u0430\u0439\u043b\u0456\u0432\u0441\u044c\u043a\u0438\u0439 \u043f\u0440\u043e\u0432\u0443\u043b\u043e\u043a"}}, {"type": "Feature", "geometry": {"type": "LineString", "coordinates": [[30.5216228, 50.45372], [30.5216828, 50.4536374], [30.5217898, 50.453481], [30.5218253, 50.4534245], [30.5218498, 50.4533766], [30.5219241, 50.4531998], [30.5219825, 50.453046], [30.5219951, 50.4530135], [30.5220674, 50.4528156], [30.5220828, 50.4527736], [30.5221047, 50.4527067], [30.5222006, 50.4524142], [30.5222204, 50.4523536], [30.5223201, 50.4520767], [30.5224319, 50.4517497], [30.5225246, 50.4514789], [30.5225296, 50.4514678], [30.5225369, 50.4514571], [30.5225463, 50.4514471], [30.5225576, 50.451438], [30.5225707, 50.4514298], [30.5226083, 50.4514093], [30.5226451, 50.4513914], [30.5228077, 50.4513263], [30.5229056, 50.4512844], [30.5229785, 50.4512492]]}, "properties": {"osm_source_id": 26303123, "osm_target_id": 4898190102, "osm_key": 0, "length_m": 299.52001836600516, "highway_type": "secondary", "speed_kph": 45, "oneway": false, "name": null}}, {"type": "Feature", "geometry": {"type": "LineString", "coordinates": [[30.5201761, 50.4532132], [30.5201409, 50.4532504], [30.5199233, 50.4534742], [30.5196672, 50.4537572], [30.5194751, 50.4539639], [30.5191017, 50.4543843], [30.518974, 50.4545132]]}, "properties": {"osm_source_id": 26303124, "osm_target_id": 26303122, "osm_key": 0, "length_m": 167.7714523087133, "highway_type": "residential", "speed_kph": 25, "oneway": true, "name": "\u041c\u0430\u043b\u0430 \u0416\u0438\u0442\u043e\u043c\u0438\u0440\u0441\u044c\u043a\u0430 \u0432\u0443\u043b\u0438\u0446\u044f"}}, {"type": "Feature", "geometry": {"type": "LineString", "coordinates": [[30.5183916, 50.4521476], [30.5196577, 50.4518294], [30.520517, 50.4516155], [30.5208147, 50.4515419], [30.5209314, 50.451513], [30.5210905, 50.4514737], [30.5214096, 50.4513948], [30.5216643, 50.4513318], [30.5217193, 50.4513262], [30.5217741, 50.4513245], [30.5218282, 50.4513304], [30.521879, 50.4513435], [30.5219243, 50.4513632], [30.5219457, 50.451375], [30.5219575, 50.4513835], [30.5219836, 50.4514057], [30.5219958, 50.4514192], [30.5220024, 50.4514342], [30.5220029, 50.4514498], [30.5219975, 50.451465], [30.5219551, 50.451508], [30.5219465, 50.451516], [30.5216214, 50.4518372], [30.5212611, 50.4521756], [30.5211656, 50.4522627], [30.5209517, 50.452464], [30.5208337, 50.4525711], [30.5206867, 50.4527109], [30.5203968, 50.4529962], [30.5202151, 50.4531749], [30.5201761, 50.4532132]]}, "properties": {"osm_source_id": 26303135, "osm_target_id": 26303124, "osm_key": 0, "length_m": 514.892348759388, "highway_type": "residential", "speed_kph": 25, "oneway": true, "name": null}}, {"type": "Feature", "geometry": {"type": "LineString", "coordinates": [[30.5183916, 50.4521476], [30.5183633, 50.4520952], [30.5182876, 50.451935], [30.5181689, 50.4516862], [30.5180811, 50.4515054], [30.5180428, 50.4514264], [30.5180381, 50.4514168], [30.518031, 50.4514023], [30.5180204, 50.4513808]]}, "properties": {"osm_source_id": 26303135, "osm_target_id": 26303156, "osm_key": 0, "length_m": 89.22680743696857, "highway_type": "residential", "speed_kph": 25, "oneway": false, "name": "\u041c\u0438\u0445\u0430\u0439\u043b\u0456\u0432\u0441\u044c\u043a\u0438\u0439 \u043f\u0440\u043e\u0432\u0443\u043b\u043e\u043a"}}, {"type": "Feature", "geometry": {"type": "LineString", "coordinates": [[30.5183916, 50.4521476], [30.5184222, 50.4522043], [30.5185775, 50.4524913], [30.5186467, 50.4526283], [30.5186595, 50.4526481], [30.5186793, 50.4526702], [30.5186927, 50.4526902], [30.51872, 50.4527064], [30.5191434, 50.4528624]]}, "properties": {"osm_source_id": 26303135, "osm_target_id": 26546272, "osm_key": 0, "length_m": 101.32639031331206, "highway_type": "residential", "speed_kph": 25, "oneway": true, "name": "\u041c\u0438\u0445\u0430\u0439\u043b\u0456\u0432\u0441\u044c\u043a\u0438\u0439 \u043f\u0440\u043e\u0432\u0443\u043b\u043e\u043a"}}, {"type": "Feature", "geometry": {"type": "LineString", "coordinates": [[30.5136907, 50.4546758], [30.5137354, 50.4546649], [30.5144627, 50.4545373], [30.5150694, 50.4544267], [30.5164015, 50.454184], [30.5165121, 50.4541587], [30.5166829, 50.4541044]]}, "properties": {"osm_source_id": 26303143, "osm_target_id": 26201288, "osm_key": 0, "length_m": 221.40700654675214, "highway_type": "residential", "speed_kph": 25, "oneway": true, "name": "\u0420\u0438\u043b\u044c\u0441\u044c\u043a\u0438\u0439 \u043f\u0440\u043e\u0432\u0443\u043b\u043e\u043a"}}, {"type": "Feature", "geometry": {"type": "LineString", "coordinates": [[30.5136907, 50.4546758], [30.5137562, 50.4550501], [30.5137649, 50.4550997], [30.5138035, 50.4553202], [30.5137901, 50.4554051]]}, "properties": {"osm_source_id": 26303143, "osm_target_id": 26322660, "osm_key": 0, "length_m": 81.58575295822459, "highway_type": "residential", "speed_kph": 25, "oneway": true, "name": "\u0421\u0442\u0440\u0456\u043b\u0435\u0446\u044c\u043a\u0430 \u0432\u0443\u043b\u0438\u0446\u044f"}}, {"type": "Feature", "geometry": {"type": "LineString", "coordinates": [[30.5180204, 50.4513808], [30.518031, 50.4514023], [30.5180381, 50.4514168], [30.5180428, 50.4514264], [30.5180811, 50.4515054], [30.5181689, 50.4516862], [30.5182876, 50.451935], [30.5183633, 50.4520952], [30.5183916, 50.4521476]]}, "properties": {"osm_source_id": 26303156, "osm_target_id": 26303135, "osm_key": 0, "length_m": 89.22680743696857, "highway_type": "residential", "speed_kph": 25, "oneway": false, "name": "\u041c\u0438\u0445\u0430\u0439\u043b\u0456\u0432\u0441\u044c\u043a\u0438\u0439 \u043f\u0440\u043e\u0432\u0443\u043b\u043e\u043a"}}, {"type": "Feature", "geometry": {"type": "LineString", "coordinates": [[30.5180204, 50.4513808], [30.5179899, 50.4513187], [30.5179552, 50.4512475], [30.5178241, 50.4509793]]}, "properties": {"osm_source_id": 26303156, "osm_target_id": 359963926, "osm_key": 0, "length_m": 46.75817590489348, "highway_type": "residential", "speed_kph": 25, "oneway": false, "name": "\u041c\u0438\u0445\u0430\u0439\u043b\u0456\u0432\u0441\u044c\u043a\u0438\u0439 \u043f\u0440\u043e\u0432\u0443\u043b\u043e\u043a"}}, {"type": "Feature", "geometry": {"type": "LineString", "coordinates": [[30.5198902, 50.4509856], [30.5198494, 50.4509438], [30.5194776, 50.4506178], [30.5194291, 50.4505752], [30.5192393, 50.4504088], [30.5189497, 50.4501553], [30.5188967, 50.4501085], [30.5188235, 50.4500443], [30.5186704, 50.4499101], [30.5185956, 50.4498445], [30.51855, 50.449811], [30.5185021, 50.4497922], [30.5182757, 50.4497342], [30.5180913, 50.4496916], [30.5176995, 50.4496053], [30.5176444, 50.4496009], [30.5176041, 50.4496039], [30.5172907, 50.4496483], [30.5172168, 50.4496585]]}, "properties": {"osm_source_id": 26303159, "osm_target_id": 26303162, "osm_key": 0, "length_m": 260.8700017713807, "highway_type": "residential", "speed_kph": 25, "oneway": false, "name": "\u041c\u0430\u043b\u043e\u043f\u0456\u0434\u0432\u0430\u043b\u044c\u043d\u0430 \u0432\u0443\u043b\u0438\u0446\u044f"}}, {"type": "Feature", "geometry": {"type": "LineString", "coordinates": [[30.5198902, 50.4509856], [30.5186974, 50.4512377], [30.5183845, 50.4513038], [30.518251, 50.4513321], [30.5180477, 50.451375], [30.5180204, 50.4513808]]}, "properties": {"osm_source_id": 26303159, "osm_target_id": 26303156, "osm_key": 0, "length_m": 139.48824476281962, "highway_type": "residential", "speed_kph": 25, "oneway": true, "name": "\u043f\u0440\u043e\u0432\u0443\u043b\u043e\u043a \u0422\u0430\u0440\u0430\u0441\u0430 \u0428\u0435\u0432\u0447\u0435\u043d\u043a\u0430"}}, {"type": "Feature", "geometry": {"type": "LineString", "coordinates": [[30.5198902, 50.4509856], [30.5202478, 50.4509859], [30.5203139, 50.4509859], [30.5206679, 50.4509862], [30.5212556, 50.4509877], [30.5216242, 50.4509905], [30.5217331, 50.4509913], [30.5217897, 50.4509914], [30.5218223, 50.4509891], [30.5218531, 50.450982], [30.5218806, 50.4509705], [30.5219031, 50.4509553], [30.5219223, 50.4509332], [30.5219416, 50.4508956], [30.5219499, 50.4508564], [30.5219467, 50.450817], [30.5219323, 50.4507785], [30.5219071, 50.4507424], [30.521872, 50.4507098], [30.5218281, 50.4506818], [30.521611, 50.4505668], [30.5215578, 50.4505387], [30.5210222, 50.450255], [30.5209301, 50.4501897], [30.5208322, 50.4501162], [30.5207156, 50.4500257], [30.5205614, 50.4499017], [30.5204805, 50.4498177], [30.5204273, 50.4497506], [30.5203809, 50.4496803], [30.5203624, 50.4496464], [30.5202158, 50.44944], [30.5201047, 50.4492914], [30.5200502, 50.4492418], [30.5199858, 50.4491947], [30.5198897, 50.4491396], [30.5197534, 50.4490568], [30.5196959, 50.4490044], [30.5196814, 50.4489898], [30.5196717, 50.4489779], [30.5196655, 50.448966], [30.5196533, 50.4489435], [30.5196264, 50.4488737], [30.5195959, 50.4487951], [30.5195681, 50.4487233], [30.5195387, 50.4486471], [30.5195071, 50.4485653], [30.5194016, 50.4482922], [30.5193921, 50.4482677], [30.5193517, 50.448163]]}, "properties": {"osm_source_id": 26303159, "osm_target_id": 26325903, "osm_key": 0, "length_m": 518.0425076057768, "highway_type": "residential", "speed_kph": 25, "oneway": false, "name": null}}, {"type": "Feature", "geometry": {"type": "LineString", "coordinates": [[30.5172168, 50.4496585], [30.517195, 50.449605], [30.5170808, 50.4493243], [30.5169168, 50.4489211], [30.5169041, 50.4488898], [30.5168207, 50.4486846], [30.5167784, 50.4485806]]}, "properties": {"osm_source_id": 26303162, "osm_target_id": 26325907, "osm_key": 0, "length_m": 123.81147232152664, "highway_type": "residential", "speed_kph": 25, "oneway": false, "name": "\u0432\u0443\u043b\u0438\u0446\u044f \u041f\u0430\u0442\u043e\u0440\u0436\u0438\u043d\u0441\u044c\u043a\u043e\u0433\u043e"}}, {"type": "Feature", "geometry": {"type": "LineString", "coordinates": [[30.5172168, 50.4496585], [30.5172907, 50.4496483], [30.5176041, 50.4496039], [30.5176444, 50.4496009], [30.5176995, 50.4496053], [30.5180913, 50.4496916], [30.5182757, 50.4497342], [30.5185021, 50.4497922], [30.51855, 50.449811], [30.5185956, 50.4498445], [30.5186704, 50.4499101], [30.5188235, 50.4500443], [30.5188967, 50.4501085], [30.5189497, 50.4501553], [30.5192393, 50.4504088], [30.5194291, 50.4505752], [30.5194776, 50.4506178], [30.5198494, 50.4509438], [30.5198902, 50.4509856]]}, "properties": {"osm_source_id": 26303162, "osm_target_id": 26303159, "osm_key": 0, "length_m": 260.87000177138077, "highway_type": "residential", "speed_kph": 25, "oneway": false, "name": "\u041c\u0430\u043b\u043e\u043f\u0456\u0434\u0432\u0430\u043b\u044c\u043d\u0430 \u0432\u0443\u043b\u0438\u0446\u044f"}}, {"type": "Feature", "geometry": {"type": "LineString", "coordinates": [[30.5172168, 50.4496585], [30.5171356, 50.4496715], [30.5167567, 50.449732], [30.5155485, 50.4499249], [30.5151546, 50.4499879], [30.5149993, 50.4500127]]}, "properties": {"osm_source_id": 26303162, "osm_target_id": 26303203, "osm_key": 0, "length_m": 161.87211068270548, "highway_type": "residential", "speed_kph": 25, "oneway": false, "name": "\u041c\u0430\u043b\u043e\u043f\u0456\u0434\u0432\u0430\u043b\u044c\u043d\u0430 \u0432\u0443\u043b\u0438\u0446\u044f"}}, {"type": "Feature", "geometry": {"type": "LineString", "coordinates": [[30.5172168, 50.4496585], [30.5172387, 50.4497124], [30.5174307, 50.4501846], [30.5175005, 50.4503562], [30.5176943, 50.4508328]]}, "properties": {"osm_source_id": 26303162, "osm_target_id": 26546092, "osm_key": 0, "length_m": 134.88221186490392, "highway_type": "residential", "speed_kph": 25, "oneway": false, "name": "\u0432\u0443\u043b\u0438\u0446\u044f \u041f\u0430\u0442\u043e\u0440\u0436\u0438\u043d\u0441\u044c\u043a\u043e\u0433\u043e"}}, {"type": "Feature", "geometry": {"type": "LineString", "coordinates": [[30.525482, 50.4534734], [30.5254231, 50.45345], [30.5253952, 50.4534344], [30.5253693, 50.4534156], [30.525344, 50.4533869], [30.5253319, 50.453349], [30.5253401, 50.4533157], [30.5253757, 50.4532493]]}, "properties": {"osm_source_id": 26303179, "osm_target_id": 599414000, "osm_key": 0, "length_m": 29.834593929850712, "highway_type": "residential", "speed_kph": 25, "oneway": false, "name": "\u041a\u043e\u0441\u0442\u0435\u043b\u044c\u043d\u0430 \u0432\u0443\u043b\u0438\u0446\u044f"}}, {"type": "Feature", "geometry": {"type": "LineString", "coordinates": [[30.525482, 50.4534734], [30.5253979, 50.453576], [30.5249178, 50.454161], [30.5247498, 50.4543472], [30.524715, 50.4543749], [30.5246762, 50.4543997], [30.524651, 50.4544132], [30.5246161, 50.4544319], [30.5245747, 50.4544481], [30.5245144, 50.4544688], [30.5242803, 50.4545432], [30.5235224, 50.4547808]]}, "properties": {"osm_source_id": 26303179, "osm_target_id": 2607878567, "osm_key": 0, "length_m": 210.16076112968972, "highway_type": "residential", "speed_kph": 25, "oneway": false, "name": "\u0422\u0440\u044c\u043e\u0445\u0441\u0432\u044f\u0442\u0438\u0442\u0435\u043b\u044c\u0441\u044c\u043a\u0430 \u0432\u0443\u043b\u0438\u0446\u044f"}}, {"type": "Feature", "geometry": {"type": "LineString", "coordinates": [[30.525482, 50.4534734], [30.5256079, 50.4533412], [30.5256792, 50.4532836], [30.5257494, 50.4532274], [30.5259738, 50.4530766], [30.5261382, 50.4529844], [30.5265271, 50.4527714], [30.5265492, 50.4527581], [30.5269832, 50.4525228], [30.5270283, 50.4524975], [30.5272046, 50.4524013]]}, "properties": {"osm_source_id": 26303179, "osm_target_id": 6335290736, "osm_key": 0, "length_m": 171.4644174062761, "highway_type": "residential", "speed_kph": 25, "oneway": false, "name": "\u0422\u0440\u044c\u043e\u0445\u0441\u0432\u044f\u0442\u0438\u0442\u0435\u043b\u044c\u0441\u044c\u043a\u0430 \u0432\u0443\u043b\u0438\u0446\u044f"}}, {"type": "Feature", "geometry": {"type": "LineString", "coordinates": [[30.5149993, 50.4500127], [30.5151546, 50.4499879], [30.5155485, 50.4499249], [30.5167567, 50.449732], [30.5171356, 50.4496715], [30.5172168, 50.4496585]]}, "properties": {"osm_source_id": 26303203, "osm_target_id": 26303162, "osm_key": 0, "length_m": 161.87211068270548, "highway_type": "residential", "speed_kph": 25, "oneway": false, "name": "\u041c\u0430\u043b\u043e\u043f\u0456\u0434\u0432\u0430\u043b\u044c\u043d\u0430 \u0432\u0443\u043b\u0438\u0446\u044f"}}, {"type": "Feature", "geometry": {"type": "LineString", "coordinates": [[30.5149993, 50.4500127], [30.5151249, 50.4503261], [30.5151524, 50.4503948], [30.5155156, 50.451292]]}, "properties": {"osm_source_id": 26303203, "osm_target_id": 26201279, "osm_key": 0, "length_m": 146.87382270259454, "highway_type": "secondary", "speed_kph": 45, "oneway": false, "name": "\u0412\u043e\u043b\u043e\u0434\u0438\u043c\u0438\u0440\u0441\u044c\u043a\u0430 \u0432\u0443\u043b\u0438\u0446\u044f"}}, {"type": "Feature", "geometry": {"type": "LineString", "coordinates": [[30.5149993, 50.4500127], [30.5149763, 50.4499544], [30.5148964, 50.4497519], [30.5148231, 50.449566], [30.5146162, 50.4490418], [30.5145758, 50.4489393]]}, "properties": {"osm_source_id": 26303203, "osm_target_id": 26201280, "osm_key": 0, "length_m": 123.06578197135248, "highway_type": "secondary", "speed_kph": 45, "oneway": false, "name": "\u0412\u043e\u043b\u043e\u0434\u0438\u043c\u0438\u0440\u0441\u044c\u043a\u0430 \u0432\u0443\u043b\u0438\u0446\u044f"}}, {"type": "Feature", "geometry": {"type": "LineString", "coordinates": [[30.4970439, 50.4437214], [30.4971837, 50.4437815], [30.4975351, 50.4439325], [30.4977276, 50.4440152], [30.4978264, 50.4440583], [30.4979906, 50.444131], [30.4985091, 50.4443606], [30.498743, 50.4444622], [30.4988571, 50.444515]]}, "properties": {"osm_source_id": 26303477, "osm_target_id": 294975564, "osm_key": 0, "length_m": 155.8041728001984, "highway_type": "secondary", "speed_kph": 45, "oneway": false, "name": "\u0432\u0443\u043b\u0438\u0446\u044f \u0421\u0438\u043c\u043e\u043d\u0430 \u041f\u0435\u0442\u043b\u044e\u0440\u0438"}}, {"type": "Feature", "geometry": {"type": "LineString", "coordinates": [[30.4970439, 50.4437214], [30.4968625, 50.4436449], [30.4962965, 50.4434057], [30.4956965, 50.4431504], [30.4955183, 50.4430741], [30.4952418, 50.4429557], [30.4950471, 50.4428743]]}, "properties": {"osm_source_id": 26303477, "osm_target_id": 26051762, "osm_key": 0, "length_m": 169.90248201854143, "highway_type": "secondary", "speed_kph": 45, "oneway": false, "name": "\u0432\u0443\u043b\u0438\u0446\u044f \u0421\u0438\u043c\u043e\u043d\u0430 \u041f\u0435\u0442\u043b\u044e\u0440\u0438"}}, {"type": "Feature", "geometry": {"type": "LineString", "coordinates": [[30.4997485, 50.4411651], [30.4999609, 50.4412631], [30.5002835, 50.4414042], [30.5003799, 50.4414478], [30.501239, 50.441819], [30.501297, 50.4418439], [30.5014096, 50.4418929], [30.5014905, 50.4419265], [30.5014998, 50.4419303]]}, "properties": {"osm_source_id": 26303483, "osm_target_id": 26546430, "osm_key": 0, "length_m": 150.41275629383932, "highway_type": "secondary", "speed_kph": 45, "oneway": false, "name": "\u0432\u0443\u043b\u0438\u0446\u044f \u0413\u0435\u0442\u044c\u043c\u0430\u043d\u0430 \u041f\u0430\u0432\u043b\u0430 \u0421\u043a\u043e\u0440\u043e\u043f\u0430\u0434\u0441\u044c\u043a\u043e\u0433\u043e"}}, {"type": "Feature", "geometry": {"type": "LineString", "coordinates": [[30.4997485, 50.4411651], [30.4996033, 50.4413031], [30.499344, 50.441541], [30.4992032, 50.4416771], [30.4991372, 50.4417428], [30.49875, 50.4421058], [30.498475, 50.442366], [30.4982117, 50.4426169], [30.4981806, 50.4426445], [30.4978138, 50.4429906], [30.4977585, 50.4430439], [30.4971349, 50.4436374], [30.4970439, 50.4437214]]}, "properties": {"osm_source_id": 26303483, "osm_target_id": 26303477, "osm_key": 0, "length_m": 342.7625352051255, "highway_type": "primary", "speed_kph": 55, "oneway": true, "name": "\u0432\u0443\u043b\u0438\u0446\u044f \u0421\u0430\u043a\u0441\u0430\u0433\u0430\u043d\u0441\u044c\u043a\u043e\u0433\u043e"}}, {"type": "Feature", "geometry": {"type": "LineString", "coordinates": [[30.4997485, 50.4411651], [30.4995141, 50.441069], [30.4990635, 50.4408756], [30.4988281, 50.4407731], [30.4986783, 50.4407091], [30.4979343, 50.4403906], [30.4977371, 50.4403067]]}, "properties": {"osm_source_id": 26303483, "osm_target_id": 26337558, "osm_key": 0, "length_m": 171.47011743469625, "highway_type": "secondary", "speed_kph": 45, "oneway": false, "name": "\u0432\u0443\u043b\u0438\u0446\u044f \u0413\u0435\u0442\u044c\u043c\u0430\u043d\u0430 \u041f\u0430\u0432\u043b\u0430 \u0421\u043a\u043e\u0440\u043e\u043f\u0430\u0434\u0441\u044c\u043a\u043e\u0433\u043e"}}, {"type": "Feature", "geometry": {"type": "LineString", "coordinates": [[30.5450063, 50.4429688], [30.5449516, 50.4428394], [30.5449371, 50.4428052], [30.5448591, 50.4426168], [30.5448492, 50.4425918], [30.5448216, 50.4425014], [30.5447957, 50.4423632], [30.5447731, 50.4419537], [30.5447707, 50.4419037]]}, "properties": {"osm_source_id": 26304257, "osm_target_id": 2933850361, "osm_key": 0, "length_m": 120.21335592673142, "highway_type": "secondary", "speed_kph": 45, "oneway": true, "name": "\u0432\u0443\u043b\u0438\u0446\u044f \u041a\u043d\u044f\u0437\u0456\u0432 \u041e\u0441\u0442\u0440\u043e\u0437\u044c\u043a\u0438\u0445"}}, {"type": "Feature", "geometry": {"type": "LineString", "coordinates": [[30.5450063, 50.4429688], [30.5450716, 50.4429606], [30.5451117, 50.4429555], [30.5451624, 50.4429504], [30.5451817, 50.4429484], [30.5452605, 50.4429702], [30.5453546, 50.4430022], [30.5457126, 50.4431415], [30.5461132, 50.4432975], [30.5461549, 50.4433159], [30.5462113, 50.4433466]]}, "properties": {"osm_source_id": 26304257, "osm_target_id": 1835828687, "osm_key": 0, "length_m": 98.07298694580251, "highway_type": "residential", "speed_kph": 25, "oneway": false, "name": "\u0406\u043d\u0436\u0435\u043d\u0435\u0440\u043d\u0438\u0439 \u043f\u0440\u043e\u0432\u0443\u043b\u043e\u043a"}}, {"type": "Feature", "geometry": {"type": "LineString", "coordinates": [[30.5450063, 50.4429688], [30.5450869, 50.4431262], [30.5452698, 50.4434772], [30.5453696, 50.4436686], [30.545427, 50.4437681]]}, "properties": {"osm_source_id": 26304257, "osm_target_id": 10980713, "osm_key": 0, "length_m": 93.74397534246401, "highway_type": "secondary", "speed_kph": 45, "oneway": false, "name": "\u0432\u0443\u043b\u0438\u0446\u044f \u041a\u043d\u044f\u0437\u0456\u0432 \u041e\u0441\u0442\u0440\u043e\u0437\u044c\u043a\u0438\u0445"}}, {"type": "Feature", "geometry": {"type": "LineString", "coordinates": [[30.5449091, 50.4359492], [30.5453213, 50.4359538]]}, "properties": {"osm_source_id": 26304258, "osm_target_id": 5549538916, "osm_key": 0, "length_m": 29.198397097037574, "highway_type": "secondary", "speed_kph": 45, "oneway": true, "name": "\u0432\u0443\u043b\u0438\u0446\u044f \u041c\u0438\u0445\u0430\u0439\u043b\u0430 \u041e\u043c\u0435\u043b\u044f\u043d\u043e\u0432\u0438\u0447\u0430-\u041f\u0430\u0432\u043b\u0435\u043d\u043a\u0430"}}, {"type": "Feature", "geometry": {"type": "LineString", "coordinates": [[30.5449091, 50.4359492], [30.5450216, 50.435491]]}, "properties": {"osm_source_id": 26304258, "osm_target_id": 4872630756, "osm_key": 0, "length_m": 51.568851679182956, "highway_type": "secondary", "speed_kph": 45, "oneway": false, "name": "\u0432\u0443\u043b\u0438\u0446\u044f \u041a\u043d\u044f\u0437\u0456\u0432 \u041e\u0441\u0442\u0440\u043e\u0437\u044c\u043a\u0438\u0445"}}, {"type": "Feature", "geometry": {"type": "LineString", "coordinates": [[30.5449091, 50.4359492], [30.5448331, 50.435949], [30.5447588, 50.4359508], [30.5445566, 50.4359651], [30.5441438, 50.4360443], [30.542053, 50.4364798]]}, "properties": {"osm_source_id": 26304258, "osm_target_id": 256343532, "osm_key": 0, "length_m": 211.38775106831469, "highway_type": "tertiary", "speed_kph": 40, "oneway": false, "name": "\u041a\u043b\u043e\u0432\u0441\u044c\u043a\u0438\u0439 \u0443\u0437\u0432\u0456\u0437"}}, {"type": "Feature", "geometry": {"type": "LineString", "coordinates": [[30.5449853, 50.4324896], [30.5452258, 50.4324484], [30.5452774, 50.4324397], [30.5459424, 50.4323336], [30.546056, 50.4323234], [30.5461678, 50.4323188], [30.5462664, 50.4323265], [30.5468425, 50.4324462], [30.5469321, 50.4324672], [30.5480339, 50.4327258], [30.5481394, 50.4327491], [30.5482681, 50.4327834]]}, "properties": {"osm_source_id": 26304267, "osm_target_id": 256879791, "osm_key": 0, "length_m": 243.7177302132027, "highway_type": "tertiary", "speed_kph": 40, "oneway": false, "name": "\u0426\u0438\u0442\u0430\u0434\u0435\u043b\u044c\u043d\u0430 \u0432\u0443\u043b\u0438\u0446\u044f"}}, {"type": "Feature", "geometry": {"type": "LineString", "coordinates": [[30.5449853, 50.4324896], [30.5448973, 50.4323512], [30.5448492, 50.4322629], [30.544812, 50.4321982], [30.544769, 50.4321525], [30.5445609, 50.4320007]]}, "properties": {"osm_source_id": 26304267, "osm_target_id": 256239863, "osm_key": 0, "length_m": 62.99195999859425, "highway_type": "secondary", "speed_kph": 45, "oneway": true, "name": "\u0432\u0443\u043b\u0438\u0446\u044f \u041a\u043d\u044f\u0437\u0456\u0432 \u041e\u0441\u0442\u0440\u043e\u0437\u044c\u043a\u0438\u0445"}}, {"type": "Feature", "geometry": {"type": "LineString", "coordinates": [[30.5449853, 50.4324896], [30.545012, 50.4326317], [30.5450287, 50.4327327], [30.5450491, 50.432883]]}, "properties": {"osm_source_id": 26304267, "osm_target_id": 256239867, "osm_key": 0, "length_m": 43.98138107572174, "highway_type": "secondary", "speed_kph": 45, "oneway": false, "name": "\u0432\u0443\u043b\u0438\u0446\u044f \u041a\u043d\u044f\u0437\u0456\u0432 \u041e\u0441\u0442\u0440\u043e\u0437\u044c\u043a\u0438\u0445"}}, {"type": "Feature", "geometry": {"type": "LineString", "coordinates": [[30.5218736, 50.4631639], [30.5217801, 50.4631056], [30.5211491, 50.4627121], [30.5209763, 50.4626043], [30.5203364, 50.4622052]]}, "properties": {"osm_source_id": 26318785, "osm_target_id": 5557758232, "osm_key": 0, "length_m": 152.32789820583326, "highway_type": "residential", "speed_kph": 25, "oneway": false, "name": "\u0411\u043e\u0440\u0438\u0441\u043e\u0433\u043b\u0456\u0431\u0441\u044c\u043a\u0430 \u0432\u0443\u043b\u0438\u0446\u044f"}}, {"type": "Feature", "geometry": {"type": "LineString", "coordinates": [[30.5218736, 50.4631639], [30.5220172, 50.4632501], [30.5222593, 50.4633997], [30.5226186, 50.4636217], [30.5233385, 50.4640681], [30.523357, 50.4640792], [30.5238451, 50.4643848], [30.5239473, 50.4644476]]}, "properties": {"osm_source_id": 26318785, "osm_target_id": 26322826, "osm_key": 0, "length_m": 204.74692715921722, "highway_type": "residential", "speed_kph": 25, "oneway": true, "name": "\u0411\u043e\u0440\u0438\u0441\u043e\u0433\u043b\u0456\u0431\u0441\u044c\u043a\u0430 \u0432\u0443\u043b\u0438\u0446\u044f"}}, {"type": "Feature", "geometry": {"type": "LineString", "coordinates": [[30.5233566, 50.4621842], [30.5234591, 50.4622478], [30.5236141, 50.4623427], [30.5247776, 50.463055], [30.5250798, 50.4632403], [30.525146, 50.4632648], [30.5252188, 50.4632803], [30.5252682, 50.4632781], [30.5253092, 50.4632723], [30.5253741, 50.4632483], [30.5254648, 50.463195]]}, "properties": {"osm_source_id": 26318786, "osm_target_id": 26318787, "osm_key": 0, "length_m": 200.70085186121176, "highway_type": "residential", "speed_kph": 25, "oneway": true, "name": "\u0410\u043d\u0434\u0440\u0456\u0457\u0432\u0441\u044c\u043a\u0430 \u0432\u0443\u043b\u0438\u0446\u044f"}}, {"type": "Feature", "geometry": {"type": "LineString", "coordinates": [[30.5233566, 50.4621842], [30.5234485, 50.4621268], [30.5238039, 50.4618938], [30.5238426, 50.4618692], [30.5238851, 50.4618405], [30.5243502, 50.4615138], [30.5245852, 50.461354], [30.5246728, 50.4612973]]}, "properties": {"osm_source_id": 26318786, "osm_target_id": 26318788, "osm_key": 0, "length_m": 135.6931449724389, "highway_type": "residential", "speed_kph": 25, "oneway": false, "name": "\u0411\u0440\u0430\u0442\u0441\u044c\u043a\u0430 \u0432\u0443\u043b\u0438\u0446\u044f"}}, {"type": "Feature", "geometry": {"type": "LineString", "coordinates": [[30.5233566, 50.4621842], [30.5233047, 50.4622176], [30.523271, 50.4622393], [30.5222496, 50.4629145], [30.5219671, 50.4631013], [30.5218736, 50.4631639]]}, "properties": {"osm_source_id": 26318786, "osm_target_id": 26318785, "osm_key": 0, "length_m": 151.28516795384806, "highway_type": "residential", "speed_kph": 25, "oneway": true, "name": "\u0411\u0440\u0430\u0442\u0441\u044c\u043a\u0430 \u0432\u0443\u043b\u0438\u0446\u044f"}}, {"type": "Feature", "geometry": {"type": "LineString", "coordinates": [[30.5254648, 50.463195], [30.5258475, 50.4614202]]}, "properties": {"osm_source_id": 26318787, "osm_target_id": 26318794, "osm_key": 0, "length_m": 199.1996040576178, "highway_type": "primary", "speed_kph": 55, "oneway": true, "name": "\u041d\u0430\u0431\u0435\u0440\u0435\u0436\u043d\u043e-\u0425\u0440\u0435\u0449\u0430\u0442\u0438\u0446\u044c\u043a\u0430 \u0432\u0443\u043b\u0438\u0446\u044f"}}, {"type": "Feature", "geometry": {"type": "LineString", "coordinates": [[30.5246728, 50.4612973], [30.5249526, 50.4613266], [30.52552, 50.4613859], [30.5255614, 50.4613902], [30.5256151, 50.4613959], [30.5258475, 50.4614202]]}, "properties": {"osm_source_id": 26318788, "osm_target_id": 26318794, "osm_key": 0, "length_m": 84.26854079717862, "highway_type": "residential", "speed_kph": 25, "oneway": false, "name": "\u0406\u0433\u043e\u0440\u0456\u0432\u0441\u044c\u043a\u0430 \u0432\u0443\u043b\u0438\u0446\u044f"}}, {"type": "Feature", "geometry": {"type": "LineString", "coordinates": [[30.5246728, 50.4612973], [30.5245852, 50.461354], [30.5243502, 50.4615138], [30.5238851, 50.4618405], [30.5238426, 50.4618692], [30.5238039, 50.4618938], [30.5234485, 50.4621268], [30.5233566, 50.4621842]]}, "properties": {"osm_source_id": 26318788, "osm_target_id": 26318786, "osm_key": 0, "length_m": 135.6931449724389, "highway_type": "residential", "speed_kph": 25, "oneway": false, "name": "\u0411\u0440\u0430\u0442\u0441\u044c\u043a\u0430 \u0432\u0443\u043b\u0438\u0446\u044f"}}, {"type": "Feature", "geometry": {"type": "LineString", "coordinates": [[30.520617, 50.4639836], [30.5204897, 50.4639176], [30.5201352, 50.4637742]]}, "properties": {"osm_source_id": 26318791, "osm_target_id": 5600659146, "osm_key": 0, "length_m": 41.351429603272955, "highway_type": "residential", "speed_kph": 25, "oneway": false, "name": "\u0406\u043b\u043b\u0456\u043d\u0441\u044c\u043a\u0430 \u0432\u0443\u043b\u0438\u0446\u044f"}}, {"type": "Feature", "geometry": {"type": "LineString", "coordinates": [[30.520617, 50.4639836], [30.5206468, 50.4639639], [30.5207388, 50.4639072], [30.5216751, 50.4632991], [30.5217603, 50.4632408], [30.5218736, 50.4631639]]}, "properties": {"osm_source_id": 26318791, "osm_target_id": 26318785, "osm_key": 0, "length_m": 127.36319051441745, "highway_type": "residential", "speed_kph": 25, "oneway": true, "name": "\u0411\u0440\u0430\u0442\u0441\u044c\u043a\u0430 \u0432\u0443\u043b\u0438\u0446\u044f"}}, {"type": "Feature", "geometry": {"type": "LineString", "coordinates": [[30.5150341, 50.4624847], [30.5164317, 50.4615653], [30.5165478, 50.4614865]]}, "properties": {"osm_source_id": 26318793, "osm_target_id": 4574269179, "osm_key": 0, "length_m": 154.2758760965202, "highway_type": "residential", "speed_kph": 25, "oneway": false, "name": "\u0432\u0443\u043b\u0438\u0446\u044f \u0411\u043e\u0440\u0438\u0447\u0456\u0432 \u0422\u0456\u043a"}}, {"type": "Feature", "geometry": {"type": "LineString", "coordinates": [[30.5150341, 50.4624847], [30.5159144, 50.4630627], [30.5159479, 50.4630897], [30.5160335, 50.4631868]]}, "properties": {"osm_source_id": 26318793, "osm_target_id": 11895718550, "osm_key": 0, "length_m": 105.72472117789482, "highway_type": "residential", "speed_kph": 25, "oneway": true, "name": "\u0424\u0440\u043e\u043b\u0456\u0432\u0441\u044c\u043a\u0430 \u0432\u0443\u043b\u0438\u0446\u044f"}}, {"type": "Feature", "geometry": {"type": "LineString", "coordinates": [[30.5150341, 50.4624847], [30.514989, 50.4624552], [30.5145699, 50.4621808], [30.5141916, 50.461928]]}, "properties": {"osm_source_id": 26318793, "osm_target_id": 2763664955, "osm_key": 0, "length_m": 85.9570733730926, "highway_type": "residential", "speed_kph": 25, "oneway": false, "name": "\u0424\u0440\u043e\u043b\u0456\u0432\u0441\u044c\u043a\u0430 \u0432\u0443\u043b\u0438\u0446\u044f"}}, {"type": "Feature", "geometry": {"type": "LineString", "coordinates": [[30.5258475, 50.4614202], [30.5256151, 50.4613959], [30.5255614, 50.4613902], [30.52552, 50.4613859], [30.5249526, 50.4613266], [30.5246728, 50.4612973]]}, "properties": {"osm_source_id": 26318794, "osm_target_id": 26318788, "osm_key": 0, "length_m": 84.2685407971786, "highway_type": "residential", "speed_kph": 25, "oneway": false, "name": "\u0406\u0433\u043e\u0440\u0456\u0432\u0441\u044c\u043a\u0430 \u0432\u0443\u043b\u0438\u0446\u044f"}}, {"type": "Feature", "geometry": {"type": "LineString", "coordinates": [[30.5258475, 50.4614202], [30.5259647, 50.4607927], [30.5259907, 50.4606537], [30.5260064, 50.4605697]]}, "properties": {"osm_source_id": 26318794, "osm_target_id": 2439280164, "osm_key": 0, "length_m": 95.2379787231089, "highway_type": "primary", "speed_kph": 55, "oneway": true, "name": "\u041d\u0430\u0431\u0435\u0440\u0435\u0436\u043d\u043e-\u0425\u0440\u0435\u0449\u0430\u0442\u0438\u0446\u044c\u043a\u0430 \u0432\u0443\u043b\u0438\u0446\u044f"}}, {"type": "Feature", "geometry": {"type": "LineString", "coordinates": [[30.5171995, 50.4631283], [30.5172657, 50.4630678], [30.5177302, 50.4626208], [30.5178408, 50.4624915], [30.517905, 50.4623431], [30.5179219, 50.4623033], [30.5179595, 50.4622191], [30.5180472, 50.46203], [30.5183048, 50.4614593], [30.5183233, 50.4614311], [30.5183585, 50.4613927], [30.5184098, 50.4613631], [30.5184875, 50.4613355], [30.5189512, 50.4612164], [30.5198181, 50.4609938], [30.5199677, 50.4609552], [30.5202668, 50.4608758], [30.5208195, 50.4607297], [30.520853, 50.4607196], [30.5209724, 50.4606835]]}, "properties": {"osm_source_id": 26318819, "osm_target_id": 140608833, "osm_key": 0, "length_m": 413.36395695452455, "highway_type": "tertiary", "speed_kph": 40, "oneway": true, "name": null}}, {"type": "Feature", "geometry": {"type": "LineString", "coordinates": [[30.5171995, 50.4631283], [30.5171806, 50.4631516], [30.5167846, 50.4636398]]}, "properties": {"osm_source_id": 26318819, "osm_target_id": 256568258, "osm_key": 0, "length_m": 64.01091926218962, "highway_type": "tertiary", "speed_kph": 40, "oneway": false, "name": "\u041a\u043e\u043d\u0442\u0440\u0430\u043a\u0442\u043e\u0432\u0430 \u043f\u043b\u043e\u0449\u0430"}}, {"type": "Feature", "geometry": {"type": "LineString", "coordinates": [[30.5021515, 50.4564385], [30.5023387, 50.4563902], [30.5024242, 50.4563666], [30.5024411, 50.4563619], [30.504217, 50.4558794], [30.504237, 50.4558739], [30.5043229, 50.4558501], [30.5047804, 50.4557232]]}, "properties": {"osm_source_id": 26318822, "osm_target_id": 26318827, "osm_key": 0, "length_m": 202.39895253595452, "highway_type": "secondary", "speed_kph": 45, "oneway": false, "name": "\u0432\u0443\u043b\u0438\u0446\u044f \u0421\u0456\u0447\u043e\u0432\u0438\u0445 \u0421\u0442\u0440\u0456\u043b\u044c\u0446\u0456\u0432"}}, {"type": "Feature", "geometry": {"type": "LineString", "coordinates": [[30.5021515, 50.4564385], [30.5020169, 50.4564706], [30.5019311, 50.4564808], [30.5018422, 50.4564871]]}, "properties": {"osm_source_id": 26318822, "osm_target_id": 26318823, "osm_key": 0, "length_m": 22.68699281554209, "highway_type": "secondary", "speed_kph": 45, "oneway": false, "name": "\u0432\u0443\u043b\u0438\u0446\u044f \u0421\u0456\u0447\u043e\u0432\u0438\u0445 \u0421\u0442\u0440\u0456\u043b\u044c\u0446\u0456\u0432"}}, {"type": "Feature", "geometry": {"type": "LineString", "coordinates": [[30.5021515, 50.4564385], [30.5021192, 50.4563184], [30.5020075, 50.4559211], [30.5019185, 50.4556048], [30.5017419, 50.454985], [30.5016977, 50.4548277], [30.5015674, 50.4543624], [30.5015417, 50.4542826]]}, "properties": {"osm_source_id": 26318822, "osm_target_id": 270047391, "osm_key": 0, "length_m": 243.58503478734033, "highway_type": "residential", "speed_kph": 25, "oneway": false, "name": "\u041e\u0431\u0441\u0435\u0440\u0432\u0430\u0442\u043e\u0440\u043d\u0430 \u0432\u0443\u043b\u0438\u0446\u044f"}}, {"type": "Feature", "geometry": {"type": "LineString", "coordinates": [[30.5018422, 50.4564871], [30.501227, 50.4564685]]}, "properties": {"osm_source_id": 26318823, "osm_target_id": 648874994, "osm_key": 0, "length_m": 43.60150351366365, "highway_type": "secondary", "speed_kph": 45, "oneway": false, "name": "\u0432\u0443\u043b\u0438\u0446\u044f \u0421\u0456\u0447\u043e\u0432\u0438\u0445 \u0421\u0442\u0440\u0456\u043b\u044c\u0446\u0456\u0432"}}, {"type": "Feature", "geometry": {"type": "LineString", "coordinates": [[30.5018422, 50.4564871], [30.5018398, 50.4565625], [30.5018354, 50.4569144], [30.5018114, 50.4569518], [30.5017811, 50.4569876], [30.5017204, 50.4570326]]}, "properties": {"osm_source_id": 26318823, "osm_target_id": 9273369975, "osm_key": 0, "length_m": 63.12662510850578, "highway_type": "residential", "speed_kph": 25, "oneway": true, "name": "\u041a\u0443\u0434\u0440\u044f\u0432\u0441\u044c\u043a\u0430 \u0432\u0443\u043b\u0438\u0446\u044f"}}, {"type": "Feature", "geometry": {"type": "LineString", "coordinates": [[30.5018422, 50.4564871], [30.5019311, 50.4564808], [30.5020169, 50.4564706], [30.5021515, 50.4564385]]}, "properties": {"osm_source_id": 26318823, "osm_target_id": 26318822, "osm_key": 0, "length_m": 22.68699281554209, "highway_type": "secondary", "speed_kph": 45, "oneway": false, "name": "\u0432\u0443\u043b\u0438\u0446\u044f \u0421\u0456\u0447\u043e\u0432\u0438\u0445 \u0421\u0442\u0440\u0456\u043b\u044c\u0446\u0456\u0432"}}, {"type": "Feature", "geometry": {"type": "LineString", "coordinates": [[30.4974649, 50.4563463], [30.4974623, 50.4562683], [30.4974738, 50.4562171], [30.4976907, 50.4556976], [30.4977093, 50.4556531], [30.4977952, 50.4554473], [30.4978399, 50.45534], [30.4979464, 50.4550934], [30.4981169, 50.4547432], [30.4982501, 50.4545107], [30.4982906, 50.454444], [30.4983062, 50.4544184], [30.4983512, 50.4543439]]}, "properties": {"osm_source_id": 26318824, "osm_target_id": 270047383, "osm_key": 0, "length_m": 231.94698037309516, "highway_type": "residential", "speed_kph": 25, "oneway": false, "name": "\u0432\u0443\u043b\u0438\u0446\u044f \u0406\u0432\u0430\u043d\u0430 \u0414\u0440\u0430\u0447\u0430"}}, {"type": "Feature", "geometry": {"type": "LineString", "coordinates": [[30.4974649, 50.4563463], [30.497327, 50.4563418], [30.4965687, 50.4563224], [30.4962628, 50.4563142], [30.4958719, 50.4563037], [30.4957889, 50.4563015]]}, "properties": {"osm_source_id": 26318824, "osm_target_id": 440630234, "osm_key": 0, "length_m": 118.75604004331291, "highway_type": "secondary", "speed_kph": 45, "oneway": false, "name": "\u0432\u0443\u043b\u0438\u0446\u044f \u0421\u0456\u0447\u043e\u0432\u0438\u0445 \u0421\u0442\u0440\u0456\u043b\u044c\u0446\u0456\u0432"}}, {"type": "Feature", "geometry": {"type": "LineString", "coordinates": [[30.4974649, 50.4563463], [30.4975881, 50.4563509], [30.4979512, 50.4563626], [30.4981059, 50.4563669], [30.4982219, 50.4563713], [30.4984242, 50.4563789], [30.4990543, 50.4564027], [30.4998745, 50.4564261], [30.5000855, 50.4564321], [30.5009589, 50.4564607], [30.5010794, 50.4564636], [30.501227, 50.4564685]]}, "properties": {"osm_source_id": 26318824, "osm_target_id": 648874994, "osm_key": 0, "length_m": 266.6856190759087, "highway_type": "secondary", "speed_kph": 45, "oneway": false, "name": "\u0432\u0443\u043b\u0438\u0446\u044f \u0421\u0456\u0447\u043e\u0432\u0438\u0445 \u0421\u0442\u0440\u0456\u043b\u044c\u0446\u0456\u0432"}}, {"type": "Feature", "geometry": {"type": "LineString", "coordinates": [[30.5047804, 50.4557232], [30.5048026, 50.4557592], [30.5048252, 50.4557933], [30.5055552, 50.4568808], [30.5056019, 50.4569501], [30.5056615, 50.4570386], [30.505682, 50.4570689]]}, "properties": {"osm_source_id": 26318827, "osm_target_id": 26546255, "osm_key": 0, "length_m": 162.68169285820287, "highway_type": "residential", "speed_kph": 25, "oneway": true, "name": "\u0412\u043e\u0437\u043d\u0435\u0441\u0435\u043d\u0441\u044c\u043a\u0438\u0439 \u0443\u0437\u0432\u0456\u0437"}}, {"type": "Feature", "geometry": {"type": "LineString", "coordinates": [[30.5047804, 50.4557232], [30.5048375, 50.4557084], [30.5055469, 50.4555193], [30.5058486, 50.4554424], [30.5061563, 50.4553808]]}, "properties": {"osm_source_id": 26318827, "osm_target_id": 428628645, "osm_key": 0, "length_m": 104.65314571172932, "highway_type": "secondary", "speed_kph": 45, "oneway": false, "name": "\u041b\u044c\u0432\u0456\u0432\u0441\u044c\u043a\u0430 \u043f\u043b\u043e\u0449\u0430"}}, {"type": "Feature", "geometry": {"type": "LineString", "coordinates": [[30.5047804, 50.4557232], [30.5043229, 50.4558501], [30.504237, 50.4558739], [30.504217, 50.4558794], [30.5024411, 50.4563619], [30.5024242, 50.4563666], [30.5023387, 50.4563902], [30.5021515, 50.4564385]]}, "properties": {"osm_source_id": 26318827, "osm_target_id": 26318822, "osm_key": 0, "length_m": 202.39895253595455, "highway_type": "secondary", "speed_kph": 45, "oneway": false, "name": "\u0432\u0443\u043b\u0438\u0446\u044f \u0421\u0456\u0447\u043e\u0432\u0438\u0445 \u0421\u0442\u0440\u0456\u043b\u044c\u0446\u0456\u0432"}}, {"type": "Feature", "geometry": {"type": "LineString", "coordinates": [[30.5073728, 50.4552438], [30.5075891, 50.4552194], [30.5081116, 50.4551653]]}, "properties": {"osm_source_id": 26318835, "osm_target_id": 1069210700, "osm_key": 0, "length_m": 53.028417812005195, "highway_type": "secondary", "speed_kph": 45, "oneway": false, "name": "\u0412\u0435\u043b\u0438\u043a\u0430 \u0416\u0438\u0442\u043e\u043c\u0438\u0440\u0441\u044c\u043a\u0430 \u0432\u0443\u043b\u0438\u0446\u044f"}}, {"type": "Feature", "geometry": {"type": "LineString", "coordinates": [[30.5073728, 50.4552438], [30.5070736, 50.4552754], [30.5065644, 50.4553303], [30.5064964, 50.4553376], [30.5063863, 50.4553503], [30.5061563, 50.4553808]]}, "properties": {"osm_source_id": 26318835, "osm_target_id": 428628645, "osm_key": 0, "length_m": 87.46991082662959, "highway_type": "secondary", "speed_kph": 45, "oneway": false, "name": "\u041b\u044c\u0432\u0456\u0432\u0441\u044c\u043a\u0430 \u043f\u043b\u043e\u0449\u0430"}}, {"type": "Feature", "geometry": {"type": "LineString", "coordinates": [[30.5137901, 50.4554051], [30.5139311, 50.4554099], [30.5140006, 50.4554135], [30.5142266, 50.4554249], [30.514462, 50.455426], [30.5155922, 50.4554172], [30.5163619, 50.4554111], [30.5169386, 50.45541], [30.5171211, 50.4554032]]}, "properties": {"osm_source_id": 26322660, "osm_target_id": 26201292, "osm_key": 0, "length_m": 235.9334520839468, "highway_type": "secondary", "speed_kph": 45, "oneway": false, "name": "\u0412\u0435\u043b\u0438\u043a\u0430 \u0416\u0438\u0442\u043e\u043c\u0438\u0440\u0441\u044c\u043a\u0430 \u0432\u0443\u043b\u0438\u0446\u044f"}}, {"type": "Feature", "geometry": {"type": "LineString", "coordinates": [[30.5137901, 50.4554051], [30.5136612, 50.4553992], [30.5130371, 50.4553763], [30.5128764, 50.4553714], [30.5123799, 50.4553614], [30.5120059, 50.4553523], [30.5118136, 50.4553439], [30.5117001, 50.4553379], [30.5116468, 50.4553343]]}, "properties": {"osm_source_id": 26322660, "osm_target_id": 26546063, "osm_key": 0, "length_m": 151.9638193672524, "highway_type": "secondary", "speed_kph": 45, "oneway": false, "name": "\u0412\u0435\u043b\u0438\u043a\u0430 \u0416\u0438\u0442\u043e\u043c\u0438\u0440\u0441\u044c\u043a\u0430 \u0432\u0443\u043b\u0438\u0446\u044f"}}, {"type": "Feature", "geometry": {"type": "LineString", "coordinates": [[30.5216861, 50.4611127], [30.5217802, 50.4611753], [30.522248, 50.4614749], [30.52233, 50.4615265], [30.5228089, 50.4618281], [30.5232201, 50.4620926], [30.5232471, 50.4621099], [30.5233566, 50.4621842]]}, "properties": {"osm_source_id": 26322726, "osm_target_id": 26318786, "osm_key": 0, "length_m": 167.87251299097366, "highway_type": "residential", "speed_kph": 25, "oneway": true, "name": "\u0410\u043d\u0434\u0440\u0456\u0457\u0432\u0441\u044c\u043a\u0430 \u0432\u0443\u043b\u0438\u0446\u044f"}}, {"type": "Feature", "geometry": {"type": "LineString", "coordinates": [[30.5216861, 50.4611127], [30.5217778, 50.4610531], [30.5220546, 50.4608731], [30.5229463, 50.4602934], [30.5230304, 50.4602387]]}, "properties": {"osm_source_id": 26322726, "osm_target_id": 10252932949, "osm_key": 0, "length_m": 136.01551632290008, "highway_type": "tertiary", "speed_kph": 40, "oneway": false, "name": "\u0432\u0443\u043b\u0438\u0446\u044f \u041f\u0435\u0442\u0440\u0430 \u0421\u0430\u0433\u0430\u0439\u0434\u0430\u0447\u043d\u043e\u0433\u043e"}}, {"type": "Feature", "geometry": {"type": "LineString", "coordinates": [[30.5164333, 50.4640587], [30.5163969, 50.4640874], [30.5161102, 50.4643137], [30.5158369, 50.4645044], [30.5157718, 50.4645499]]}, "properties": {"osm_source_id": 26322786, "osm_target_id": 1473114344, "osm_key": 0, "length_m": 71.97459674703974, "highway_type": "tertiary", "speed_kph": 40, "oneway": false, "name": "\u041a\u043e\u0441\u0442\u044f\u043d\u0442\u0438\u043d\u0456\u0432\u0441\u044c\u043a\u0430 \u0432\u0443\u043b\u0438\u0446\u044f"}}, {"type": "Feature", "geometry": {"type": "LineString", "coordinates": [[30.5164333, 50.4640587], [30.5164749, 50.4640101], [30.5167291, 50.4637135], [30.5167846, 50.4636398]]}, "properties": {"osm_source_id": 26322786, "osm_target_id": 256568258, "osm_key": 0, "length_m": 52.81163936426201, "highway_type": "tertiary", "speed_kph": 40, "oneway": false, "name": "\u041a\u043e\u043d\u0442\u0440\u0430\u043a\u0442\u043e\u0432\u0430 \u043f\u043b\u043e\u0449\u0430"}}, {"type": "Feature", "geometry": {"type": "LineString", "coordinates": [[30.5164333, 50.4640587], [30.5165519, 50.4641307], [30.5166304, 50.4641802], [30.5167569, 50.4642649], [30.5170318, 50.4644491], [30.5172349, 50.4645852], [30.5174114, 50.4647017], [30.5177705, 50.4649573]]}, "properties": {"osm_source_id": 26322786, "osm_target_id": 1473114351, "osm_key": 0, "length_m": 137.66722232320132, "highway_type": "tertiary", "speed_kph": 40, "oneway": false, "name": "\u041a\u043e\u043d\u0442\u0440\u0430\u043a\u0442\u043e\u0432\u0430 \u043f\u043b\u043e\u0449\u0430"}}, {"type": "Feature", "geometry": {"type": "LineString", "coordinates": [[30.5173506, 50.4657274], [30.5173626, 50.4657364], [30.5174288, 50.4657862], [30.5174532, 50.4658042], [30.5178718, 50.4660817], [30.518111, 50.4662397], [30.5184905, 50.4664856], [30.5185261, 50.4665096], [30.5188793, 50.4667429], [30.5194653, 50.4671247], [30.5195552, 50.4671851]]}, "properties": {"osm_source_id": 26322808, "osm_target_id": 26201595, "osm_key": 0, "length_m": 225.0169153238747, "highway_type": "residential", "speed_kph": 25, "oneway": false, "name": "\u0421\u043f\u0430\u0441\u044c\u043a\u0430 \u0432\u0443\u043b\u0438\u0446\u044f"}}, {"type": "Feature", "geometry": {"type": "LineString", "coordinates": [[30.5173506, 50.4657274], [30.5172345, 50.4657991], [30.5170467, 50.4659176], [30.5170379, 50.4659235], [30.5167287, 50.4661082], [30.5160049, 50.4665465], [30.5159089, 50.4666054]]}, "properties": {"osm_source_id": 26322808, "osm_target_id": 26322885, "osm_key": 0, "length_m": 141.22990218622343, "highway_type": "tertiary", "speed_kph": 40, "oneway": true, "name": "\u041c\u0435\u0436\u0438\u0433\u0456\u0440\u0441\u044c\u043a\u0430 \u0432\u0443\u043b\u0438\u0446\u044f"}}, {"type": "Feature", "geometry": {"type": "LineString", "coordinates": [[30.5173506, 50.4657274], [30.5173341, 50.46563], [30.5170721, 50.4654301], [30.5167918, 50.4652249], [30.5167792, 50.4652164], [30.5165731, 50.4650773], [30.5165039, 50.4650306], [30.5164544, 50.4649981], [30.516422, 50.4649768], [30.5158405, 50.4645949], [30.515826, 50.4645855], [30.5157718, 50.4645499]]}, "properties": {"osm_source_id": 26322808, "osm_target_id": 1473114344, "osm_key": 0, "length_m": 174.22320487901834, "highway_type": "residential", "speed_kph": 25, "oneway": false, "name": "\u0421\u043f\u0430\u0441\u044c\u043a\u0430 \u0432\u0443\u043b\u0438\u0446\u044f"}}, {"type": "Feature", "geometry": {"type": "LineString", "coordinates": [[30.518225, 50.46519], [30.5183094, 50.4651551]]}, "properties": {"osm_source_id": 26322811, "osm_target_id": 11237795986, "osm_key": 0, "length_m": 7.123727011236306, "highway_type": "tertiary", "speed_kph": 40, "oneway": false, "name": "\u041a\u043e\u043d\u0442\u0440\u0430\u043a\u0442\u043e\u0432\u0430 \u043f\u043b\u043e\u0449\u0430"}}, {"type": "Feature", "geometry": {"type": "LineString", "coordinates": [[30.518225, 50.46519], [30.5181745, 50.4652195], [30.5174736, 50.465653], [30.517458, 50.4656625], [30.5173506, 50.4657274]]}, "properties": {"osm_source_id": 26322811, "osm_target_id": 26322808, "osm_key": 0, "length_m": 86.03273270194151, "highway_type": "tertiary", "speed_kph": 40, "oneway": true, "name": "\u041c\u0435\u0436\u0438\u0433\u0456\u0440\u0441\u044c\u043a\u0430 \u0432\u0443\u043b\u0438\u0446\u044f"}}, {"type": "Feature", "geometry": {"type": "LineString", "coordinates": [[30.5226364, 50.4652643], [30.5227461, 50.4653303], [30.5230522, 50.4655288], [30.5231608, 50.4655987], [30.5233857, 50.4657474], [30.5234793, 50.4658089], [30.5235405, 50.4658499], [30.5240574, 50.4661981], [30.5240996, 50.4662284], [30.5242056, 50.466301]]}, "properties": {"osm_source_id": 26322822, "osm_target_id": 347862570, "osm_key": 0, "length_m": 160.0993051774604, "highway_type": "residential", "speed_kph": 25, "oneway": false, "name": "\u0406\u043b\u043b\u0456\u043d\u0441\u044c\u043a\u0430 \u0432\u0443\u043b\u0438\u0446\u044f"}}, {"type": "Feature", "geometry": {"type": "LineString", "coordinates": [[30.5226364, 50.4652643], [30.5225045, 50.4653428], [30.5223148, 50.4654551], [30.5221652, 50.4655437], [30.5220022, 50.4656446], [30.5211003, 50.4662213], [30.5209969, 50.4662825]]}, "properties": {"osm_source_id": 26322822, "osm_target_id": 26201596, "osm_key": 0, "length_m": 162.15024123587943, "highway_type": "residential", "speed_kph": 25, "oneway": true, "name": "\u0412\u043e\u043b\u043e\u0441\u044c\u043a\u0430 \u0432\u0443\u043b\u0438\u0446\u044f"}}, {"type": "Feature", "geometry": {"type": "LineString", "coordinates": [[30.5226364, 50.4652643], [30.5225177, 50.4651897], [30.5220881, 50.4649118], [30.5213363, 50.4644398], [30.5207083, 50.464043], [30.520617, 50.4639836]]}, "properties": {"osm_source_id": 26322822, "osm_target_id": 26318791, "osm_key": 0, "length_m": 201.77321144923224, "highway_type": "residential", "speed_kph": 25, "oneway": true, "name": "\u0406\u043b\u043b\u0456\u043d\u0441\u044c\u043a\u0430 \u0432\u0443\u043b\u0438\u0446\u044f"}}, {"type": "Feature", "geometry": {"type": "LineString", "coordinates": [[30.5239473, 50.4644476], [30.5238392, 50.4645138], [30.5231327, 50.4649427], [30.5229743, 50.4650439], [30.5227363, 50.4651967], [30.5226364, 50.4652643]]}, "properties": {"osm_source_id": 26322826, "osm_target_id": 26322822, "osm_key": 0, "length_m": 129.85150583873923, "highway_type": "residential", "speed_kph": 25, "oneway": true, "name": "\u0412\u043e\u043b\u043e\u0441\u044c\u043a\u0430 \u0432\u0443\u043b\u0438\u0446\u044f"}}, {"type": "Feature", "geometry": {"type": "LineString", "coordinates": [[30.5239473, 50.4644476], [30.5246353, 50.464511], [30.5249609, 50.464541], [30.5250505, 50.4645493], [30.5251929, 50.4645624]]}, "properties": {"osm_source_id": 26322826, "osm_target_id": 26322832, "osm_key": 0, "length_m": 89.08526883465973, "highway_type": "residential", "speed_kph": 25, "oneway": false, "name": "\u0411\u043e\u0440\u0438\u0441\u043e\u0433\u043b\u0456\u0431\u0441\u044c\u043a\u0430 \u0432\u0443\u043b\u0438\u0446\u044f"}}, {"type": "Feature", "geometry": {"type": "LineString", "coordinates": [[30.5251929, 50.4645624], [30.5253354, 50.4638451], [30.5254648, 50.463195]]}, "properties": {"osm_source_id": 26322832, "osm_target_id": 26318787, "osm_key": 0, "length_m": 153.2613634970918, "highway_type": "primary", "speed_kph": 55, "oneway": true, "name": "\u041d\u0430\u0431\u0435\u0440\u0435\u0436\u043d\u043e-\u0425\u0440\u0435\u0449\u0430\u0442\u0438\u0446\u044c\u043a\u0430 \u0432\u0443\u043b\u0438\u0446\u044f"}}, {"type": "Feature", "geometry": {"type": "LineString", "coordinates": [[30.5251929, 50.4645624], [30.5250505, 50.4645493], [30.5249609, 50.464541], [30.5246353, 50.464511], [30.5239473, 50.4644476]]}, "properties": {"osm_source_id": 26322832, "osm_target_id": 26322826, "osm_key": 0, "length_m": 89.0852688346597, "highway_type": "residential", "speed_kph": 25, "oneway": false, "name": "\u0411\u043e\u0440\u0438\u0441\u043e\u0433\u043b\u0456\u0431\u0441\u044c\u043a\u0430 \u0432\u0443\u043b\u0438\u0446\u044f"}}, {"type": "Feature", "geometry": {"type": "LineString", "coordinates": [[30.5159089, 50.4666054], [30.5158571, 50.4666368], [30.5150465, 50.467144], [30.514712, 50.4673528], [30.5146823, 50.4673692], [30.5146503, 50.4673858], [30.5145539, 50.467443]]}, "properties": {"osm_source_id": 26322885, "osm_target_id": 26201590, "osm_key": 0, "length_m": 133.70625736429218, "highway_type": "tertiary", "speed_kph": 40, "oneway": true, "name": "\u041c\u0435\u0436\u0438\u0433\u0456\u0440\u0441\u044c\u043a\u0430 \u0432\u0443\u043b\u0438\u0446\u044f"}}, {"type": "Feature", "geometry": {"type": "LineString", "coordinates": [[30.5109573, 50.4650335], [30.5110136, 50.4650015], [30.5121711, 50.4643116], [30.5122763, 50.4642489], [30.5123709, 50.4641978]]}, "properties": {"osm_source_id": 26322889, "osm_target_id": 26322925, "osm_key": 0, "length_m": 136.56343838775462, "highway_type": "residential", "speed_kph": 25, "oneway": true, "name": "\u0416\u0438\u0442\u043d\u044c\u043e\u0442\u043e\u0440\u0437\u044c\u043a\u0430 \u0432\u0443\u043b\u0438\u0446\u044f"}}, {"type": "Feature", "geometry": {"type": "LineString", "coordinates": [[30.5109573, 50.4650335], [30.5108474, 50.4651026], [30.5107006, 50.4651949], [30.5106419, 50.4652317], [30.5106042, 50.4652555]]}, "properties": {"osm_source_id": 26322889, "osm_target_id": 305980443, "osm_key": 0, "length_m": 35.12838220539593, "highway_type": "residential", "speed_kph": 25, "oneway": true, "name": "\u0416\u0438\u0442\u043d\u044c\u043e\u0442\u043e\u0440\u0437\u044c\u043a\u0430 \u0432\u0443\u043b\u0438\u0446\u044f"}}, {"type": "Feature", "geometry": {"type": "LineString", "coordinates": [[30.5109573, 50.4650335], [30.5110414, 50.465087], [30.511095, 50.4651209], [30.5112842, 50.4652417], [30.5113504, 50.4652834], [30.512762, 50.4662333], [30.5128839, 50.4663101]]}, "properties": {"osm_source_id": 26322889, "osm_target_id": 26201587, "osm_key": 0, "length_m": 196.85603496566387, "highway_type": "secondary", "speed_kph": 45, "oneway": true, "name": "\u0432\u0443\u043b\u0438\u0446\u044f \u0412\u0435\u0440\u0445\u043d\u0456\u0439 \u0412\u0430\u043b"}}, {"type": "Feature", "geometry": {"type": "LineString", "coordinates": [[30.5091131, 50.4661738], [30.5090092, 50.4661942], [30.5089709, 50.4662094], [30.508696, 50.4663769], [30.5086294, 50.4664188], [30.5077269, 50.4669956], [30.5075954, 50.4670752], [30.5075582, 50.4670977], [30.5075757, 50.4671463], [30.508054, 50.4674676], [30.5080868, 50.4674883], [30.5082012, 50.4675589]]}, "properties": {"osm_source_id": 26322892, "osm_target_id": 26335844, "osm_key": 0, "length_m": 220.75901776051114, "highway_type": "residential", "speed_kph": 25, "oneway": false, "name": null}}, {"type": "Feature", "geometry": {"type": "LineString", "coordinates": [[30.5091131, 50.4661738], [30.5104739, 50.4653358], [30.5105365, 50.4652978], [30.5106042, 50.4652555]]}, "properties": {"osm_source_id": 26322892, "osm_target_id": 305980443, "osm_key": 0, "length_m": 146.85154677299192, "highway_type": "residential", "speed_kph": 25, "oneway": false, "name": "\u0416\u0438\u0442\u043d\u044c\u043e\u0442\u043e\u0440\u0437\u044c\u043a\u0430 \u0432\u0443\u043b\u0438\u0446\u044f"}}, {"type": "Feature", "geometry": {"type": "LineString", "coordinates": [[30.5091131, 50.4661738], [30.5091895, 50.4662236], [30.5098695, 50.4666587]]}, "properties": {"osm_source_id": 26322892, "osm_target_id": 26335845, "osm_key": 0, "length_m": 75.98348026851221, "highway_type": "residential", "speed_kph": 25, "oneway": false, "name": "\u042f\u0440\u043e\u0441\u043b\u0430\u0432\u0441\u044c\u043a\u0430 \u0432\u0443\u043b\u0438\u0446\u044f"}}, {"type": "Feature", "geometry": {"type": "LineString", "coordinates": [[30.5123709, 50.4641978], [30.511856, 50.463824], [30.5117587, 50.4637589]]}, "properties": {"osm_source_id": 26322925, "osm_target_id": 573837819, "osm_key": 0, "length_m": 65.27219481098683, "highway_type": "residential", "speed_kph": 25, "oneway": false, "name": "\u0432\u0443\u043b\u0438\u0446\u044f \u0425\u043e\u0440\u0438\u0432\u0430"}}, {"type": "Feature", "geometry": {"type": "LineString", "coordinates": [[30.5123709, 50.4641978], [30.5125922, 50.464353], [30.5129476, 50.4646013], [30.512988, 50.4646277], [30.5130558, 50.4646767]]}, "properties": {"osm_source_id": 26322925, "osm_target_id": 305629798, "osm_key": 0, "length_m": 72.0163876436958, "highway_type": "residential", "speed_kph": 25, "oneway": true, "name": "\u0432\u0443\u043b\u0438\u0446\u044f \u0425\u043e\u0440\u0438\u0432\u0430"}}, {"type": "Feature", "geometry": {"type": "LineString", "coordinates": [[30.5110893, 50.4674128], [30.5110022, 50.4673563], [30.5109743, 50.4673381], [30.5105249, 50.4670679], [30.5102988, 50.4669275], [30.509977, 50.4667278], [30.5099428, 50.466706], [30.5098695, 50.4666587]]}, "properties": {"osm_source_id": 26323057, "osm_target_id": 26335845, "osm_key": 0, "length_m": 120.36344853400134, "highway_type": "residential", "speed_kph": 25, "oneway": false, "name": "\u042f\u0440\u043e\u0441\u043b\u0430\u0432\u0441\u044c\u043a\u0430 \u0432\u0443\u043b\u0438\u0446\u044f"}}, {"type": "Feature", "geometry": {"type": "LineString", "coordinates": [[30.5110893, 50.4674128], [30.5111678, 50.4673607], [30.5113514, 50.4672483], [30.5114599, 50.4671819], [30.511786, 50.4669779], [30.512051, 50.4668121], [30.512117, 50.4667704], [30.5123636, 50.4666159], [30.5124588, 50.4665581], [30.5125183, 50.4665199]]}, "properties": {"osm_source_id": 26323057, "osm_target_id": 3791161363, "osm_key": 0, "length_m": 141.73700952952768, "highway_type": "secondary", "speed_kph": 45, "oneway": true, "name": "\u041a\u043e\u0441\u0442\u044f\u043d\u0442\u0438\u043d\u0456\u0432\u0441\u044c\u043a\u0430 \u0432\u0443\u043b\u0438\u0446\u044f"}}, {"type": "Feature", "geometry": {"type": "LineString", "coordinates": [[30.5225581, 50.4673177], [30.5225169, 50.4672894], [30.5225066, 50.4672824], [30.5224709, 50.4672591], [30.5220455, 50.4669813], [30.5217545, 50.4667881], [30.5210871, 50.4663426], [30.5209969, 50.4662825]]}, "properties": {"osm_source_id": 26323109, "osm_target_id": 26201596, "osm_key": 0, "length_m": 159.56512676572868, "highway_type": "residential", "speed_kph": 25, "oneway": false, "name": "\u0432\u0443\u043b\u0438\u0446\u044f \u0413\u0440\u0438\u0433\u043e\u0440\u0456\u044f \u0421\u043a\u043e\u0432\u043e\u0440\u043e\u0434\u0438"}}, {"type": "Feature", "geometry": {"type": "LineString", "coordinates": [[30.5225581, 50.4673177], [30.5226293, 50.4672757], [30.5229357, 50.4670919], [30.5232369, 50.4668983], [30.5236145, 50.4666619], [30.5238512, 50.4665142], [30.5241325, 50.46635], [30.5242056, 50.466301]]}, "properties": {"osm_source_id": 26323109, "osm_target_id": 347862570, "osm_key": 0, "length_m": 162.44245754459894, "highway_type": "residential", "speed_kph": 25, "oneway": false, "name": "\u041f\u043e\u0447\u0430\u0439\u043d\u0438\u043d\u0441\u044c\u043a\u0430 \u0432\u0443\u043b\u0438\u0446\u044f"}}, {"type": "Feature", "geometry": {"type": "LineString", "coordinates": [[30.5142471, 50.465482], [30.5143434, 50.4655648], [30.5147037, 50.4658043], [30.5149259, 50.465952], [30.5150746, 50.4660481], [30.5152409, 50.466159], [30.5154144, 50.4662724], [30.5156239, 50.4664094], [30.5157106, 50.466471], [30.5157827, 50.4665189], [30.5158513, 50.4665644], [30.515869, 50.4665762], [30.5159089, 50.4666054]]}, "properties": {"osm_source_id": 26323186, "osm_target_id": 26322885, "osm_key": 0, "length_m": 171.67614132725606, "highway_type": "residential", "speed_kph": 25, "oneway": true, "name": "\u0432\u0443\u043b\u0438\u0446\u044f \u0425\u043e\u0440\u0438\u0432\u0430"}}, {"type": "Feature", "geometry": {"type": "LineString", "coordinates": [[30.5142471, 50.465482], [30.5143155, 50.4654408], [30.51462, 50.4652562], [30.5153626, 50.4648004], [30.5155149, 50.4647022], [30.5157718, 50.4645499]]}, "properties": {"osm_source_id": 26323186, "osm_target_id": 1473114344, "osm_key": 0, "length_m": 149.63850109352418, "highway_type": "tertiary", "speed_kph": 40, "oneway": false, "name": "\u041a\u043e\u0441\u0442\u044f\u043d\u0442\u0438\u043d\u0456\u0432\u0441\u044c\u043a\u0430 \u0432\u0443\u043b\u0438\u0446\u044f"}}, {"type": "Feature", "geometry": {"type": "LineString", "coordinates": [[30.5142471, 50.465482], [30.5142413, 50.465478], [30.5141841, 50.4654339], [30.5141451, 50.4654039], [30.5139733, 50.4652861]]}, "properties": {"osm_source_id": 26323186, "osm_target_id": 5371387042, "osm_key": 0, "length_m": 29.167308279716554, "highway_type": "residential", "speed_kph": 25, "oneway": false, "name": "\u0432\u0443\u043b\u0438\u0446\u044f \u0425\u043e\u0440\u0438\u0432\u0430"}}, {"type": "Feature", "geometry": {"type": "LineString", "coordinates": [[30.5193517, 50.448163], [30.5193934, 50.4481572], [30.5194495, 50.4481494], [30.5199091, 50.4480775], [30.5199245, 50.4480751], [30.5202574, 50.448024], [30.5202949, 50.4480182], [30.520416, 50.4479995], [30.520774, 50.4479443], [30.521317, 50.4478632], [30.5213328, 50.4478608], [30.5218427, 50.4477846], [30.5220178, 50.4477583]]}, "properties": {"osm_source_id": 26325903, "osm_target_id": 10294196188, "osm_key": 0, "length_m": 194.07012633301156, "highway_type": "tertiary", "speed_kph": 40, "oneway": true, "name": "\u041f\u0440\u043e\u0440\u0456\u0437\u043d\u0430 \u0432\u0443\u043b\u0438\u0446\u044f"}}, {"type": "Feature", "geometry": {"type": "LineString", "coordinates": [[30.5193517, 50.448163], [30.5193921, 50.4482677], [30.5194016, 50.4482922], [30.5195071, 50.4485653], [30.5195387, 50.4486471], [30.5195681, 50.4487233], [30.5195959, 50.4487951], [30.5196264, 50.4488737], [30.5196533, 50.4489435], [30.5196655, 50.448966], [30.5196717, 50.4489779], [30.5196814, 50.4489898], [30.5196959, 50.4490044], [30.5197534, 50.4490568], [30.5198897, 50.4491396], [30.5199858, 50.4491947], [30.5200502, 50.4492418], [30.5201047, 50.4492914], [30.5202158, 50.44944], [30.5203624, 50.4496464], [30.5203809, 50.4496803], [30.5204273, 50.4497506], [30.5204805, 50.4498177], [30.5205614, 50.4499017], [30.5207156, 50.4500257], [30.5208322, 50.4501162], [30.5209301, 50.4501897], [30.5210222, 50.450255], [30.5215578, 50.4505387], [30.521611, 50.4505668], [30.5218281, 50.4506818], [30.521872, 50.4507098], [30.5219071, 50.4507424], [30.5219323, 50.4507785], [30.5219467, 50.450817], [30.5219499, 50.4508564], [30.5219416, 50.4508956], [30.5219223, 50.4509332], [30.5219031, 50.4509553], [30.5218806, 50.4509705], [30.5218531, 50.450982], [30.5218223, 50.4509891], [30.5217897, 50.4509914], [30.5217331, 50.4509913], [30.5216242, 50.4509905], [30.5212556, 50.4509877], [30.5206679, 50.4509862], [30.5203139, 50.4509859], [30.5202478, 50.4509859], [30.5198902, 50.4509856]]}, "properties": {"osm_source_id": 26325903, "osm_target_id": 26303159, "osm_key": 0, "length_m": 518.0425076057768, "highway_type": "residential", "speed_kph": 25, "oneway": false, "name": null}}, {"type": "Feature", "geometry": {"type": "LineString", "coordinates": [[30.5193517, 50.448163], [30.5192627, 50.4481777], [30.5186931, 50.4482714], [30.5181916, 50.4483536], [30.5180725, 50.4483729], [30.5179558, 50.4483918], [30.5175115, 50.4484642], [30.5168778, 50.4485646], [30.5167784, 50.4485806]]}, "properties": {"osm_source_id": 26325903, "osm_target_id": 26325907, "osm_key": 0, "length_m": 188.03030199655254, "highway_type": "tertiary", "speed_kph": 40, "oneway": false, "name": "\u041f\u0440\u043e\u0440\u0456\u0437\u043d\u0430 \u0432\u0443\u043b\u0438\u0446\u044f"}}, {"type": "Feature", "geometry": {"type": "LineString", "coordinates": [[30.5167784, 50.4485806], [30.5168778, 50.4485646], [30.5175115, 50.4484642], [30.5179558, 50.4483918], [30.5180725, 50.4483729], [30.5181916, 50.4483536], [30.5186931, 50.4482714], [30.5192627, 50.4481777], [30.5193517, 50.448163]]}, "properties": {"osm_source_id": 26325907, "osm_target_id": 26325903, "osm_key": 0, "length_m": 188.0303019965525, "highway_type": "tertiary", "speed_kph": 40, "oneway": false, "name": "\u041f\u0440\u043e\u0440\u0456\u0437\u043d\u0430 \u0432\u0443\u043b\u0438\u0446\u044f"}}, {"type": "Feature", "geometry": {"type": "LineString", "coordinates": [[30.5167784, 50.4485806], [30.5167148, 50.448591], [30.5160739, 50.4486961], [30.5159208, 50.4487212], [30.5153141, 50.4488207], [30.5147262, 50.4489153], [30.5145758, 50.4489393]]}, "properties": {"osm_source_id": 26325907, "osm_target_id": 26201280, "osm_key": 0, "length_m": 160.97617424005563, "highway_type": "tertiary", "speed_kph": 40, "oneway": false, "name": "\u041f\u0440\u043e\u0440\u0456\u0437\u043d\u0430 \u0432\u0443\u043b\u0438\u0446\u044f"}}, {"type": "Feature", "geometry": {"type": "LineString", "coordinates": [[30.5167784, 50.4485806], [30.5168207, 50.4486846], [30.5169041, 50.4488898], [30.5169168, 50.4489211], [30.5170808, 50.4493243], [30.517195, 50.449605], [30.5172168, 50.4496585]]}, "properties": {"osm_source_id": 26325907, "osm_target_id": 26303162, "osm_key": 0, "length_m": 123.81147232152664, "highway_type": "residential", "speed_kph": 25, "oneway": false, "name": "\u0432\u0443\u043b\u0438\u0446\u044f \u041f\u0430\u0442\u043e\u0440\u0436\u0438\u043d\u0441\u044c\u043a\u043e\u0433\u043e"}}, {"type": "Feature", "geometry": {"type": "LineString", "coordinates": [[30.5082012, 50.4675589], [30.5080868, 50.4674883], [30.508054, 50.4674676], [30.5075757, 50.4671463], [30.5075582, 50.4670977], [30.5075954, 50.4670752], [30.5077269, 50.4669956], [30.5086294, 50.4664188], [30.508696, 50.4663769], [30.5089709, 50.4662094], [30.5090092, 50.4661942], [30.5091131, 50.4661738]]}, "properties": {"osm_source_id": 26335844, "osm_target_id": 26322892, "osm_key": 0, "length_m": 220.7590177605111, "highway_type": "residential", "speed_kph": 25, "oneway": false, "name": null}}, {"type": "Feature", "geometry": {"type": "LineString", "coordinates": [[30.5082012, 50.4675589], [30.5082989, 50.4675048], [30.5085607, 50.467369], [30.50892, 50.4671776], [30.5097833, 50.4667126], [30.5098695, 50.4666587]]}, "properties": {"osm_source_id": 26335844, "osm_target_id": 26335845, "osm_key": 0, "length_m": 154.82623999324187, "highway_type": "residential", "speed_kph": 25, "oneway": false, "name": "\u041a\u0438\u0440\u0438\u043b\u0456\u0432\u0441\u044c\u043a\u0430 \u0432\u0443\u043b\u0438\u0446\u044f"}}, {"type": "Feature", "geometry": {"type": "LineString", "coordinates": [[30.5098695, 50.4666587], [30.5097833, 50.4667126], [30.50892, 50.4671776], [30.5085607, 50.467369], [30.5082989, 50.4675048], [30.5082012, 50.4675589]]}, "properties": {"osm_source_id": 26335845, "osm_target_id": 26335844, "osm_key": 0, "length_m": 154.82623999324187, "highway_type": "residential", "speed_kph": 25, "oneway": false, "name": "\u041a\u0438\u0440\u0438\u043b\u0456\u0432\u0441\u044c\u043a\u0430 \u0432\u0443\u043b\u0438\u0446\u044f"}}, {"type": "Feature", "geometry": {"type": "LineString", "coordinates": [[30.5098695, 50.4666587], [30.5099428, 50.466706], [30.509977, 50.4667278], [30.5102988, 50.4669275], [30.5105249, 50.4670679], [30.5109743, 50.4673381], [30.5110022, 50.4673563], [30.5110893, 50.4674128]]}, "properties": {"osm_source_id": 26335845, "osm_target_id": 26323057, "osm_key": 0, "length_m": 120.36344853400134, "highway_type": "residential", "speed_kph": 25, "oneway": false, "name": "\u042f\u0440\u043e\u0441\u043b\u0430\u0432\u0441\u044c\u043a\u0430 \u0432\u0443\u043b\u0438\u0446\u044f"}}, {"type": "Feature", "geometry": {"type": "LineString", "coordinates": [[30.5098695, 50.4666587], [30.5091895, 50.4662236], [30.5091131, 50.4661738]]}, "properties": {"osm_source_id": 26335845, "osm_target_id": 26322892, "osm_key": 0, "length_m": 75.98348026851221, "highway_type": "residential", "speed_kph": 25, "oneway": false, "name": "\u042f\u0440\u043e\u0441\u043b\u0430\u0432\u0441\u044c\u043a\u0430 \u0432\u0443\u043b\u0438\u0446\u044f"}}, {"type": "Feature", "geometry": {"type": "LineString", "coordinates": [[30.5136232, 50.4651982], [30.513546, 50.4652054], [30.5134285, 50.4651913], [30.5131291, 50.4650756], [30.5129107, 50.4649508], [30.5128738, 50.4648887], [30.5128832, 50.4648103], [30.5129591, 50.4647325], [30.5129922, 50.4647134], [30.5130558, 50.4646767]]}, "properties": {"osm_source_id": 26336879, "osm_target_id": 305629798, "osm_key": 0, "length_m": 95.09819336328249, "highway_type": "residential", "speed_kph": 25, "oneway": true, "name": null}}, {"type": "Feature", "geometry": {"type": "LineString", "coordinates": [[30.4977371, 50.4403067], [30.4978731, 50.4401816], [30.4981696, 50.4399455], [30.4984842, 50.4396961], [30.4991595, 50.4391805], [30.4998736, 50.4386293], [30.5001859, 50.4383882], [30.5002089, 50.4383705], [30.5002645, 50.4383276], [30.5006968, 50.437994], [30.5007527, 50.4379508], [30.5008044, 50.4379109]]}, "properties": {"osm_source_id": 26337558, "osm_target_id": 26337692, "osm_key": 0, "length_m": 343.8016046963439, "highway_type": "primary", "speed_kph": 55, "oneway": true, "name": "\u0416\u0438\u043b\u044f\u043d\u0441\u044c\u043a\u0430 \u0432\u0443\u043b\u0438\u0446\u044f"}}, {"type": "Feature", "geometry": {"type": "LineString", "coordinates": [[30.4977371, 50.4403067], [30.4979343, 50.4403906], [30.4986783, 50.4407091], [30.4988281, 50.4407731], [30.4990635, 50.4408756], [30.4995141, 50.441069], [30.4997485, 50.4411651]]}, "properties": {"osm_source_id": 26337558, "osm_target_id": 26303483, "osm_key": 0, "length_m": 171.47011743469625, "highway_type": "secondary", "speed_kph": 45, "oneway": false, "name": "\u0432\u0443\u043b\u0438\u0446\u044f \u0413\u0435\u0442\u044c\u043c\u0430\u043d\u0430 \u041f\u0430\u0432\u043b\u0430 \u0421\u043a\u043e\u0440\u043e\u043f\u0430\u0434\u0441\u044c\u043a\u043e\u0433\u043e"}}, {"type": "Feature", "geometry": {"type": "LineString", "coordinates": [[30.4977371, 50.4403067], [30.4974904, 50.4402526], [30.4969374, 50.4400051], [30.496688, 50.4398934], [30.4965175, 50.439817], [30.4955776, 50.4394005], [30.4952797, 50.4392685], [30.4951107, 50.4391935]]}, "properties": {"osm_source_id": 26337558, "osm_target_id": 13127596954, "osm_key": 0, "length_m": 224.07641994610987, "highway_type": "secondary", "speed_kph": 45, "oneway": true, "name": "\u0432\u0443\u043b\u0438\u0446\u044f \u0413\u0435\u0442\u044c\u043c\u0430\u043d\u0430 \u041f\u0430\u0432\u043b\u0430 \u0421\u043a\u043e\u0440\u043e\u043f\u0430\u0434\u0441\u044c\u043a\u043e\u0433\u043e"}}, {"type": "Feature", "geometry": {"type": "LineString", "coordinates": [[30.5026915, 50.4389411], [30.5025325, 50.438855], [30.5021266, 50.4386307], [30.5017081, 50.4383969], [30.5016634, 50.4383723], [30.501183, 50.4381077], [30.5009005, 50.4379521], [30.5008044, 50.4379109]]}, "properties": {"osm_source_id": 26337690, "osm_target_id": 26337692, "osm_key": 0, "length_m": 176.08137897917274, "highway_type": "residential", "speed_kph": 25, "oneway": false, "name": "\u041f\u0430\u043d\u044c\u043a\u0456\u0432\u0441\u044c\u043a\u0430 \u0432\u0443\u043b\u0438\u0446\u044f"}}, {"type": "Feature", "geometry": {"type": "LineString", "coordinates": [[30.5026915, 50.4389411], [30.5028427, 50.4390171], [30.5033454, 50.4392923], [30.5034038, 50.4393243], [30.503552, 50.4394055], [30.5037498, 50.4395156], [30.5038005, 50.439544], [30.5040252, 50.4396666], [30.504428, 50.4398896], [30.5046876, 50.440029], [30.504787, 50.4400781]]}, "properties": {"osm_source_id": 26337690, "osm_target_id": 26337696, "osm_key": 0, "length_m": 194.97877360037938, "highway_type": "residential", "speed_kph": 25, "oneway": false, "name": "\u041f\u0430\u043d\u044c\u043a\u0456\u0432\u0441\u044c\u043a\u0430 \u0432\u0443\u043b\u0438\u0446\u044f"}}, {"type": "Feature", "geometry": {"type": "LineString", "coordinates": [[30.5026915, 50.4389411], [30.5025797, 50.4390252], [30.5023868, 50.439174], [30.5023046, 50.4392329], [30.5020079, 50.4394533], [30.5007848, 50.4403758], [30.5006228, 50.4405025], [30.5003586, 50.4407004], [30.4999012, 50.4410495], [30.4997485, 50.4411651]]}, "properties": {"osm_source_id": 26337690, "osm_target_id": 26303483, "osm_key": 0, "length_m": 323.4198307540398, "highway_type": "primary", "speed_kph": 55, "oneway": true, "name": "\u0432\u0443\u043b\u0438\u0446\u044f \u0421\u0430\u043a\u0441\u0430\u0433\u0430\u043d\u0441\u044c\u043a\u043e\u0433\u043e"}}, {"type": "Feature", "geometry": {"type": "LineString", "coordinates": [[30.5008044, 50.4379109], [30.5009311, 50.437813], [30.501316, 50.4375157], [30.5016003, 50.4372965], [30.5019392, 50.4370352], [30.5025668, 50.4365494], [30.5026638, 50.4364748], [30.5028249, 50.43635], [30.5031964, 50.4360662], [30.5037329, 50.4356454], [30.5038452, 50.435555], [30.5039188, 50.4354992], [30.5039861, 50.4354481]]}, "properties": {"osm_source_id": 26337692, "osm_target_id": 248772293, "osm_key": 0, "length_m": 354.6493388554063, "highway_type": "primary", "speed_kph": 55, "oneway": true, "name": "\u0416\u0438\u043b\u044f\u043d\u0441\u044c\u043a\u0430 \u0432\u0443\u043b\u0438\u0446\u044f"}}, {"type": "Feature", "geometry": {"type": "LineString", "coordinates": [[30.5008044, 50.4379109], [30.5009005, 50.4379521], [30.501183, 50.4381077], [30.5016634, 50.4383723], [30.5017081, 50.4383969], [30.5021266, 50.4386307], [30.5025325, 50.438855], [30.5026915, 50.4389411]]}, "properties": {"osm_source_id": 26337692, "osm_target_id": 26337690, "osm_key": 0, "length_m": 176.0813789791727, "highway_type": "residential", "speed_kph": 25, "oneway": false, "name": "\u041f\u0430\u043d\u044c\u043a\u0456\u0432\u0441\u044c\u043a\u0430 \u0432\u0443\u043b\u0438\u0446\u044f"}}, {"type": "Feature", "geometry": {"type": "LineString", "coordinates": [[30.504787, 50.4400781], [30.5054535, 50.4404449], [30.5058485, 50.4406624], [30.5059812, 50.4407354], [30.5063522, 50.4409463], [30.5065693, 50.4410717]]}, "properties": {"osm_source_id": 26337696, "osm_target_id": 649484200, "osm_key": 0, "length_m": 167.75001945622748, "highway_type": "residential", "speed_kph": 25, "oneway": false, "name": "\u041f\u0430\u043d\u044c\u043a\u0456\u0432\u0441\u044c\u043a\u0430 \u0432\u0443\u043b\u0438\u0446\u044f"}}, {"type": "Feature", "geometry": {"type": "LineString", "coordinates": [[30.504787, 50.4400781], [30.5048032, 50.4400485], [30.5048394, 50.4400035], [30.5054191, 50.4393621], [30.5055831, 50.4391795], [30.5056825, 50.4390688], [30.505891, 50.4388435], [30.5059117, 50.4388197], [30.5061782, 50.4385306], [30.5064238, 50.4382656], [30.5064476, 50.43824], [30.5064977, 50.4382009], [30.5065589, 50.4381667], [30.506624, 50.4381443], [30.506697, 50.4381242], [30.5067763, 50.4381043], [30.5068823, 50.4380817], [30.5069634, 50.4380642], [30.507034, 50.4380515], [30.507197, 50.4380294]]}, "properties": {"osm_source_id": 26337696, "osm_target_id": 26546429, "osm_key": 0, "length_m": 295.1459225401258, "highway_type": "residential", "speed_kph": 25, "oneway": true, "name": "\u041c\u0438\u043a\u0456\u043b\u044c\u0441\u044c\u043a\u043e-\u0411\u043e\u0442\u0430\u043d\u0456\u0447\u043d\u0430 \u0432\u0443\u043b\u0438\u0446\u044f"}}, {"type": "Feature", "geometry": {"type": "LineString", "coordinates": [[30.504787, 50.4400781], [30.5046876, 50.440029], [30.504428, 50.4398896], [30.5040252, 50.4396666], [30.5038005, 50.439544], [30.5037498, 50.4395156], [30.503552, 50.4394055], [30.5034038, 50.4393243], [30.5033454, 50.4392923], [30.5028427, 50.4390171], [30.5026915, 50.4389411]]}, "properties": {"osm_source_id": 26337696, "osm_target_id": 26337690, "osm_key": 0, "length_m": 194.97877360037938, "highway_type": "residential", "speed_kph": 25, "oneway": false, "name": "\u041f\u0430\u043d\u044c\u043a\u0456\u0432\u0441\u044c\u043a\u0430 \u0432\u0443\u043b\u0438\u0446\u044f"}}, {"type": "Feature", "geometry": {"type": "LineString", "coordinates": [[30.5248123, 50.4663572], [30.5246376, 50.4663438], [30.5245602, 50.4663357], [30.5242056, 50.466301]]}, "properties": {"osm_source_id": 26394235, "osm_target_id": 347862570, "osm_key": 0, "length_m": 43.39958248277969, "highway_type": "residential", "speed_kph": 25, "oneway": false, "name": "\u041f\u043e\u0447\u0430\u0439\u043d\u0438\u043d\u0441\u044c\u043a\u0430 \u0432\u0443\u043b\u0438\u0446\u044f"}}, {"type": "Feature", "geometry": {"type": "LineString", "coordinates": [[30.5248123, 50.4663572], [30.5250378, 50.4652937], [30.5251929, 50.4645624]]}, "properties": {"osm_source_id": 26394235, "osm_target_id": 26322832, "osm_key": 0, "length_m": 201.38289252957753, "highway_type": "primary", "speed_kph": 55, "oneway": true, "name": "\u041d\u0430\u0431\u0435\u0440\u0435\u0436\u043d\u043e-\u0425\u0440\u0435\u0449\u0430\u0442\u0438\u0446\u044c\u043a\u0430 \u0432\u0443\u043b\u0438\u0446\u044f"}}, {"type": "Feature", "geometry": {"type": "LineString", "coordinates": [[30.4952482, 50.462493], [30.4952101, 50.4624614], [30.4951828, 50.4624388], [30.4951448, 50.4624072]]}, "properties": {"osm_source_id": 26409153, "osm_target_id": 6025466621, "osm_key": 0, "length_m": 12.024649415835029, "highway_type": "residential", "speed_kph": 25, "oneway": false, "name": "\u0421\u0442\u0443\u0434\u0435\u043d\u0442\u0441\u044c\u043a\u0430 \u0432\u0443\u043b\u0438\u0446\u044f"}}, {"type": "Feature", "geometry": {"type": "LineString", "coordinates": [[30.4988792, 50.4644233], [30.4992379, 50.4644781], [30.5011774, 50.4648037]]}, "properties": {"osm_source_id": 26409171, "osm_target_id": 26409172, "osm_key": 0, "length_m": 168.08554278089193, "highway_type": "residential", "speed_kph": 25, "oneway": false, "name": "\u041b\u0443\u043a\u02bc\u044f\u043d\u0456\u0432\u0441\u044c\u043a\u0430 \u0432\u0443\u043b\u0438\u0446\u044f"}}, {"type": "Feature", "geometry": {"type": "LineString", "coordinates": [[30.4988792, 50.4644233], [30.4988558, 50.4639812], [30.4988764, 50.4639279], [30.4989292, 50.4638679], [30.4990855, 50.4637087], [30.4991489, 50.4636701], [30.4992365, 50.4636589], [30.5001478, 50.4638144]]}, "properties": {"osm_source_id": 26409171, "osm_target_id": 4190304277, "osm_key": 0, "length_m": 163.12899178207448, "highway_type": "living_street", "speed_kph": 15, "oneway": false, "name": "\u041b\u0443\u043a\u02bc\u044f\u043d\u0456\u0432\u0441\u044c\u043a\u0438\u0439 \u043f\u0440\u043e\u0432\u0443\u043b\u043e\u043a"}}, {"type": "Feature", "geometry": {"type": "LineString", "coordinates": [[30.5011774, 50.4648037], [30.501674, 50.4648827], [30.5018899, 50.4649022], [30.5021042, 50.4649036]]}, "properties": {"osm_source_id": 26409172, "osm_target_id": 1297814425, "osm_key": 0, "length_m": 66.83507324054571, "highway_type": "residential", "speed_kph": 25, "oneway": false, "name": "\u041b\u0443\u043a\u02bc\u044f\u043d\u0456\u0432\u0441\u044c\u043a\u0430 \u0432\u0443\u043b\u0438\u0446\u044f"}}, {"type": "Feature", "geometry": {"type": "LineString", "coordinates": [[30.5011774, 50.4648037], [30.4992379, 50.4644781], [30.4988792, 50.4644233]]}, "properties": {"osm_source_id": 26409172, "osm_target_id": 26409171, "osm_key": 0, "length_m": 168.08554278089193, "highway_type": "residential", "speed_kph": 25, "oneway": false, "name": "\u041b\u0443\u043a\u02bc\u044f\u043d\u0456\u0432\u0441\u044c\u043a\u0430 \u0432\u0443\u043b\u0438\u0446\u044f"}}, {"type": "Feature", "geometry": {"type": "LineString", "coordinates": [[30.5011774, 50.4648037], [30.5012764, 50.4645692], [30.5014283, 50.4642262], [30.5015053, 50.4640669], [30.5006749, 50.4639024]]}, "properties": {"osm_source_id": 26409172, "osm_target_id": 4190304279, "osm_key": 0, "length_m": 146.71809329060738, "highway_type": "living_street", "speed_kph": 15, "oneway": false, "name": "\u041b\u0443\u043a\u02bc\u044f\u043d\u0456\u0432\u0441\u044c\u043a\u0438\u0439 \u043f\u0440\u043e\u0432\u0443\u043b\u043e\u043a"}}, {"type": "Feature", "geometry": {"type": "LineString", "coordinates": [[30.5112341, 50.4541208], [30.5111963, 50.4540738], [30.5111542, 50.4540381], [30.510959, 50.453895], [30.5105052, 50.4535577], [30.510425, 50.4534981], [30.5102128, 50.453332], [30.509566, 50.4528254], [30.509535, 50.4528014], [30.5094995, 50.4527739]]}, "properties": {"osm_source_id": 26546015, "osm_target_id": 26546020, "osm_key": 0, "length_m": 193.8413840548753, "highway_type": "residential", "speed_kph": 25, "oneway": true, "name": "\u0432\u0443\u043b\u0438\u0446\u044f \u041e\u043b\u0435\u0441\u044f \u0413\u043e\u043d\u0447\u0430\u0440\u0430"}}, {"type": "Feature", "geometry": {"type": "LineString", "coordinates": [[30.5112341, 50.4541208], [30.5113081, 50.4541001], [30.512393, 50.4538071], [30.5124159, 50.4537973]]}, "properties": {"osm_source_id": 26546015, "osm_target_id": 26546017, "osm_key": 0, "length_m": 91.1084202627635, "highway_type": "residential", "speed_kph": 25, "oneway": true, "name": "\u0421\u0442\u0440\u0456\u0442\u0435\u043d\u0441\u044c\u043a\u0430 \u0432\u0443\u043b\u0438\u0446\u044f"}}, {"type": "Feature", "geometry": {"type": "LineString", "coordinates": [[30.5124159, 50.4537973], [30.5124806, 50.4538395], [30.5134159, 50.454449], [30.5134848, 50.4544901], [30.513629, 50.4546], [30.5136907, 50.4546758]]}, "properties": {"osm_source_id": 26546017, "osm_target_id": 26303143, "osm_key": 0, "length_m": 133.41038755467014, "highway_type": "residential", "speed_kph": 25, "oneway": true, "name": "\u0421\u0442\u0440\u0456\u043b\u0435\u0446\u044c\u043a\u0430 \u0432\u0443\u043b\u0438\u0446\u044f"}}, {"type": "Feature", "geometry": {"type": "LineString", "coordinates": [[30.5094995, 50.4527739], [30.509481, 50.4527931], [30.5094271, 50.4528493], [30.5091227, 50.4531662], [30.5089439, 50.4533522], [30.5086272, 50.4536818], [30.507986, 50.4543493], [30.5078945, 50.45445], [30.5077483, 50.454611], [30.5076455, 50.4547325], [30.507559, 50.454819], [30.5072797, 50.4550933]]}, "properties": {"osm_source_id": 26546020, "osm_target_id": 1069210702, "osm_key": 0, "length_m": 302.06325128131425, "highway_type": "residential", "speed_kph": 25, "oneway": true, "name": "\u0420\u0435\u0439\u0442\u0430\u0440\u0441\u044c\u043a\u0430 \u0432\u0443\u043b\u0438\u0446\u044f"}}, {"type": "Feature", "geometry": {"type": "LineString", "coordinates": [[30.5094995, 50.4527739], [30.5094119, 50.4527088], [30.5087569, 50.452222], [30.5087204, 50.4521958], [30.5086159, 50.4521177]]}, "properties": {"osm_source_id": 26546020, "osm_target_id": 26546022, "osm_key": 0, "length_m": 96.11345094057313, "highway_type": "residential", "speed_kph": 25, "oneway": true, "name": "\u0432\u0443\u043b\u0438\u0446\u044f \u041e\u043b\u0435\u0441\u044f \u0413\u043e\u043d\u0447\u0430\u0440\u0430"}}, {"type": "Feature", "geometry": {"type": "LineString", "coordinates": [[30.5108553, 50.4519344], [30.510892, 50.45197], [30.5111015, 50.4521789], [30.5113082, 50.4523851], [30.5113184, 50.4523953], [30.5114734, 50.4525499]]}, "properties": {"osm_source_id": 26546021, "osm_target_id": 26546242, "osm_key": 0, "length_m": 81.23578224055434, "highway_type": "residential", "speed_kph": 25, "oneway": true, "name": "\u0421\u0442\u0440\u0456\u043b\u0435\u0446\u044c\u043a\u0430 \u0432\u0443\u043b\u0438\u0446\u044f"}}, {"type": "Feature", "geometry": {"type": "LineString", "coordinates": [[30.5108553, 50.4519344], [30.5107859, 50.4519756], [30.5100675, 50.4524214], [30.5098195, 50.4525753], [30.5095747, 50.4527272], [30.5094995, 50.4527739]]}, "properties": {"osm_source_id": 26546021, "osm_target_id": 26546020, "osm_key": 0, "length_m": 133.89752606303492, "highway_type": "residential", "speed_kph": 25, "oneway": true, "name": "\u0420\u0435\u0439\u0442\u0430\u0440\u0441\u044c\u043a\u0430 \u0432\u0443\u043b\u0438\u0446\u044f"}}, {"type": "Feature", "geometry": {"type": "LineString", "coordinates": [[30.5086159, 50.4521177], [30.5085406, 50.4520817], [30.5079439, 50.4517909], [30.5076183, 50.4516404], [30.5075652, 50.4516154], [30.507239, 50.4515138], [30.5067232, 50.4513509], [30.506532, 50.4512905], [30.5064603, 50.4512678], [30.5063195, 50.4512233], [30.5062345, 50.4511964], [30.5061941, 50.4511836], [30.5061678, 50.4511754], [30.5061442, 50.451168], [30.5057311, 50.4510375], [30.5052169, 50.4508751], [30.5050313, 50.4508165], [30.5047662, 50.4507324], [30.5042454, 50.4505671], [30.5038932, 50.4504553], [30.5037414, 50.4504071], [30.503059, 50.4501904], [30.5029541, 50.4501624]]}, "properties": {"osm_source_id": 26546022, "osm_target_id": 26546187, "osm_key": 0, "length_m": 457.3144663893151, "highway_type": "tertiary", "speed_kph": 40, "oneway": false, "name": "\u0432\u0443\u043b\u0438\u0446\u044f \u041e\u043b\u0435\u0441\u044f \u0413\u043e\u043d\u0447\u0430\u0440\u0430"}}, {"type": "Feature", "geometry": {"type": "LineString", "coordinates": [[30.5086159, 50.4521177], [30.5087349, 50.4520238], [30.509136, 50.4517091], [30.5093098, 50.4515712], [30.5095858, 50.4513539], [30.5098096, 50.4511728], [30.5098785, 50.4511171]]}, "properties": {"osm_source_id": 26546022, "osm_target_id": 26546241, "osm_key": 0, "length_m": 142.72734276062585, "highway_type": "tertiary", "speed_kph": 40, "oneway": true, "name": "\u0432\u0443\u043b\u0438\u0446\u044f \u042f\u0440\u043e\u0441\u043b\u0430\u0432\u0456\u0432 \u0412\u0430\u043b"}}, {"type": "Feature", "geometry": {"type": "LineString", "coordinates": [[30.5095832, 50.4489677], [30.5095534, 50.4488897], [30.5094024, 50.4485197], [30.5093836, 50.4484743], [30.5092862, 50.4482393], [30.5091275, 50.4478852], [30.5090758, 50.4477697], [30.5090108, 50.4476246], [30.5089276, 50.4474388], [30.5088116, 50.4471846], [30.5086902, 50.4469003], [30.508649, 50.4468065]]}, "properties": {"osm_source_id": 26546037, "osm_target_id": 26201274, "osm_key": 0, "length_m": 249.26974147948405, "highway_type": "residential", "speed_kph": 25, "oneway": false, "name": "\u0432\u0443\u043b\u0438\u0446\u044f \u0406\u0432\u0430\u043d\u0430 \u0424\u0440\u0430\u043d\u043a\u0430"}}, {"type": "Feature", "geometry": {"type": "LineString", "coordinates": [[30.5095832, 50.4489677], [30.5095486, 50.4489732], [30.5095048, 50.4489813], [30.5094623, 50.4489883], [30.5092886, 50.4490141], [30.5088548, 50.4490786], [30.5081612, 50.4491845], [30.5065959, 50.4494235], [30.5065183, 50.4494353], [30.5062762, 50.4494435], [30.5060193, 50.4494282], [30.5057955, 50.4494128], [30.5055112, 50.4493932], [30.5053523, 50.4493811], [30.5041569, 50.4492871]]}, "properties": {"osm_source_id": 26546037, "osm_target_id": 4711603571, "osm_key": 0, "length_m": 391.3911638238571, "highway_type": "residential", "speed_kph": 25, "oneway": true, "name": "\u0432\u0443\u043b\u0438\u0446\u044f \u0412\u02bc\u044f\u0447\u0435\u0441\u043b\u0430\u0432\u0430 \u041b\u0438\u043f\u0438\u043d\u0441\u044c\u043a\u043e\u0433\u043e"}}, {"type": "Feature", "geometry": {"type": "LineString", "coordinates": [[30.5095832, 50.4489677], [30.5096079, 50.4490489], [30.5097259, 50.4494004], [30.5097957, 50.4495936], [30.5098158, 50.4498143], [30.5099354, 50.4500748], [30.5101915, 50.4506207], [30.5102158, 50.4506748]]}, "properties": {"osm_source_id": 26546037, "osm_target_id": 14124574108, "osm_key": 0, "length_m": 195.57838979368793, "highway_type": "residential", "speed_kph": 25, "oneway": false, "name": "\u0432\u0443\u043b\u0438\u0446\u044f \u0406\u0432\u0430\u043d\u0430 \u0424\u0440\u0430\u043d\u043a\u0430"}}, {"type": "Feature", "geometry": {"type": "LineString", "coordinates": [[30.5059144, 50.4543626], [30.5060009, 50.4542807], [30.5060338, 50.4542448]]}, "properties": {"osm_source_id": 26546040, "osm_target_id": 428628647, "osm_key": 0, "length_m": 15.596179053420052, "highway_type": "secondary", "speed_kph": 45, "oneway": true, "name": "\u041b\u044c\u0432\u0456\u0432\u0441\u044c\u043a\u0430 \u043f\u043b\u043e\u0449\u0430"}}, {"type": "Feature", "geometry": {"type": "LineString", "coordinates": [[30.5059144, 50.4543626], [30.5056098, 50.4542359], [30.5054501, 50.4541695], [30.5052384, 50.4540809], [30.5050266, 50.4539923], [30.5047338, 50.4538708], [30.5046922, 50.4538536], [30.5039426, 50.4535386], [30.5024689, 50.4529219], [30.5023321, 50.452862], [30.5022943, 50.4528467], [30.5019759, 50.4527105], [30.5019619, 50.4527046], [30.5019333, 50.4526924], [30.5016935, 50.4525966], [30.5016356, 50.4525741], [30.5014074, 50.4524823], [30.5010296, 50.4523261]]}, "properties": {"osm_source_id": 26546040, "osm_target_id": 26546052, "osm_key": 0, "length_m": 413.39425306207477, "highway_type": "secondary", "speed_kph": 45, "oneway": false, "name": "\u0411\u0443\u043b\u044c\u0432\u0430\u0440\u043d\u043e-\u041a\u0443\u0434\u0440\u044f\u0432\u0441\u044c\u043a\u0430 \u0432\u0443\u043b\u0438\u0446\u044f"}}, {"type": "Feature", "geometry": {"type": "LineString", "coordinates": [[30.5010296, 50.4523261], [30.5009356, 50.4522874], [30.5007903, 50.4522237]]}, "properties": {"osm_source_id": 26546052, "osm_target_id": 26546188, "osm_key": 0, "length_m": 20.415211707777015, "highway_type": "secondary", "speed_kph": 45, "oneway": false, "name": "\u0411\u0443\u043b\u044c\u0432\u0430\u0440\u043d\u043e-\u041a\u0443\u0434\u0440\u044f\u0432\u0441\u044c\u043a\u0430 \u0432\u0443\u043b\u0438\u0446\u044f"}}, {"type": "Feature", "geometry": {"type": "LineString", "coordinates": [[30.5010296, 50.4523261], [30.5014074, 50.4524823], [30.5016356, 50.4525741], [30.5016935, 50.4525966], [30.5019333, 50.4526924], [30.5019619, 50.4527046], [30.5019759, 50.4527105], [30.5022943, 50.4528467], [30.5023321, 50.452862], [30.5024689, 50.4529219], [30.5039426, 50.4535386], [30.5046922, 50.4538536], [30.5047338, 50.4538708], [30.5050266, 50.4539923], [30.5052384, 50.4540809], [30.5054501, 50.4541695], [30.5056098, 50.4542359], [30.5059144, 50.4543626]]}, "properties": {"osm_source_id": 26546052, "osm_target_id": 26546040, "osm_key": 0, "length_m": 413.39425306207477, "highway_type": "secondary", "speed_kph": 45, "oneway": false, "name": "\u0411\u0443\u043b\u044c\u0432\u0430\u0440\u043d\u043e-\u041a\u0443\u0434\u0440\u044f\u0432\u0441\u044c\u043a\u0430 \u0432\u0443\u043b\u0438\u0446\u044f"}}, {"type": "Feature", "geometry": {"type": "LineString", "coordinates": [[30.5010296, 50.4523261], [30.5010592, 50.4524717], [30.5011013, 50.4526797], [30.5011508, 50.4528545], [30.5012948, 50.4533634], [30.5015417, 50.4542826]]}, "properties": {"osm_source_id": 26546052, "osm_target_id": 270047391, "osm_key": 0, "length_m": 220.58794985749347, "highway_type": "residential", "speed_kph": 25, "oneway": false, "name": "\u041e\u0431\u0441\u0435\u0440\u0432\u0430\u0442\u043e\u0440\u043d\u0430 \u0432\u0443\u043b\u0438\u0446\u044f"}}, {"type": "Feature", "geometry": {"type": "LineString", "coordinates": [[30.5116468, 50.4553343], [30.511636, 50.4552907], [30.5115708, 50.455104], [30.5114414, 50.4547293], [30.5113864, 50.4545639], [30.5113661, 50.4545012], [30.5112674, 50.4541712], [30.5112341, 50.4541208]]}, "properties": {"osm_source_id": 26546063, "osm_target_id": 26546015, "osm_key": 0, "length_m": 138.1867330313062, "highway_type": "residential", "speed_kph": 25, "oneway": true, "name": "\u0432\u0443\u043b\u0438\u0446\u044f \u041e\u043b\u0435\u0441\u044f \u0413\u043e\u043d\u0447\u0430\u0440\u0430"}}, {"type": "Feature", "geometry": {"type": "LineString", "coordinates": [[30.5116468, 50.4553343], [30.5117001, 50.4553379], [30.5118136, 50.4553439], [30.5120059, 50.4553523], [30.5123799, 50.4553614], [30.5128764, 50.4553714], [30.5130371, 50.4553763], [30.5136612, 50.4553992], [30.5137901, 50.4554051]]}, "properties": {"osm_source_id": 26546063, "osm_target_id": 26322660, "osm_key": 0, "length_m": 151.96381936725243, "highway_type": "secondary", "speed_kph": 45, "oneway": false, "name": "\u0412\u0435\u043b\u0438\u043a\u0430 \u0416\u0438\u0442\u043e\u043c\u0438\u0440\u0441\u044c\u043a\u0430 \u0432\u0443\u043b\u0438\u0446\u044f"}}, {"type": "Feature", "geometry": {"type": "LineString", "coordinates": [[30.5116468, 50.4553343], [30.5115733, 50.4553316], [30.5109701, 50.4552895], [30.5103455, 50.4552481], [30.5098057, 50.4552124], [30.5090932, 50.4551752], [30.5086564, 50.4551606]]}, "properties": {"osm_source_id": 26546063, "osm_target_id": 2462504913, "osm_key": 0, "length_m": 212.62867988308028, "highway_type": "secondary", "speed_kph": 45, "oneway": false, "name": "\u0412\u0435\u043b\u0438\u043a\u0430 \u0416\u0438\u0442\u043e\u043c\u0438\u0440\u0441\u044c\u043a\u0430 \u0432\u0443\u043b\u0438\u0446\u044f"}}, {"type": "Feature", "geometry": {"type": "LineString", "coordinates": [[30.5134348, 50.4491266], [30.5135879, 50.4491015], [30.5143905, 50.4489697], [30.5145758, 50.4489393]]}, "properties": {"osm_source_id": 26546084, "osm_target_id": 26201280, "osm_key": 0, "length_m": 83.4299237785231, "highway_type": "tertiary", "speed_kph": 40, "oneway": true, "name": "\u0432\u0443\u043b\u0438\u0446\u044f \u042f\u0440\u043e\u0441\u043b\u0430\u0432\u0456\u0432 \u0412\u0430\u043b"}}, {"type": "Feature", "geometry": {"type": "LineString", "coordinates": [[30.5176943, 50.4508328], [30.5176706, 50.4508711], [30.517632, 50.4508944], [30.5166825, 50.451064], [30.5162251, 50.4511453], [30.5159158, 50.4511993], [30.5156661, 50.4512421], [30.5155156, 50.451292]]}, "properties": {"osm_source_id": 26546092, "osm_target_id": 26201279, "osm_key": 0, "length_m": 164.8175479046818, "highway_type": "residential", "speed_kph": 25, "oneway": true, "name": "\u0406\u0440\u0438\u043d\u0438\u043d\u0441\u044c\u043a\u0430 \u0432\u0443\u043b\u0438\u0446\u044f"}}, {"type": "Feature", "geometry": {"type": "LineString", "coordinates": [[30.5176943, 50.4508328], [30.5175005, 50.4503562], [30.5174307, 50.4501846], [30.5172387, 50.4497124], [30.5172168, 50.4496585]]}, "properties": {"osm_source_id": 26546092, "osm_target_id": 26303162, "osm_key": 0, "length_m": 134.88221186490392, "highway_type": "residential", "speed_kph": 25, "oneway": false, "name": "\u0432\u0443\u043b\u0438\u0446\u044f \u041f\u0430\u0442\u043e\u0440\u0436\u0438\u043d\u0441\u044c\u043a\u043e\u0433\u043e"}}, {"type": "Feature", "geometry": {"type": "LineString", "coordinates": [[30.5070478, 50.4470694], [30.50677, 50.4471164], [30.5067451, 50.4471204], [30.506642, 50.447137], [30.5061757, 50.4472153], [30.506108, 50.4472266], [30.5060838, 50.4472307], [30.5055134, 50.4473265], [30.5047904, 50.4474479], [30.5047003, 50.4474618], [30.5039915, 50.447582], [30.503875, 50.4475984]]}, "properties": {"osm_source_id": 26546136, "osm_target_id": 26546137, "osm_key": 0, "length_m": 232.2399460791377, "highway_type": "tertiary", "speed_kph": 40, "oneway": false, "name": "\u0432\u0443\u043b\u0438\u0446\u044f \u0411\u043e\u0433\u0434\u0430\u043d\u0430 \u0425\u043c\u0435\u043b\u044c\u043d\u0438\u0446\u044c\u043a\u043e\u0433\u043e"}}, {"type": "Feature", "geometry": {"type": "LineString", "coordinates": [[30.5070478, 50.4470694], [30.5072408, 50.4470366], [30.5072733, 50.447031], [30.507344, 50.4470192], [30.5081263, 50.4468929], [30.5085006, 50.4468325], [30.5085404, 50.4468256], [30.508649, 50.4468065]]}, "properties": {"osm_source_id": 26546136, "osm_target_id": 26201274, "osm_key": 0, "length_m": 117.08902459263066, "highway_type": "tertiary", "speed_kph": 40, "oneway": false, "name": "\u0432\u0443\u043b\u0438\u0446\u044f \u0411\u043e\u0433\u0434\u0430\u043d\u0430 \u0425\u043c\u0435\u043b\u044c\u043d\u0438\u0446\u044c\u043a\u043e\u0433\u043e"}}, {"type": "Feature", "geometry": {"type": "LineString", "coordinates": [[30.5070478, 50.4470694], [30.5070192, 50.4470014], [30.5070016, 50.4469595], [30.5069573, 50.4468557], [30.5069155, 50.4467578], [30.5068799, 50.4466684], [30.5068325, 50.4465494], [30.5067762, 50.446408], [30.5066447, 50.4460778], [30.5066389, 50.4460632], [30.5066121, 50.445996], [30.5063901, 50.4454387], [30.5061353, 50.4448262], [30.5060997, 50.4447395]]}, "properties": {"osm_source_id": 26546136, "osm_target_id": 546450905, "osm_key": 0, "length_m": 267.63565622516165, "highway_type": "residential", "speed_kph": 25, "oneway": false, "name": "\u0432\u0443\u043b\u0438\u0446\u044f \u041f\u0438\u0440\u043e\u0433\u043e\u0432\u0430"}}, {"type": "Feature", "geometry": {"type": "LineString", "coordinates": [[30.503875, 50.4475984], [30.5039196, 50.4477153], [30.5041769, 50.4483863], [30.5041773, 50.4484277], [30.5041776, 50.4484657], [30.5041584, 50.4485432], [30.50408, 50.4486905], [30.5037067, 50.4491795], [30.5036534, 50.4492493]]}, "properties": {"osm_source_id": 26546137, "osm_target_id": 26546182, "osm_key": 0, "length_m": 194.1167517564733, "highway_type": "residential", "speed_kph": 25, "oneway": false, "name": "\u0432\u0443\u043b\u0438\u0446\u044f \u041c\u0438\u0445\u0430\u0439\u043b\u0430 \u041a\u043e\u0446\u044e\u0431\u0438\u043d\u0441\u044c\u043a\u043e\u0433\u043e"}}, {"type": "Feature", "geometry": {"type": "LineString", "coordinates": [[30.503875, 50.4475984], [30.5039915, 50.447582], [30.5047003, 50.4474618], [30.5047904, 50.4474479], [30.5055134, 50.4473265], [30.5060838, 50.4472307], [30.506108, 50.4472266], [30.5061757, 50.4472153], [30.506642, 50.447137], [30.5067451, 50.4471204], [30.50677, 50.4471164], [30.5070478, 50.4470694]]}, "properties": {"osm_source_id": 26546137, "osm_target_id": 26546136, "osm_key": 0, "length_m": 232.23994607913772, "highway_type": "tertiary", "speed_kph": 40, "oneway": false, "name": "\u0432\u0443\u043b\u0438\u0446\u044f \u0411\u043e\u0433\u0434\u0430\u043d\u0430 \u0425\u043c\u0435\u043b\u044c\u043d\u0438\u0446\u044c\u043a\u043e\u0433\u043e"}}, {"type": "Feature", "geometry": {"type": "LineString", "coordinates": [[30.503875, 50.4475984], [30.503829, 50.447488], [30.503588, 50.4468734], [30.5033755, 50.4463316], [30.5031858, 50.4458477], [30.5029911, 50.4453511], [30.5029527, 50.4452519]]}, "properties": {"osm_source_id": 26546137, "osm_target_id": 546450901, "osm_key": 0, "length_m": 268.9695503834013, "highway_type": "residential", "speed_kph": 25, "oneway": true, "name": "\u0432\u0443\u043b\u0438\u0446\u044f \u041c\u0438\u0445\u0430\u0439\u043b\u0430 \u041a\u043e\u0446\u044e\u0431\u0438\u043d\u0441\u044c\u043a\u043e\u0433\u043e"}}, {"type": "Feature", "geometry": {"type": "LineString", "coordinates": [[30.503875, 50.4475984], [30.5037539, 50.4476146], [30.5034131, 50.4476708], [30.5030451, 50.4477314], [30.5017633, 50.4479427], [30.501142, 50.4480451], [30.5006677, 50.4481233], [30.5005915, 50.4481359], [30.5005503, 50.4481427], [30.50043, 50.4481624], [30.4993048, 50.448348], [30.4990426, 50.4483912], [30.4989772, 50.448402], [30.4984186, 50.4484941], [30.4983767, 50.448501], [30.4982991, 50.4485166], [30.498211, 50.4485658], [30.4981904, 50.4486002], [30.4981687, 50.4486364]]}, "properties": {"osm_source_id": 26546137, "osm_target_id": 648874947, "osm_key": 0, "length_m": 424.5148688332936, "highway_type": "tertiary", "speed_kph": 40, "oneway": false, "name": "\u0432\u0443\u043b\u0438\u0446\u044f \u0411\u043e\u0433\u0434\u0430\u043d\u0430 \u0425\u043c\u0435\u043b\u044c\u043d\u0438\u0446\u044c\u043a\u043e\u0433\u043e"}}, {"type": "Feature", "geometry": {"type": "LineString", "coordinates": [[30.5036534, 50.4492493], [30.5037067, 50.4491795], [30.50408, 50.4486905], [30.5041584, 50.4485432], [30.5041776, 50.4484657], [30.5041773, 50.4484277], [30.5041769, 50.4483863], [30.5039196, 50.4477153], [30.503875, 50.4475984]]}, "properties": {"osm_source_id": 26546182, "osm_target_id": 26546137, "osm_key": 0, "length_m": 194.1167517564733, "highway_type": "residential", "speed_kph": 25, "oneway": false, "name": "\u0432\u0443\u043b\u0438\u0446\u044f \u041c\u0438\u0445\u0430\u0439\u043b\u0430 \u041a\u043e\u0446\u044e\u0431\u0438\u043d\u0441\u044c\u043a\u043e\u0433\u043e"}}, {"type": "Feature", "geometry": {"type": "LineString", "coordinates": [[30.5036534, 50.4492493], [30.5036977, 50.4492541], [30.5037741, 50.4492624], [30.5038068, 50.4492637], [30.5041569, 50.4492871]]}, "properties": {"osm_source_id": 26546182, "osm_target_id": 4711603571, "osm_key": 0, "length_m": 35.914117092618696, "highway_type": "residential", "speed_kph": 25, "oneway": false, "name": "\u0432\u0443\u043b\u0438\u0446\u044f \u0412\u02bc\u044f\u0447\u0435\u0441\u043b\u0430\u0432\u0430 \u041b\u0438\u043f\u0438\u043d\u0441\u044c\u043a\u043e\u0433\u043e"}}, {"type": "Feature", "geometry": {"type": "LineString", "coordinates": [[30.5036534, 50.4492493], [30.5035879, 50.4493336], [30.5033159, 50.4496854], [30.5030373, 50.4500456], [30.5030098, 50.4500812], [30.5029763, 50.45013], [30.5029541, 50.4501624]]}, "properties": {"osm_source_id": 26546182, "osm_target_id": 26546187, "osm_key": 0, "length_m": 112.9712591836819, "highway_type": "residential", "speed_kph": 25, "oneway": false, "name": "\u0432\u0443\u043b\u0438\u0446\u044f \u041c\u0438\u0445\u0430\u0439\u043b\u0430 \u041a\u043e\u0446\u044e\u0431\u0438\u043d\u0441\u044c\u043a\u043e\u0433\u043e"}}, {"type": "Feature", "geometry": {"type": "LineString", "coordinates": [[30.5029541, 50.4501624], [30.5028913, 50.4502477], [30.5028822, 50.4502562], [30.502409, 50.4507014], [30.5022634, 50.4508383], [30.5018854, 50.4511938], [30.5017933, 50.4512804], [30.5017012, 50.451367], [30.5014942, 50.4515617], [30.5013998, 50.4516485], [30.5009029, 50.4521178], [30.5007903, 50.4522237]]}, "properties": {"osm_source_id": 26546187, "osm_target_id": 26546188, "osm_key": 0, "length_m": 275.81645629132186, "highway_type": "residential", "speed_kph": 25, "oneway": true, "name": "\u0427\u0435\u0445\u043e\u0432\u0441\u044c\u043a\u0438\u0439 \u043f\u0440\u043e\u0432\u0443\u043b\u043e\u043a"}}, {"type": "Feature", "geometry": {"type": "LineString", "coordinates": [[30.5029541, 50.4501624], [30.5029763, 50.45013], [30.5030098, 50.4500812], [30.5030373, 50.4500456], [30.5033159, 50.4496854], [30.5035879, 50.4493336], [30.5036534, 50.4492493]]}, "properties": {"osm_source_id": 26546187, "osm_target_id": 26546182, "osm_key": 0, "length_m": 112.9712591836819, "highway_type": "residential", "speed_kph": 25, "oneway": false, "name": "\u0432\u0443\u043b\u0438\u0446\u044f \u041c\u0438\u0445\u0430\u0439\u043b\u0430 \u041a\u043e\u0446\u044e\u0431\u0438\u043d\u0441\u044c\u043a\u043e\u0433\u043e"}}, {"type": "Feature", "geometry": {"type": "LineString", "coordinates": [[30.5029541, 50.4501624], [30.503059, 50.4501904], [30.5037414, 50.4504071], [30.5038932, 50.4504553], [30.5042454, 50.4505671], [30.5047662, 50.4507324], [30.5050313, 50.4508165], [30.5052169, 50.4508751], [30.5057311, 50.4510375], [30.5061442, 50.451168], [30.5061678, 50.4511754], [30.5061941, 50.4511836], [30.5062345, 50.4511964], [30.5063195, 50.4512233], [30.5064603, 50.4512678], [30.506532, 50.4512905], [30.5067232, 50.4513509], [30.507239, 50.4515138], [30.5075652, 50.4516154], [30.5076183, 50.4516404], [30.5079439, 50.4517909], [30.5085406, 50.4520817], [30.5086159, 50.4521177]]}, "properties": {"osm_source_id": 26546187, "osm_target_id": 26546022, "osm_key": 0, "length_m": 457.31446638931516, "highway_type": "tertiary", "speed_kph": 40, "oneway": false, "name": "\u0432\u0443\u043b\u0438\u0446\u044f \u041e\u043b\u0435\u0441\u044f \u0413\u043e\u043d\u0447\u0430\u0440\u0430"}}, {"type": "Feature", "geometry": {"type": "LineString", "coordinates": [[30.5029541, 50.4501624], [30.5028515, 50.4501326], [30.5025232, 50.4500284], [30.5011369, 50.449591], [30.5006088, 50.4494209], [30.4998549, 50.4491817], [30.499229, 50.4489831], [30.4991441, 50.448956], [30.4989653, 50.4488981], [30.4987643, 50.4488371], [30.4987197, 50.448823], [30.4983295, 50.4487011], [30.4981687, 50.4486364]]}, "properties": {"osm_source_id": 26546187, "osm_target_id": 648874947, "osm_key": 0, "length_m": 379.0192763675355, "highway_type": "tertiary", "speed_kph": 40, "oneway": false, "name": "\u0432\u0443\u043b\u0438\u0446\u044f \u041e\u043b\u0435\u0441\u044f \u0413\u043e\u043d\u0447\u0430\u0440\u0430"}}, {"type": "Feature", "geometry": {"type": "LineString", "coordinates": [[30.5007903, 50.4522237], [30.5009356, 50.4522874], [30.5010296, 50.4523261]]}, "properties": {"osm_source_id": 26546188, "osm_target_id": 26546052, "osm_key": 0, "length_m": 20.415211707777015, "highway_type": "secondary", "speed_kph": 45, "oneway": false, "name": "\u0411\u0443\u043b\u044c\u0432\u0430\u0440\u043d\u043e-\u041a\u0443\u0434\u0440\u044f\u0432\u0441\u044c\u043a\u0430 \u0432\u0443\u043b\u0438\u0446\u044f"}}, {"type": "Feature", "geometry": {"type": "LineString", "coordinates": [[30.5007903, 50.4522237], [30.500663, 50.4521708], [30.5004252, 50.4520702], [30.5003043, 50.4520185], [30.5002442, 50.4519929], [30.4994965, 50.4516735], [30.4993868, 50.4516266], [30.4993601, 50.4516156], [30.4992706, 50.4515788], [30.4990273, 50.4514785], [30.498882, 50.4514187], [30.4987696, 50.4513724], [30.4976602, 50.4508981], [30.497379, 50.4507779], [30.4973265, 50.4507555], [30.4968073, 50.4505264], [30.4965425, 50.4504096], [30.4964458, 50.4503694]]}, "properties": {"osm_source_id": 26546188, "osm_target_id": 26546193, "osm_key": 0, "length_m": 370.3278150086542, "highway_type": "secondary", "speed_kph": 45, "oneway": false, "name": "\u0411\u0443\u043b\u044c\u0432\u0430\u0440\u043d\u043e-\u041a\u0443\u0434\u0440\u044f\u0432\u0441\u044c\u043a\u0430 \u0432\u0443\u043b\u0438\u0446\u044f"}}, {"type": "Feature", "geometry": {"type": "LineString", "coordinates": [[30.4964458, 50.4503694], [30.4965425, 50.4504096], [30.4968073, 50.4505264], [30.4973265, 50.4507555], [30.497379, 50.4507779], [30.4976602, 50.4508981], [30.4987696, 50.4513724], [30.498882, 50.4514187], [30.4990273, 50.4514785], [30.4992706, 50.4515788], [30.4993601, 50.4516156], [30.4993868, 50.4516266], [30.4994965, 50.4516735], [30.5002442, 50.4519929], [30.5003043, 50.4520185], [30.5004252, 50.4520702], [30.500663, 50.4521708], [30.5007903, 50.4522237]]}, "properties": {"osm_source_id": 26546193, "osm_target_id": 26546188, "osm_key": 0, "length_m": 370.3278150086541, "highway_type": "secondary", "speed_kph": 45, "oneway": false, "name": "\u0411\u0443\u043b\u044c\u0432\u0430\u0440\u043d\u043e-\u041a\u0443\u0434\u0440\u044f\u0432\u0441\u044c\u043a\u0430 \u0432\u0443\u043b\u0438\u0446\u044f"}}, {"type": "Feature", "geometry": {"type": "LineString", "coordinates": [[30.4964458, 50.4503694], [30.4965408, 50.4502799], [30.496551, 50.4502688], [30.4969634, 50.4498705], [30.4970367, 50.4497998], [30.4972346, 50.4496091], [30.4973074, 50.4495389], [30.4973567, 50.4494914], [30.4975063, 50.4493471], [30.4975435, 50.4493098], [30.4977263, 50.4491351], [30.4977633, 50.4490988], [30.4978615, 50.4490048], [30.4979813, 50.4488893], [30.4981541, 50.4487227], [30.4981687, 50.4486364]]}, "properties": {"osm_source_id": 26546193, "osm_target_id": 648874947, "osm_key": 0, "length_m": 229.10390137609892, "highway_type": "tertiary", "speed_kph": 40, "oneway": false, "name": "\u0413\u043e\u0433\u043e\u043b\u0456\u0432\u0441\u044c\u043a\u0430 \u0432\u0443\u043b\u0438\u0446\u044f"}}, {"type": "Feature", "geometry": {"type": "LineString", "coordinates": [[30.5098785, 50.4511171], [30.5099608, 50.4511647], [30.5102255, 50.4513946], [30.5102719, 50.4514354], [30.5105187, 50.4516524], [30.5105464, 50.4516767], [30.5108059, 50.4518903], [30.5108553, 50.4519344]]}, "properties": {"osm_source_id": 26546241, "osm_target_id": 26546021, "osm_key": 0, "length_m": 114.35286037614455, "highway_type": "residential", "speed_kph": 25, "oneway": true, "name": "\u0421\u0442\u0440\u0456\u043b\u0435\u0446\u044c\u043a\u0430 \u0432\u0443\u043b\u0438\u0446\u044f"}}, {"type": "Feature", "geometry": {"type": "LineString", "coordinates": [[30.5098785, 50.4511171], [30.5099434, 50.4510658], [30.5102254, 50.4508433]]}, "properties": {"osm_source_id": 26546241, "osm_target_id": 14124574110, "osm_key": 0, "length_m": 39.117349866714356, "highway_type": "tertiary", "speed_kph": 40, "oneway": true, "name": "\u0432\u0443\u043b\u0438\u0446\u044f \u042f\u0440\u043e\u0441\u043b\u0430\u0432\u0456\u0432 \u0412\u0430\u043b"}}, {"type": "Feature", "geometry": {"type": "LineString", "coordinates": [[30.5114734, 50.4525499], [30.5115635, 50.452683], [30.5120134, 50.4533474], [30.5122686, 50.4536842], [30.5124159, 50.4537973]]}, "properties": {"osm_source_id": 26546242, "osm_target_id": 26546017, "osm_key": 0, "length_m": 154.48696125028403, "highway_type": "residential", "speed_kph": 25, "oneway": true, "name": "\u0421\u0442\u0440\u0456\u043b\u0435\u0446\u044c\u043a\u0430 \u0432\u0443\u043b\u0438\u0446\u044f"}}, {"type": "Feature", "geometry": {"type": "LineString", "coordinates": [[30.505682, 50.4570689], [30.5055947, 50.4570676], [30.5050221, 50.4570594], [30.5042739, 50.4570533], [30.5040109, 50.4570515], [30.5026368, 50.4570408], [30.5020056, 50.4570369], [30.501986, 50.4570371], [30.5019297, 50.4570384], [30.5017204, 50.4570326]]}, "properties": {"osm_source_id": 26546255, "osm_target_id": 9273369975, "osm_key": 0, "length_m": 280.4973950821729, "highway_type": "residential", "speed_kph": 25, "oneway": true, "name": "\u041d\u0435\u0441\u0442\u043e\u0440\u0456\u0432\u0441\u044c\u043a\u0438\u0439 \u043f\u0440\u043e\u0432\u0443\u043b\u043e\u043a"}}, {"type": "Feature", "geometry": {"type": "LineString", "coordinates": [[30.505682, 50.4570689], [30.505699, 50.457095], [30.505807, 50.4572608]]}, "properties": {"osm_source_id": 26546255, "osm_target_id": 26546258, "osm_key": 0, "length_m": 23.100463050680478, "highway_type": "residential", "speed_kph": 25, "oneway": false, "name": "\u0412\u043e\u0437\u043d\u0435\u0441\u0435\u043d\u0441\u044c\u043a\u0438\u0439 \u0443\u0437\u0432\u0456\u0437"}}, {"type": "Feature", "geometry": {"type": "LineString", "coordinates": [[30.505807, 50.4572608], [30.5058418, 50.4572525], [30.505892, 50.4572416], [30.5067634, 50.457053], [30.5069594, 50.4570106], [30.5071777, 50.4569693], [30.507251, 50.4569554], [30.5075889, 50.4568915], [30.5082896, 50.4567461], [30.5084921, 50.4567206], [30.5086369, 50.4567024]]}, "properties": {"osm_source_id": 26546258, "osm_target_id": 1579361161, "osm_key": 0, "length_m": 209.92222853174724, "highway_type": "residential", "speed_kph": 25, "oneway": false, "name": "\u041a\u0438\u044f\u043d\u0456\u0432\u0441\u044c\u043a\u0438\u0439 \u043f\u0440\u043e\u0432\u0443\u043b\u043e\u043a"}}, {"type": "Feature", "geometry": {"type": "LineString", "coordinates": [[30.505807, 50.4572608], [30.5058421, 50.4573147], [30.5059145, 50.4574258], [30.5059456, 50.4574735], [30.5059675, 50.4575072]]}, "properties": {"osm_source_id": 26546258, "osm_target_id": 648875004, "osm_key": 0, "length_m": 29.661017386009668, "highway_type": "residential", "speed_kph": 25, "oneway": false, "name": "\u0412\u043e\u0437\u043d\u0435\u0441\u0435\u043d\u0441\u044c\u043a\u0438\u0439 \u0443\u0437\u0432\u0456\u0437"}}, {"type": "Feature", "geometry": {"type": "LineString", "coordinates": [[30.505807, 50.4572608], [30.505699, 50.457095], [30.505682, 50.4570689]]}, "properties": {"osm_source_id": 26546258, "osm_target_id": 26546255, "osm_key": 0, "length_m": 23.100463050680478, "highway_type": "residential", "speed_kph": 25, "oneway": false, "name": "\u0412\u043e\u0437\u043d\u0435\u0441\u0435\u043d\u0441\u044c\u043a\u0438\u0439 \u0443\u0437\u0432\u0456\u0437"}}, {"type": "Feature", "geometry": {"type": "LineString", "coordinates": [[30.5191434, 50.4528624], [30.5195462, 50.4529985], [30.5196247, 50.4530255], [30.5198468, 50.4531017], [30.5201079, 50.4531914], [30.5201761, 50.4532132]]}, "properties": {"osm_source_id": 26546272, "osm_target_id": 26303124, "osm_key": 0, "length_m": 82.87109309623105, "highway_type": "residential", "speed_kph": 25, "oneway": true, "name": "\u041c\u0438\u0445\u0430\u0439\u043b\u0456\u0432\u0441\u044c\u043a\u0438\u0439 \u043f\u0440\u043e\u0432\u0443\u043b\u043e\u043a"}}, {"type": "Feature", "geometry": {"type": "LineString", "coordinates": [[30.5179583, 50.4541048], [30.5180934, 50.453972], [30.51911, 50.4528976], [30.5191434, 50.4528624]]}, "properties": {"osm_source_id": 26546273, "osm_target_id": 26546272, "osm_key": 0, "length_m": 161.64005506284727, "highway_type": "residential", "speed_kph": 25, "oneway": true, "name": "\u0432\u0443\u043b\u0438\u0446\u044f \u0410\u043b\u043b\u0438 \u0422\u0430\u0440\u0430\u0441\u043e\u0432\u043e\u0457"}}, {"type": "Feature", "geometry": {"type": "LineString", "coordinates": [[30.5179583, 50.4541048], [30.5188823, 50.4544777], [30.518974, 50.4545132]]}, "properties": {"osm_source_id": 26546273, "osm_target_id": 26303122, "osm_key": 0, "length_m": 85.04892518603322, "highway_type": "residential", "speed_kph": 25, "oneway": false, "name": "\u0412\u043e\u043b\u043e\u0434\u0438\u043c\u0438\u0440\u0441\u044c\u043a\u0438\u0439 \u043f\u0440\u043e\u0457\u0437\u0434"}}, {"type": "Feature", "geometry": {"type": "LineString", "coordinates": [[30.5179583, 50.4541048], [30.5175356, 50.4539311], [30.5173727, 50.4538628], [30.517276, 50.4538223], [30.5170542, 50.4537328]]}, "properties": {"osm_source_id": 26546273, "osm_target_id": 26201287, "osm_key": 0, "length_m": 76.21230210509194, "highway_type": "residential", "speed_kph": 25, "oneway": false, "name": "\u0412\u043e\u043b\u043e\u0434\u0438\u043c\u0438\u0440\u0441\u044c\u043a\u0438\u0439 \u043f\u0440\u043e\u0457\u0437\u0434"}}, {"type": "Feature", "geometry": {"type": "LineString", "coordinates": [[30.5274627, 50.4465121], [30.52756, 50.4465748], [30.5280525, 50.4469092], [30.5281427, 50.4469699], [30.5290185, 50.4475596], [30.5292967, 50.4477471], [30.5293967, 50.4478142], [30.5292682, 50.4478688], [30.5288522, 50.4480454], [30.5287882, 50.4480742], [30.5287268, 50.4481053], [30.5286682, 50.4481385], [30.5286126, 50.4481737], [30.5285602, 50.4482108], [30.5285179, 50.4482443], [30.5285111, 50.4482497], [30.5284654, 50.4482903], [30.5284234, 50.4483325], [30.5277058, 50.4490981], [30.5276761, 50.4491279], [30.5276717, 50.4491324], [30.5276345, 50.4491653], [30.5275945, 50.4491969], [30.5275517, 50.449227], [30.5275064, 50.4492555], [30.5274586, 50.4492823], [30.5274084, 50.4493074], [30.527389, 50.4493165], [30.5271969, 50.4494071], [30.5270898, 50.4494577]]}, "properties": {"osm_source_id": 26546297, "osm_target_id": 1826053171, "osm_key": 0, "length_m": 448.85285295291516, "highway_type": "residential", "speed_kph": 25, "oneway": false, "name": null}}, {"type": "Feature", "geometry": {"type": "LineString", "coordinates": [[30.5274627, 50.4465121], [30.527379, 50.4465979], [30.5273047, 50.4466743], [30.5271236, 50.4468602], [30.5270866, 50.4468982], [30.5266961, 50.447299], [30.5265352, 50.4474641], [30.5264548, 50.4475466], [30.5263972, 50.447614]]}, "properties": {"osm_source_id": 26546297, "osm_target_id": 26546299, "osm_key": 0, "length_m": 143.90420692356548, "highway_type": "residential", "speed_kph": 25, "oneway": false, "name": "\u0432\u0443\u043b\u0438\u0446\u044f \u0410\u0440\u0445\u0456\u0442\u0435\u043a\u0442\u043e\u0440\u0430 \u0413\u043e\u0440\u043e\u0434\u0435\u0446\u044c\u043a\u043e\u0433\u043e"}}, {"type": "Feature", "geometry": {"type": "LineString", "coordinates": [[30.5274627, 50.4465121], [30.5274194, 50.4464826], [30.527397, 50.4464663], [30.5273751, 50.4464497], [30.5273663, 50.4464427], [30.526928, 50.446049]]}, "properties": {"osm_source_id": 26546297, "osm_target_id": 26546302, "osm_key": 0, "length_m": 63.9690715351218, "highway_type": "residential", "speed_kph": 25, "oneway": false, "name": "\u043f\u043b\u043e\u0449\u0430 \u0406\u0432\u0430\u043d\u0430 \u0424\u0440\u0430\u043d\u043a\u0430"}}, {"type": "Feature", "geometry": {"type": "LineString", "coordinates": [[30.5263972, 50.447614], [30.5263594, 50.4476591], [30.5262363, 50.4478042], [30.5259872, 50.448066], [30.5257162, 50.4483047], [30.5257013, 50.4483186], [30.5256847, 50.4483313], [30.5256663, 50.448343], [30.5256463, 50.4483535], [30.5256246, 50.4483631], [30.5250353, 50.4485958], [30.5242547, 50.4489016], [30.5240321, 50.4489888], [30.5236148, 50.4491523], [30.5235318, 50.4491819]]}, "properties": {"osm_source_id": 26546299, "osm_target_id": 10294245842, "osm_key": 0, "length_m": 273.9915630852537, "highway_type": "residential", "speed_kph": 25, "oneway": false, "name": "\u0432\u0443\u043b\u0438\u0446\u044f \u0410\u0440\u0445\u0456\u0442\u0435\u043a\u0442\u043e\u0440\u0430 \u0413\u043e\u0440\u043e\u0434\u0435\u0446\u044c\u043a\u043e\u0433\u043e"}}, {"type": "Feature", "geometry": {"type": "LineString", "coordinates": [[30.5263972, 50.447614], [30.5264548, 50.4475466], [30.5265352, 50.4474641], [30.5266961, 50.447299], [30.5270866, 50.4468982], [30.5271236, 50.4468602], [30.5273047, 50.4466743], [30.527379, 50.4465979], [30.5274627, 50.4465121]]}, "properties": {"osm_source_id": 26546299, "osm_target_id": 26546297, "osm_key": 0, "length_m": 143.90420692356548, "highway_type": "residential", "speed_kph": 25, "oneway": false, "name": "\u0432\u0443\u043b\u0438\u0446\u044f \u0410\u0440\u0445\u0456\u0442\u0435\u043a\u0442\u043e\u0440\u0430 \u0413\u043e\u0440\u043e\u0434\u0435\u0446\u044c\u043a\u043e\u0433\u043e"}}, {"type": "Feature", "geometry": {"type": "LineString", "coordinates": [[30.5263972, 50.447614], [30.5263176, 50.4475707], [30.5261627, 50.4474327], [30.5258708, 50.4471726], [30.5254279, 50.4467472], [30.5253831, 50.4467042]]}, "properties": {"osm_source_id": 26546299, "osm_target_id": 26546300, "osm_key": 0, "length_m": 124.31471481258812, "highway_type": "residential", "speed_kph": 25, "oneway": false, "name": "\u0432\u0443\u043b\u0438\u0446\u044f \u0417\u0430\u043d\u044c\u043a\u043e\u0432\u0435\u0446\u044c\u043a\u043e\u0457"}}, {"type": "Feature", "geometry": {"type": "LineString", "coordinates": [[30.5253831, 50.4467042], [30.5254279, 50.4467472], [30.5258708, 50.4471726], [30.5261627, 50.4474327], [30.5263176, 50.4475707], [30.5263972, 50.447614]]}, "properties": {"osm_source_id": 26546300, "osm_target_id": 26546299, "osm_key": 0, "length_m": 124.31471481258814, "highway_type": "residential", "speed_kph": 25, "oneway": false, "name": "\u0432\u0443\u043b\u0438\u0446\u044f \u0417\u0430\u043d\u044c\u043a\u043e\u0432\u0435\u0446\u044c\u043a\u043e\u0457"}}, {"type": "Feature", "geometry": {"type": "LineString", "coordinates": [[30.5253831, 50.4467042], [30.5252894, 50.4466141], [30.5252392, 50.4465659], [30.5249031, 50.446243], [30.5243092, 50.4456726], [30.524246, 50.4456133]]}, "properties": {"osm_source_id": 26546300, "osm_target_id": 4931511367, "osm_key": 0, "length_m": 145.5936825176044, "highway_type": "residential", "speed_kph": 25, "oneway": false, "name": "\u0432\u0443\u043b\u0438\u0446\u044f \u0417\u0430\u043d\u044c\u043a\u043e\u0432\u0435\u0446\u044c\u043a\u043e\u0457"}}, {"type": "Feature", "geometry": {"type": "LineString", "coordinates": [[30.5253831, 50.4467042], [30.5254877, 50.4466598], [30.5267485, 50.4461251], [30.526928, 50.446049]]}, "properties": {"osm_source_id": 26546300, "osm_target_id": 26546302, "osm_key": 0, "length_m": 131.43309323559558, "highway_type": "residential", "speed_kph": 25, "oneway": true, "name": "\u0432\u0443\u043b\u0438\u0446\u044f \u0411\u043e\u0433\u0434\u0430\u043d\u0430 \u0421\u0442\u0443\u043f\u043a\u0438"}}, {"type": "Feature", "geometry": {"type": "LineString", "coordinates": [[30.526928, 50.446049], [30.5268829, 50.4460081], [30.526874, 50.4459953], [30.5268734, 50.4459814], [30.5268813, 50.4459683], [30.5268964, 50.4459582], [30.527533, 50.4456702], [30.5279023, 50.4459979], [30.5279137, 50.4460119], [30.5279181, 50.4460275], [30.5279153, 50.4460432], [30.5279055, 50.4460577], [30.5275197, 50.4464555], [30.5274627, 50.4465121]]}, "properties": {"osm_source_id": 26546302, "osm_target_id": 26546297, "osm_key": 0, "length_m": 178.41092012270406, "highway_type": "residential", "speed_kph": 25, "oneway": true, "name": "\u043f\u043b\u043e\u0449\u0430 \u0406\u0432\u0430\u043d\u0430 \u0424\u0440\u0430\u043d\u043a\u0430"}}, {"type": "Feature", "geometry": {"type": "LineString", "coordinates": [[30.526928, 50.446049], [30.5273663, 50.4464427], [30.5273751, 50.4464497], [30.527397, 50.4464663], [30.5274194, 50.4464826], [30.5274627, 50.4465121]]}, "properties": {"osm_source_id": 26546302, "osm_target_id": 26546297, "osm_key": 1, "length_m": 63.96907153512179, "highway_type": "residential", "speed_kph": 25, "oneway": false, "name": "\u043f\u043b\u043e\u0449\u0430 \u0406\u0432\u0430\u043d\u0430 \u0424\u0440\u0430\u043d\u043a\u0430"}}, {"type": "Feature", "geometry": {"type": "LineString", "coordinates": [[30.5362453, 50.4449963], [30.5363266, 50.4449555]]}, "properties": {"osm_source_id": 26546409, "osm_target_id": 601265997, "osm_key": 0, "length_m": 7.32970716231358, "highway_type": "tertiary", "speed_kph": 40, "oneway": false, "name": "\u0406\u043d\u0441\u0442\u0438\u0442\u0443\u0442\u0441\u044c\u043a\u0430 \u0432\u0443\u043b\u0438\u0446\u044f"}}, {"type": "Feature", "geometry": {"type": "LineString", "coordinates": [[30.5362453, 50.4449963], [30.53614, 50.445051]]}, "properties": {"osm_source_id": 26546409, "osm_target_id": 601265996, "osm_key": 0, "length_m": 9.622536932750425, "highway_type": "tertiary", "speed_kph": 40, "oneway": false, "name": "\u0406\u043d\u0441\u0442\u0438\u0442\u0443\u0442\u0441\u044c\u043a\u0430 \u0432\u0443\u043b\u0438\u0446\u044f"}}, {"type": "Feature", "geometry": {"type": "LineString", "coordinates": [[30.5362453, 50.4449963], [30.536343, 50.4450681], [30.5374349, 50.4458702], [30.5379242, 50.4462297], [30.538009, 50.446292], [30.5380825, 50.4462463], [30.5395476, 50.4454565], [30.5396753, 50.4453876], [30.5398227, 50.4453079]]}, "properties": {"osm_source_id": 26546409, "osm_target_id": 10980710, "osm_key": 0, "length_m": 359.4112700942601, "highway_type": "secondary", "speed_kph": 45, "oneway": false, "name": null}}, {"type": "Feature", "geometry": {"type": "LineString", "coordinates": [[30.507197, 50.4380294], [30.5072511, 50.438159], [30.507293, 50.43825], [30.5073625, 50.4384217], [30.5074877, 50.4387308], [30.5077204, 50.4393054], [30.5078749, 50.4397073], [30.508099, 50.4402644], [30.5082768, 50.4407075], [30.5083331, 50.4408341]]}, "properties": {"osm_source_id": 26546429, "osm_target_id": 385975739, "osm_key": 0, "length_m": 322.0940713540605, "highway_type": "residential", "speed_kph": 25, "oneway": true, "name": "\u0422\u0430\u0440\u0430\u0441\u0456\u0432\u0441\u044c\u043a\u0430 \u0432\u0443\u043b\u0438\u0446\u044f"}}, {"type": "Feature", "geometry": {"type": "LineString", "coordinates": [[30.5014998, 50.4419303], [30.5021321, 50.4418363], [30.502226, 50.4418218], [30.5025414, 50.4417714], [30.502745, 50.4417389]]}, "properties": {"osm_source_id": 26546430, "osm_target_id": 4764593125, "osm_key": 0, "length_m": 90.71468629270132, "highway_type": "secondary", "speed_kph": 45, "oneway": false, "name": "\u0432\u0443\u043b\u0438\u0446\u044f \u0413\u0435\u0442\u044c\u043c\u0430\u043d\u0430 \u041f\u0430\u0432\u043b\u0430 \u0421\u043a\u043e\u0440\u043e\u043f\u0430\u0434\u0441\u044c\u043a\u043e\u0433\u043e"}}, {"type": "Feature", "geometry": {"type": "LineString", "coordinates": [[30.5014998, 50.4419303], [30.5014905, 50.4419265], [30.5014096, 50.4418929], [30.501297, 50.4418439], [30.501239, 50.441819], [30.5003799, 50.4414478], [30.5002835, 50.4414042], [30.4999609, 50.4412631], [30.4997485, 50.4411651]]}, "properties": {"osm_source_id": 26546430, "osm_target_id": 26303483, "osm_key": 0, "length_m": 150.41275629383932, "highway_type": "secondary", "speed_kph": 45, "oneway": false, "name": "\u0432\u0443\u043b\u0438\u0446\u044f \u0413\u0435\u0442\u044c\u043c\u0430\u043d\u0430 \u041f\u0430\u0432\u043b\u0430 \u0421\u043a\u043e\u0440\u043e\u043f\u0430\u0434\u0441\u044c\u043a\u043e\u0433\u043e"}}, {"type": "Feature", "geometry": {"type": "LineString", "coordinates": [[30.5055719, 50.4339943], [30.5056122, 50.4341137]]}, "properties": {"osm_source_id": 26546563, "osm_target_id": 2522195124, "osm_key": 0, "length_m": 13.580054343008769, "highway_type": "secondary", "speed_kph": 45, "oneway": true, "name": "\u0422\u0430\u0440\u0430\u0441\u0456\u0432\u0441\u044c\u043a\u0430 \u0432\u0443\u043b\u0438\u0446\u044f"}}, {"type": "Feature", "geometry": {"type": "LineString", "coordinates": [[30.5055719, 50.4339943], [30.5057101, 50.4338816], [30.5059024, 50.4337721], [30.5060143, 50.4337091], [30.5061909, 50.4336048], [30.5068018, 50.433242], [30.5074868, 50.4328467], [30.5076998, 50.4327221], [30.5078821, 50.4326138]]}, "properties": {"osm_source_id": 26546563, "osm_target_id": 26228241, "osm_key": 0, "length_m": 224.57149549026508, "highway_type": "secondary", "speed_kph": 45, "oneway": false, "name": "\u041a\u043e\u0440\u043e\u043b\u0435\u043d\u043a\u0456\u0432\u0441\u044c\u043a\u0430 \u0432\u0443\u043b\u0438\u0446\u044f"}}, {"type": "Feature", "geometry": {"type": "LineString", "coordinates": [[30.5055719, 50.4339943], [30.5054586, 50.4338413], [30.5052137, 50.4335105], [30.504964, 50.4336428], [30.5040619, 50.4341438], [30.5039826, 50.4341875], [30.5033612, 50.43453], [30.5028954, 50.4347874], [30.5028177, 50.434829]]}, "properties": {"osm_source_id": 26546563, "osm_target_id": 248860364, "osm_key": 0, "length_m": 283.7464225848046, "highway_type": "residential", "speed_kph": 25, "oneway": false, "name": null}}, {"type": "Feature", "geometry": {"type": "LineString", "coordinates": [[30.5186709, 50.4319225], [30.5186379, 50.4319213], [30.5176412, 50.4319205], [30.5173612, 50.4319202], [30.5170478, 50.4319199], [30.51632, 50.4319193], [30.516179, 50.4319358], [30.5160703, 50.4319563]]}, "properties": {"osm_source_id": 26546617, "osm_target_id": 255141658, "osm_key": 0, "length_m": 184.70367701362835, "highway_type": "residential", "speed_kph": 25, "oneway": false, "name": "\u0432\u0443\u043b\u0438\u0446\u044f \u0424\u0456\u0437\u043a\u0443\u043b\u044c\u0442\u0443\u0440\u0438"}}, {"type": "Feature", "geometry": {"type": "LineString", "coordinates": [[30.5250396, 50.4371048], [30.525274, 50.4370064], [30.5265154, 50.4364517], [30.527328, 50.4360886], [30.527565, 50.4358964], [30.5279034, 50.435622]]}, "properties": {"osm_source_id": 26546669, "osm_target_id": 2875388411, "osm_key": 0, "length_m": 263.55723730204477, "highway_type": "residential", "speed_kph": 25, "oneway": false, "name": "\u0413\u043e\u0441\u043f\u0456\u0442\u0430\u043b\u044c\u043d\u0430 \u0432\u0443\u043b\u0438\u0446\u044f"}}, {"type": "Feature", "geometry": {"type": "LineString", "coordinates": [[30.5250396, 50.4371048], [30.5249146, 50.4371748], [30.5247975, 50.4372326], [30.5247058, 50.4372912], [30.5246188, 50.4373917], [30.5245924, 50.437478], [30.5245784, 50.4375618], [30.5245904, 50.4376562], [30.5246226, 50.4377523], [30.5249871, 50.4383655], [30.5250166, 50.4384174], [30.5250487, 50.4384739]]}, "properties": {"osm_source_id": 26546669, "osm_target_id": 255137424, "osm_key": 0, "length_m": 170.57285145785005, "highway_type": "residential", "speed_kph": 25, "oneway": false, "name": "\u0413\u043e\u0441\u043f\u0456\u0442\u0430\u043b\u044c\u043d\u0430 \u0432\u0443\u043b\u0438\u0446\u044f"}}, {"type": "Feature", "geometry": {"type": "LineString", "coordinates": [[30.5250396, 50.4371048], [30.524985, 50.4370552], [30.5248042, 50.4368968], [30.5247107, 50.4367775], [30.5246981, 50.4366751], [30.5246963, 50.4364085], [30.5246921, 50.4359535], [30.5246927, 50.4359283], [30.5246824, 50.4355791], [30.524656, 50.4350686], [30.5246308, 50.4350021], [30.52461, 50.4349471], [30.5246052, 50.4345787], [30.5246045, 50.4345142], [30.524604, 50.4344516], [30.5246006, 50.4342604]]}, "properties": {"osm_source_id": 26546669, "osm_target_id": 1777991144, "osm_key": 0, "length_m": 323.69179873114206, "highway_type": "residential", "speed_kph": 25, "oneway": false, "name": "\u0413\u043e\u0441\u043f\u0456\u0442\u0430\u043b\u044c\u043d\u0438\u0439 \u043f\u0440\u043e\u0432\u0443\u043b\u043e\u043a"}}, {"type": "Feature", "geometry": {"type": "LineString", "coordinates": [[30.532405, 50.4339702], [30.5324268, 50.4344963], [30.5323812, 50.4350088], [30.5323569, 50.435105], [30.5323241, 50.4352351], [30.5322635, 50.4354762], [30.5321497, 50.4359285]]}, "properties": {"osm_source_id": 26546699, "osm_target_id": 256254249, "osm_key": 0, "length_m": 219.17118489059337, "highway_type": "residential", "speed_kph": 25, "oneway": false, "name": "\u0432\u0443\u043b\u0438\u0446\u044f \u041b\u0435\u043e\u043d\u0456\u0434\u0430 \u041f\u0435\u0440\u0432\u043e\u043c\u0430\u0439\u0441\u044c\u043a\u043e\u0433\u043e"}}, {"type": "Feature", "geometry": {"type": "LineString", "coordinates": [[30.5332811, 50.4425911], [30.5333924, 50.4425336], [30.5340009, 50.4422198], [30.5346132, 50.441904], [30.5348018, 50.4418067], [30.5348511, 50.441781], [30.5349376, 50.4417366]]}, "properties": {"osm_source_id": 26546720, "osm_target_id": 256367088, "osm_key": 0, "length_m": 150.95930715246675, "highway_type": "residential", "speed_kph": 25, "oneway": false, "name": "\u0432\u0443\u043b\u0438\u0446\u044f \u041f\u0438\u043b\u0438\u043f\u0430 \u041e\u0440\u043b\u0438\u043a\u0430"}}, {"type": "Feature", "geometry": {"type": "LineString", "coordinates": [[30.5332811, 50.4425911], [30.5331534, 50.4426569], [30.5329997, 50.4427363]]}, "properties": {"osm_source_id": 26546720, "osm_target_id": 601265975, "osm_key": 0, "length_m": 25.647079208746298, "highway_type": "residential", "speed_kph": 25, "oneway": false, "name": "\u0432\u0443\u043b\u0438\u0446\u044f \u041f\u0438\u043b\u0438\u043f\u0430 \u041e\u0440\u043b\u0438\u043a\u0430"}}, {"type": "Feature", "geometry": {"type": "LineString", "coordinates": [[30.5332811, 50.4425911], [30.5333805, 50.4426676], [30.5338926, 50.4430633], [30.5339372, 50.4430998], [30.5341067, 50.4432385], [30.5342418, 50.4433413], [30.5346286, 50.4436357]]}, "properties": {"osm_source_id": 26546720, "osm_target_id": 2667092966, "osm_key": 0, "length_m": 150.3345875055604, "highway_type": "residential", "speed_kph": 25, "oneway": true, "name": "\u041b\u0438\u043f\u0441\u044c\u043a\u0430 \u0432\u0443\u043b\u0438\u0446\u044f"}}, {"type": "Feature", "geometry": {"type": "LineString", "coordinates": [[30.5360653, 50.4401097], [30.5362069, 50.4401494], [30.5362951, 50.4402048], [30.5363145, 50.4402656], [30.5362881, 50.4403324]]}, "properties": {"osm_source_id": 26546727, "osm_target_id": 2582051572, "osm_key": 0, "length_m": 34.28774333502124, "highway_type": "residential", "speed_kph": 25, "oneway": true, "name": "\u043f\u0440\u043e\u0432\u0443\u043b\u043e\u043a \u041a\u043e\u0441\u0442\u044f \u0413\u043e\u0440\u0434\u0456\u0454\u043d\u043a\u0430"}}, {"type": "Feature", "geometry": {"type": "LineString", "coordinates": [[30.5360653, 50.4401097], [30.5356614, 50.4399775], [30.5355489, 50.4399664], [30.5354806, 50.4399483], [30.5343433, 50.4396459], [30.5337822, 50.4395046], [30.5336988, 50.4394836]]}, "properties": {"osm_source_id": 26546727, "osm_target_id": 26546730, "osm_key": 0, "length_m": 181.82185286245257, "highway_type": "residential", "speed_kph": 25, "oneway": false, "name": "\u043f\u0440\u043e\u0432\u0443\u043b\u043e\u043a \u041a\u043e\u0441\u0442\u044f \u0413\u043e\u0440\u0434\u0456\u0454\u043d\u043a\u0430"}}, {"type": "Feature", "geometry": {"type": "LineString", "coordinates": [[30.5336988, 50.4394836], [30.5337822, 50.4395046], [30.5343433, 50.4396459], [30.5354806, 50.4399483], [30.5355489, 50.4399664], [30.5356614, 50.4399775], [30.5360653, 50.4401097]]}, "properties": {"osm_source_id": 26546730, "osm_target_id": 26546727, "osm_key": 0, "length_m": 181.8218528624526, "highway_type": "residential", "speed_kph": 25, "oneway": false, "name": "\u043f\u0440\u043e\u0432\u0443\u043b\u043e\u043a \u041a\u043e\u0441\u0442\u044f \u0413\u043e\u0440\u0434\u0456\u0454\u043d\u043a\u0430"}}, {"type": "Feature", "geometry": {"type": "LineString", "coordinates": [[30.5209724, 50.4606835], [30.520881, 50.4606284], [30.5202145, 50.460225]]}, "properties": {"osm_source_id": 140608833, "osm_target_id": 346880556, "osm_key": 0, "length_m": 74.01086145117971, "highway_type": "residential", "speed_kph": 25, "oneway": false, "name": "\u0410\u043d\u0434\u0440\u0456\u0457\u0432\u0441\u044c\u043a\u0430 \u0432\u0443\u043b\u0438\u0446\u044f"}}, {"type": "Feature", "geometry": {"type": "LineString", "coordinates": [[30.5209724, 50.4606835], [30.5211753, 50.4608036], [30.5215355, 50.4610165], [30.5215833, 50.46105], [30.5216861, 50.4611127]]}, "properties": {"osm_source_id": 140608833, "osm_target_id": 26322726, "osm_key": 0, "length_m": 69.5152787324244, "highway_type": "tertiary", "speed_kph": 40, "oneway": true, "name": "\u0410\u043d\u0434\u0440\u0456\u0457\u0432\u0441\u044c\u043a\u0430 \u0432\u0443\u043b\u0438\u0446\u044f"}}, {"type": "Feature", "geometry": {"type": "LineString", "coordinates": [[30.5102501, 50.4465406], [30.5102919, 50.4465339], [30.5105328, 50.4464954], [30.5113108, 50.4463709], [30.5113857, 50.446359], [30.5114644, 50.4463463]]}, "properties": {"osm_source_id": 247117094, "osm_target_id": 259159432, "osm_key": 0, "length_m": 88.65616677566646, "highway_type": "tertiary", "speed_kph": 40, "oneway": false, "name": "\u0432\u0443\u043b\u0438\u0446\u044f \u0411\u043e\u0433\u0434\u0430\u043d\u0430 \u0425\u043c\u0435\u043b\u044c\u043d\u0438\u0446\u044c\u043a\u043e\u0433\u043e"}}, {"type": "Feature", "geometry": {"type": "LineString", "coordinates": [[30.5102501, 50.4465406], [30.5096668, 50.4466401], [30.5093519, 50.4466915], [30.508772, 50.4467861], [30.508649, 50.4468065]]}, "properties": {"osm_source_id": 247117094, "osm_target_id": 26201274, "osm_key": 0, "length_m": 117.16519577980868, "highway_type": "tertiary", "speed_kph": 40, "oneway": false, "name": "\u0432\u0443\u043b\u0438\u0446\u044f \u0411\u043e\u0433\u0434\u0430\u043d\u0430 \u0425\u043c\u0435\u043b\u044c\u043d\u0438\u0446\u044c\u043a\u043e\u0433\u043e"}}, {"type": "Feature", "geometry": {"type": "LineString", "coordinates": [[30.5190882, 50.4403207], [30.5196496, 50.4405763]]}, "properties": {"osm_source_id": 248772012, "osm_target_id": 581392335, "osm_key": 0, "length_m": 48.871388248671465, "highway_type": "primary", "speed_kph": 55, "oneway": true, "name": "\u0412\u0435\u043b\u0438\u043a\u0430 \u0412\u0430\u0441\u0438\u043b\u044c\u043a\u0456\u0432\u0441\u044c\u043a\u0430 \u0432\u0443\u043b\u0438\u0446\u044f"}}, {"type": "Feature", "geometry": {"type": "LineString", "coordinates": [[30.5023455, 50.4345468], [30.5028177, 50.434829]]}, "properties": {"osm_source_id": 248772292, "osm_target_id": 248860364, "osm_key": 0, "length_m": 45.860417251538614, "highway_type": "residential", "speed_kph": 25, "oneway": false, "name": "\u0432\u0443\u043b\u0438\u0446\u044f \u041b\u0456\u043b\u0456\u0457 \u041b\u043e\u0431\u0430\u043d\u043e\u0432\u043e\u0457"}}, {"type": "Feature", "geometry": {"type": "LineString", "coordinates": [[30.5023455, 50.4345468], [30.5015578, 50.4340849]]}, "properties": {"osm_source_id": 248772292, "osm_target_id": 275819931, "osm_key": 0, "length_m": 75.83226722245688, "highway_type": "residential", "speed_kph": 25, "oneway": false, "name": "\u0432\u0443\u043b\u0438\u0446\u044f \u041b\u0456\u043b\u0456\u0457 \u041b\u043e\u0431\u0430\u043d\u043e\u0432\u043e\u0457"}}, {"type": "Feature", "geometry": {"type": "LineString", "coordinates": [[30.5023455, 50.4345468], [30.5016968, 50.4350451], [30.5014112, 50.4352645], [30.499882, 50.4364177], [30.4992781, 50.4369006], [30.4992649, 50.4369105], [30.4991063, 50.437036]]}, "properties": {"osm_source_id": 248772292, "osm_target_id": 312691048, "osm_key": 0, "length_m": 359.5254858166044, "highway_type": "residential", "speed_kph": 25, "oneway": false, "name": "\u0432\u0443\u043b\u0438\u0446\u044f \u0421\u0456\u043c\u02bc\u0457 \u041f\u0440\u0430\u0445\u043e\u0432\u0438\u0445"}}, {"type": "Feature", "geometry": {"type": "LineString", "coordinates": [[30.5039861, 50.4354481], [30.5038757, 50.4353907], [30.5028177, 50.434829]]}, "properties": {"osm_source_id": 248772293, "osm_target_id": 248860364, "osm_key": 0, "length_m": 107.6439367201008, "highway_type": "residential", "speed_kph": 25, "oneway": false, "name": "\u0432\u0443\u043b\u0438\u0446\u044f \u041b\u0456\u043b\u0456\u0457 \u041b\u043e\u0431\u0430\u043d\u043e\u0432\u043e\u0457"}}, {"type": "Feature", "geometry": {"type": "LineString", "coordinates": [[30.5039861, 50.4354481], [30.5041322, 50.4353349], [30.5043509, 50.4351676], [30.5045396, 50.4350197], [30.5049735, 50.4347316]]}, "properties": {"osm_source_id": 248772293, "osm_target_id": 10980673, "osm_key": 0, "length_m": 106.08588672943009, "highway_type": "primary", "speed_kph": 55, "oneway": true, "name": "\u0416\u0438\u043b\u044f\u043d\u0441\u044c\u043a\u0430 \u0432\u0443\u043b\u0438\u0446\u044f"}}, {"type": "Feature", "geometry": {"type": "LineString", "coordinates": [[30.5028177, 50.434829], [30.5023455, 50.4345468]]}, "properties": {"osm_source_id": 248860364, "osm_target_id": 248772292, "osm_key": 0, "length_m": 45.860417251538614, "highway_type": "residential", "speed_kph": 25, "oneway": false, "name": "\u0432\u0443\u043b\u0438\u0446\u044f \u041b\u0456\u043b\u0456\u0457 \u041b\u043e\u0431\u0430\u043d\u043e\u0432\u043e\u0457"}}, {"type": "Feature", "geometry": {"type": "LineString", "coordinates": [[30.5028177, 50.434829], [30.5038757, 50.4353907], [30.5039861, 50.4354481]]}, "properties": {"osm_source_id": 248860364, "osm_target_id": 248772293, "osm_key": 0, "length_m": 107.6439367201008, "highway_type": "residential", "speed_kph": 25, "oneway": false, "name": "\u0432\u0443\u043b\u0438\u0446\u044f \u041b\u0456\u043b\u0456\u0457 \u041b\u043e\u0431\u0430\u043d\u043e\u0432\u043e\u0457"}}, {"type": "Feature", "geometry": {"type": "LineString", "coordinates": [[30.5028177, 50.434829], [30.5028954, 50.4347874], [30.5033612, 50.43453], [30.5039826, 50.4341875], [30.5040619, 50.4341438], [30.504964, 50.4336428], [30.5052137, 50.4335105], [30.5054586, 50.4338413], [30.5055719, 50.4339943]]}, "properties": {"osm_source_id": 248860364, "osm_target_id": 26546563, "osm_key": 0, "length_m": 283.7464225848046, "highway_type": "residential", "speed_kph": 25, "oneway": false, "name": null}}, {"type": "Feature", "geometry": {"type": "LineString", "coordinates": [[30.5086747, 50.4319913], [30.5085023, 50.4319266], [30.5082716, 50.4318399], [30.5079798, 50.4317309], [30.507689, 50.431615], [30.5076318, 50.431592], [30.5075786, 50.4315713], [30.5074868, 50.4315384], [30.5070378, 50.4313652], [30.5068137, 50.431271]]}, "properties": {"osm_source_id": 255019687, "osm_target_id": 4334519582, "osm_key": 0, "length_m": 154.26827359277178, "highway_type": "residential", "speed_kph": 25, "oneway": false, "name": "\u0432\u0443\u043b\u0438\u0446\u044f \u0424\u0456\u0437\u043a\u0443\u043b\u044c\u0442\u0443\u0440\u0438"}}, {"type": "Feature", "geometry": {"type": "LineString", "coordinates": [[30.5086747, 50.4319913], [30.5085843, 50.4320785], [30.508464, 50.4321944], [30.5083328, 50.432306], [30.5081927, 50.4324093], [30.5079508, 50.432569], [30.5078821, 50.4326138]]}, "properties": {"osm_source_id": 255019687, "osm_target_id": 26228241, "osm_key": 0, "length_m": 89.39162957652918, "highway_type": "secondary", "speed_kph": 45, "oneway": false, "name": "\u041a\u043e\u0440\u043e\u043b\u0435\u043d\u043a\u0456\u0432\u0441\u044c\u043a\u0430 \u0432\u0443\u043b\u0438\u0446\u044f"}}, {"type": "Feature", "geometry": {"type": "LineString", "coordinates": [[30.5240917, 50.4396375], [30.5239601, 50.4396567]]}, "properties": {"osm_source_id": 255137399, "osm_target_id": 601265487, "osm_key": 0, "length_m": 9.561201326868963, "highway_type": "secondary", "speed_kph": 45, "oneway": true, "name": "\u0415\u0441\u043f\u043b\u0430\u043d\u0430\u0434\u043d\u0430 \u0432\u0443\u043b\u0438\u0446\u044f"}}, {"type": "Feature", "geometry": {"type": "LineString", "coordinates": [[30.5240917, 50.4396375], [30.5238106, 50.4397952], [30.5235212, 50.4399669], [30.5234543, 50.4400065], [30.5229638, 50.4402974], [30.522838, 50.4403969], [30.5227662, 50.4404743], [30.5226969, 50.4405771], [30.5226579, 50.4406597], [30.5226322, 50.4407684]]}, "properties": {"osm_source_id": 255137399, "osm_target_id": 255137413, "osm_key": 0, "length_m": 166.92716400485452, "highway_type": "primary", "speed_kph": 55, "oneway": true, "name": "\u0411\u0430\u0441\u0435\u0439\u043d\u0430 \u0432\u0443\u043b\u0438\u0446\u044f"}}, {"type": "Feature", "geometry": {"type": "LineString", "coordinates": [[30.5235599, 50.4395478], [30.5238178, 50.4393645]]}, "properties": {"osm_source_id": 255137401, "osm_target_id": 12844693296, "osm_key": 0, "length_m": 27.368116346407536, "highway_type": "primary", "speed_kph": 55, "oneway": true, "name": "\u0411\u0430\u0441\u0435\u0439\u043d\u0430 \u0432\u0443\u043b\u0438\u0446\u044f"}}, {"type": "Feature", "geometry": {"type": "LineString", "coordinates": [[30.5235599, 50.4395478], [30.5234844, 50.4395125], [30.5234025, 50.4394741], [30.523239, 50.4393976], [30.5227591, 50.4391729], [30.5219108, 50.4387758], [30.5217067, 50.4386809], [30.52155, 50.4386069], [30.5214868, 50.4385773], [30.5213678, 50.4385216], [30.5211646, 50.4384265]]}, "properties": {"osm_source_id": 255137401, "osm_target_id": 26201488, "osm_key": 0, "length_m": 210.52818449752297, "highway_type": "secondary", "speed_kph": 45, "oneway": true, "name": "\u0415\u0441\u043f\u043b\u0430\u043d\u0430\u0434\u043d\u0430 \u0432\u0443\u043b\u0438\u0446\u044f"}}, {"type": "Feature", "geometry": {"type": "LineString", "coordinates": [[30.5226322, 50.4407684], [30.5225798, 50.4409549]]}, "properties": {"osm_source_id": 255137413, "osm_target_id": 10556697468, "osm_key": 0, "length_m": 21.067273837927598, "highway_type": "primary", "speed_kph": 55, "oneway": true, "name": "\u0411\u0430\u0441\u0435\u0439\u043d\u0430 \u0432\u0443\u043b\u0438\u0446\u044f"}}, {"type": "Feature", "geometry": {"type": "LineString", "coordinates": [[30.5226322, 50.4407684], [30.5225824, 50.440803], [30.5225549, 50.4408176], [30.5225041, 50.4408355]]}, "properties": {"osm_source_id": 255137413, "osm_target_id": 10556697459, "osm_key": 0, "length_m": 11.865998060721248, "highway_type": "primary", "speed_kph": 55, "oneway": true, "name": "\u0411\u0435\u0441\u0441\u0430\u0440\u0430\u0431\u0441\u044c\u043a\u0438\u0439 \u043f\u0440\u043e\u0457\u0437\u0434"}}, {"type": "Feature", "geometry": {"type": "LineString", "coordinates": [[30.5247731, 50.4386855], [30.5250487, 50.4384739]]}, "properties": {"osm_source_id": 255137419, "osm_target_id": 255137424, "osm_key": 0, "length_m": 30.57070175350492, "highway_type": "primary", "speed_kph": 55, "oneway": true, "name": "\u0431\u0443\u043b\u044c\u0432\u0430\u0440 \u041b\u0435\u0441\u0456 \u0423\u043a\u0440\u0430\u0457\u043d\u043a\u0438"}}, {"type": "Feature", "geometry": {"type": "LineString", "coordinates": [[30.5247731, 50.4386855], [30.5249245, 50.4386302]]}, "properties": {"osm_source_id": 255137419, "osm_target_id": 6471879771, "osm_key": 0, "length_m": 12.3603260677284, "highway_type": "primary_link", "speed_kph": 40, "oneway": true, "name": null}}, {"type": "Feature", "geometry": {"type": "LineString", "coordinates": [[30.522815, 50.4401535], [30.523451, 50.4396314], [30.5235599, 50.4395478]]}, "properties": {"osm_source_id": 255137422, "osm_target_id": 255137401, "osm_key": 0, "length_m": 85.5567689675941, "highway_type": "primary", "speed_kph": 55, "oneway": true, "name": "\u0411\u0430\u0441\u0435\u0439\u043d\u0430 \u0432\u0443\u043b\u0438\u0446\u044f"}}, {"type": "Feature", "geometry": {"type": "LineString", "coordinates": [[30.5250487, 50.4384739], [30.5250166, 50.4384174], [30.5249871, 50.4383655], [30.5246226, 50.4377523], [30.5245904, 50.4376562], [30.5245784, 50.4375618], [30.5245924, 50.437478], [30.5246188, 50.4373917], [30.5247058, 50.4372912], [30.5247975, 50.4372326], [30.5249146, 50.4371748], [30.5250396, 50.4371048]]}, "properties": {"osm_source_id": 255137424, "osm_target_id": 26546669, "osm_key": 0, "length_m": 170.57285145785002, "highway_type": "residential", "speed_kph": 25, "oneway": false, "name": "\u0413\u043e\u0441\u043f\u0456\u0442\u0430\u043b\u044c\u043d\u0430 \u0432\u0443\u043b\u0438\u0446\u044f"}}, {"type": "Feature", "geometry": {"type": "LineString", "coordinates": [[30.5250487, 50.4384739], [30.5252847, 50.4382933], [30.5253106, 50.4382739], [30.525541, 50.4381105], [30.5258117, 50.4379234], [30.5262889, 50.437584]]}, "properties": {"osm_source_id": 255137424, "osm_target_id": 268546975, "osm_key": 0, "length_m": 132.3307175874119, "highway_type": "primary", "speed_kph": 55, "oneway": true, "name": "\u0431\u0443\u043b\u044c\u0432\u0430\u0440 \u041b\u0435\u0441\u0456 \u0423\u043a\u0440\u0430\u0457\u043d\u043a\u0438"}}, {"type": "Feature", "geometry": {"type": "LineString", "coordinates": [[30.5160703, 50.4319563], [30.516179, 50.4319358], [30.51632, 50.4319193], [30.5170478, 50.4319199], [30.5173612, 50.4319202], [30.5176412, 50.4319205], [30.5186379, 50.4319213], [30.5186709, 50.4319225]]}, "properties": {"osm_source_id": 255141658, "osm_target_id": 26546617, "osm_key": 0, "length_m": 184.70367701362835, "highway_type": "residential", "speed_kph": 25, "oneway": false, "name": "\u0432\u0443\u043b\u0438\u0446\u044f \u0424\u0456\u0437\u043a\u0443\u043b\u044c\u0442\u0443\u0440\u0438"}}, {"type": "Feature", "geometry": {"type": "LineString", "coordinates": [[30.5160703, 50.4319563], [30.5158727, 50.4319873], [30.5154565, 50.4319951], [30.5153586, 50.4319952], [30.5148325, 50.4319954], [30.5140331, 50.4319957], [30.5137902, 50.4319958], [30.5135595, 50.4320303]]}, "properties": {"osm_source_id": 255141658, "osm_target_id": 372980683, "osm_key": 0, "length_m": 178.71665555890831, "highway_type": "residential", "speed_kph": 25, "oneway": false, "name": "\u0432\u0443\u043b\u0438\u0446\u044f \u0424\u0456\u0437\u043a\u0443\u043b\u044c\u0442\u0443\u0440\u0438"}}, {"type": "Feature", "geometry": {"type": "LineString", "coordinates": [[30.5160703, 50.4319563], [30.516071, 50.4319939], [30.5160666, 50.4322892], [30.5160673, 50.432532], [30.5160615, 50.4333904], [30.5160559, 50.4338199], [30.5160519, 50.4339459]]}, "properties": {"osm_source_id": 255141658, "osm_target_id": 26201247, "osm_key": 0, "length_m": 221.2409522643482, "highway_type": "primary", "speed_kph": 55, "oneway": true, "name": "\u0412\u0435\u043b\u0438\u043a\u0430 \u0412\u0430\u0441\u0438\u043b\u044c\u043a\u0456\u0432\u0441\u044c\u043a\u0430 \u0432\u0443\u043b\u0438\u0446\u044f"}}, {"type": "Feature", "geometry": {"type": "LineString", "coordinates": [[30.5149357, 50.4430548], [30.515015, 50.4430395], [30.516904, 50.4427354], [30.5170047, 50.4427182], [30.5171552, 50.4426949]]}, "properties": {"osm_source_id": 255366993, "osm_target_id": 1648670984, "osm_key": 0, "length_m": 162.19446587892224, "highway_type": "primary", "speed_kph": 55, "oneway": true, "name": "\u0431\u0443\u043b\u044c\u0432\u0430\u0440 \u0422\u0430\u0440\u0430\u0441\u0430 \u0428\u0435\u0432\u0447\u0435\u043d\u043a\u0430"}}, {"type": "Feature", "geometry": {"type": "LineString", "coordinates": [[30.5149357, 50.4430548], [30.5149155, 50.443004], [30.5147651, 50.4426262], [30.5146244, 50.4422728], [30.5145677, 50.4421302], [30.5144108, 50.4417361], [30.5143401, 50.4415586], [30.5143226, 50.4415145], [30.514305, 50.4414704], [30.5140934, 50.4409387], [30.5139531, 50.4406259], [30.5138889, 50.4404801], [30.5137295, 50.4400748], [30.5136011, 50.4399504]]}, "properties": {"osm_source_id": 255366993, "osm_target_id": 581386856, "osm_key": 0, "length_m": 358.7666874496824, "highway_type": "residential", "speed_kph": 25, "oneway": true, "name": "\u0422\u0435\u0440\u0435\u0449\u0435\u043d\u043a\u0456\u0432\u0441\u044c\u043a\u0430 \u0432\u0443\u043b\u0438\u0446\u044f"}}, {"type": "Feature", "geometry": {"type": "LineString", "coordinates": [[30.5421849, 50.432261], [30.5421035, 50.4322722], [30.542073, 50.4322859], [30.5420592, 50.4323029], [30.542054, 50.4323455], [30.5421552, 50.4327799], [30.5422219, 50.433066], [30.5422346, 50.433128], [30.5422492, 50.4331833]]}, "properties": {"osm_source_id": 256239862, "osm_target_id": 256239864, "osm_key": 0, "length_m": 109.60309438531309, "highway_type": "residential", "speed_kph": 25, "oneway": false, "name": "\u041f\u0435\u0447\u0435\u0440\u0441\u044c\u043a\u0430 \u043f\u043b\u043e\u0449\u0430"}}, {"type": "Feature", "geometry": {"type": "LineString", "coordinates": [[30.5421849, 50.432261], [30.5421286, 50.4320028], [30.5420491, 50.4316579], [30.5420298, 50.4315674], [30.5420128, 50.4314878], [30.5419708, 50.4314558]]}, "properties": {"osm_source_id": 256239862, "osm_target_id": 2610748148, "osm_key": 0, "length_m": 91.47482867775656, "highway_type": "residential", "speed_kph": 25, "oneway": false, "name": "\u041f\u0435\u0447\u0435\u0440\u0441\u044c\u043a\u0430 \u043f\u043b\u043e\u0449\u0430"}}, {"type": "Feature", "geometry": {"type": "LineString", "coordinates": [[30.5445609, 50.4320007], [30.5444714, 50.4320227], [30.54442, 50.4320334], [30.5440958, 50.4320852], [30.5422478, 50.4322534], [30.5421849, 50.432261]]}, "properties": {"osm_source_id": 256239863, "osm_target_id": 256239862, "osm_key": 0, "length_m": 171.05823172220852, "highway_type": "residential", "speed_kph": 25, "oneway": true, "name": "\u0432\u0443\u043b\u0438\u0446\u044f \u041e\u043b\u0435\u043a\u0441\u0430\u043d\u0434\u0440\u0430 \u041a\u043e\u043f\u0438\u043b\u0435\u043d\u043a\u0430"}}, {"type": "Feature", "geometry": {"type": "LineString", "coordinates": [[30.5445609, 50.4320007], [30.5442665, 50.4317813], [30.5431363, 50.4309389], [30.543036, 50.4308674]]}, "properties": {"osm_source_id": 256239863, "osm_target_id": 256239961, "osm_key": 0, "length_m": 165.97446374926074, "highway_type": "secondary", "speed_kph": 45, "oneway": true, "name": "\u0432\u0443\u043b\u0438\u0446\u044f \u0413\u0435\u043d\u0435\u0440\u0430\u043b\u0430 \u0410\u043b\u043c\u0430\u0437\u043e\u0432\u0430"}}, {"type": "Feature", "geometry": {"type": "LineString", "coordinates": [[30.5422492, 50.4331833], [30.5422346, 50.433128], [30.5422219, 50.433066], [30.5421552, 50.4327799], [30.542054, 50.4323455], [30.5420592, 50.4323029], [30.542073, 50.4322859], [30.5421035, 50.4322722], [30.5421849, 50.432261]]}, "properties": {"osm_source_id": 256239864, "osm_target_id": 256239862, "osm_key": 0, "length_m": 109.60309438531309, "highway_type": "residential", "speed_kph": 25, "oneway": false, "name": "\u041f\u0435\u0447\u0435\u0440\u0441\u044c\u043a\u0430 \u043f\u043b\u043e\u0449\u0430"}}, {"type": "Feature", "geometry": {"type": "LineString", "coordinates": [[30.5422492, 50.4331833], [30.5423255, 50.4331738], [30.5429465, 50.4331065], [30.5435265, 50.4330437], [30.5439282, 50.4330002], [30.5444511, 50.4329435], [30.5449081, 50.432894], [30.544927, 50.4328923], [30.5450491, 50.432883]]}, "properties": {"osm_source_id": 256239864, "osm_target_id": 256239867, "osm_key": 0, "length_m": 201.11831281434618, "highway_type": "residential", "speed_kph": 25, "oneway": true, "name": "\u0432\u0443\u043b\u0438\u0446\u044f \u041f\u0430\u043d\u0430\u0441\u0430 \u041c\u0438\u0440\u043d\u043e\u0433\u043e"}}, {"type": "Feature", "geometry": {"type": "LineString", "coordinates": [[30.5450491, 50.432883], [30.5450287, 50.4327327], [30.545012, 50.4326317], [30.5449853, 50.4324896]]}, "properties": {"osm_source_id": 256239867, "osm_target_id": 26304267, "osm_key": 0, "length_m": 43.98138107572174, "highway_type": "secondary", "speed_kph": 45, "oneway": false, "name": "\u0432\u0443\u043b\u0438\u0446\u044f \u041a\u043d\u044f\u0437\u0456\u0432 \u041e\u0441\u0442\u0440\u043e\u0437\u044c\u043a\u0438\u0445"}}, {"type": "Feature", "geometry": {"type": "LineString", "coordinates": [[30.5450491, 50.432883], [30.5450652, 50.4330427], [30.5450711, 50.4334428]]}, "properties": {"osm_source_id": 256239867, "osm_target_id": 256254227, "osm_key": 0, "length_m": 62.285547431505194, "highway_type": "secondary", "speed_kph": 45, "oneway": false, "name": "\u0432\u0443\u043b\u0438\u0446\u044f \u041a\u043d\u044f\u0437\u0456\u0432 \u041e\u0441\u0442\u0440\u043e\u0437\u044c\u043a\u0438\u0445"}}, {"type": "Feature", "geometry": {"type": "LineString", "coordinates": [[30.5355258, 50.4341351], [30.5362917, 50.4340238], [30.5376279, 50.4338297]]}, "properties": {"osm_source_id": 256239869, "osm_target_id": 1782367778, "osm_key": 0, "length_m": 152.71035407564978, "highway_type": "residential", "speed_kph": 25, "oneway": false, "name": "\u0432\u0443\u043b\u0438\u0446\u044f \u041f\u0430\u043d\u0430\u0441\u0430 \u041c\u0438\u0440\u043d\u043e\u0433\u043e"}}, {"type": "Feature", "geometry": {"type": "LineString", "coordinates": [[30.5405999, 50.4333862], [30.5405438, 50.4333939], [30.5395896, 50.4335329], [30.539218, 50.4335914], [30.5387925, 50.4336524], [30.5385887, 50.4336808], [30.5376279, 50.4338297]]}, "properties": {"osm_source_id": 256239870, "osm_target_id": 1782367778, "osm_key": 0, "length_m": 216.20969411641408, "highway_type": "residential", "speed_kph": 25, "oneway": false, "name": "\u0432\u0443\u043b\u0438\u0446\u044f \u041f\u0430\u043d\u0430\u0441\u0430 \u041c\u0438\u0440\u043d\u043e\u0433\u043e"}}, {"type": "Feature", "geometry": {"type": "LineString", "coordinates": [[30.5405999, 50.4333862], [30.5405711, 50.433295], [30.5403689, 50.432558], [30.5403364, 50.4324416], [30.5403274, 50.4324093], [30.5403556, 50.4323327]]}, "properties": {"osm_source_id": 256239870, "osm_target_id": 256239942, "osm_key": 0, "length_m": 119.07946704469049, "highway_type": "residential", "speed_kph": 25, "oneway": true, "name": "\u0432\u0443\u043b\u0438\u0446\u044f \u0413\u0443\u0441\u043e\u0432\u0441\u044c\u043a\u043e\u0433\u043e"}}, {"type": "Feature", "geometry": {"type": "LineString", "coordinates": [[30.5405999, 50.4333862], [30.5407276, 50.4333699], [30.541118, 50.4333224], [30.5411679, 50.4333163], [30.5421872, 50.4331909], [30.5422492, 50.4331833]]}, "properties": {"osm_source_id": 256239870, "osm_target_id": 256239864, "osm_key": 0, "length_m": 118.97669669863724, "highway_type": "residential", "speed_kph": 25, "oneway": true, "name": "\u0432\u0443\u043b\u0438\u0446\u044f \u041f\u0430\u043d\u0430\u0441\u0430 \u041c\u0438\u0440\u043d\u043e\u0433\u043e"}}, {"type": "Feature", "geometry": {"type": "LineString", "coordinates": [[30.5403556, 50.4323327], [30.5405315, 50.4322474], [30.5405943, 50.4322132], [30.5406143, 50.4322029], [30.5412309, 50.4318651], [30.5412917, 50.4318319]]}, "properties": {"osm_source_id": 256239942, "osm_target_id": 1782367722, "osm_key": 0, "length_m": 86.60942469567652, "highway_type": "residential", "speed_kph": 25, "oneway": true, "name": "\u043f\u0440\u043e\u0432\u0443\u043b\u043e\u043a \u0404\u0432\u0433\u0435\u043d\u0430 \u0413\u0443\u0446\u0430\u043b\u0430"}}, {"type": "Feature", "geometry": {"type": "LineString", "coordinates": [[30.5403556, 50.4323327], [30.5402461, 50.4321201], [30.5402232, 50.4321013], [30.5399616, 50.4319221], [30.5392766, 50.4314836], [30.5391983, 50.4314335], [30.5391109, 50.431376], [30.5387538, 50.4311412], [30.5386044, 50.4310429], [30.5381258, 50.4307325], [30.5380657, 50.4306949]]}, "properties": {"osm_source_id": 256239942, "osm_target_id": 332490744, "osm_key": 0, "length_m": 246.19385274965916, "highway_type": "residential", "speed_kph": 25, "oneway": true, "name": "\u041c\u0430\u043b\u0430 \u0428\u0438\u044f\u043d\u043e\u0432\u0441\u044c\u043a\u0430 \u0432\u0443\u043b\u0438\u0446\u044f"}}, {"type": "Feature", "geometry": {"type": "LineString", "coordinates": [[30.5450711, 50.4334428], [30.5449698, 50.4334492], [30.5449416, 50.4334506], [30.5446877, 50.433485], [30.5446165, 50.433501], [30.5440371, 50.4336312], [30.5437525, 50.4336951], [30.5434489, 50.4337653], [30.5433488, 50.4337884], [30.5431326, 50.4338383], [30.5427952, 50.4339162], [30.5425361, 50.4339761], [30.5419757, 50.4341055], [30.5410725, 50.4343174], [30.5410054, 50.4343329]]}, "properties": {"osm_source_id": 256254227, "osm_target_id": 269432297, "osm_key": 0, "length_m": 304.929871324855, "highway_type": "residential", "speed_kph": 25, "oneway": true, "name": "\u0420\u0438\u0431\u0430\u043b\u044c\u0441\u044c\u043a\u0430 \u0432\u0443\u043b\u0438\u0446\u044f"}}, {"type": "Feature", "geometry": {"type": "LineString", "coordinates": [[30.5450711, 50.4334428], [30.5450652, 50.4330427], [30.5450491, 50.432883]]}, "properties": {"osm_source_id": 256254227, "osm_target_id": 256239867, "osm_key": 0, "length_m": 62.285547431505194, "highway_type": "secondary", "speed_kph": 45, "oneway": false, "name": "\u0432\u0443\u043b\u0438\u0446\u044f \u041a\u043d\u044f\u0437\u0456\u0432 \u041e\u0441\u0442\u0440\u043e\u0437\u044c\u043a\u0438\u0445"}}, {"type": "Feature", "geometry": {"type": "LineString", "coordinates": [[30.5450711, 50.4334428], [30.5450729, 50.4340436], [30.5450548, 50.4349022], [30.5450522, 50.4350014]]}, "properties": {"osm_source_id": 256254227, "osm_target_id": 256415996, "osm_key": 0, "length_m": 173.31892265781133, "highway_type": "secondary", "speed_kph": 45, "oneway": false, "name": "\u0432\u0443\u043b\u0438\u0446\u044f \u041a\u043d\u044f\u0437\u0456\u0432 \u041e\u0441\u0442\u0440\u043e\u0437\u044c\u043a\u0438\u0445"}}, {"type": "Feature", "geometry": {"type": "LineString", "coordinates": [[30.5402377, 50.4358495], [30.5394845, 50.4360008], [30.5386864, 50.436161]]}, "properties": {"osm_source_id": 256254233, "osm_target_id": 256343530, "osm_key": 0, "length_m": 115.20064221419926, "highway_type": "residential", "speed_kph": 25, "oneway": false, "name": "\u041f\u0435\u0447\u0435\u0440\u0441\u044c\u043a\u0438\u0439 \u0443\u0437\u0432\u0456\u0437"}}, {"type": "Feature", "geometry": {"type": "LineString", "coordinates": [[30.5321497, 50.4359285], [30.5322635, 50.4354762], [30.5323241, 50.4352351], [30.5323569, 50.435105], [30.5323812, 50.4350088], [30.5324268, 50.4344963], [30.532405, 50.4339702]]}, "properties": {"osm_source_id": 256254249, "osm_target_id": 26546699, "osm_key": 0, "length_m": 219.17118489059337, "highway_type": "residential", "speed_kph": 25, "oneway": false, "name": "\u0432\u0443\u043b\u0438\u0446\u044f \u041b\u0435\u043e\u043d\u0456\u0434\u0430 \u041f\u0435\u0440\u0432\u043e\u043c\u0430\u0439\u0441\u044c\u043a\u043e\u0433\u043e"}}, {"type": "Feature", "geometry": {"type": "LineString", "coordinates": [[30.5321497, 50.4359285], [30.5319832, 50.4365084], [30.5319546, 50.4365885], [30.5318854, 50.4368112], [30.5318742, 50.4368408], [30.5318001, 50.43706]]}, "properties": {"osm_source_id": 256254249, "osm_target_id": 26228440, "osm_key": 0, "length_m": 128.247192552965, "highway_type": "residential", "speed_kph": 25, "oneway": false, "name": "\u0432\u0443\u043b\u0438\u0446\u044f \u041b\u0435\u043e\u043d\u0456\u0434\u0430 \u041f\u0435\u0440\u0432\u043e\u043c\u0430\u0439\u0441\u044c\u043a\u043e\u0433\u043e"}}, {"type": "Feature", "geometry": {"type": "LineString", "coordinates": [[30.5321497, 50.4359285], [30.532246, 50.4359344], [30.5325419, 50.435958], [30.5330287, 50.4364597], [30.5331766, 50.4364147], [30.5334908, 50.436319], [30.5339487, 50.4361796], [30.5340439, 50.4361506], [30.5343458, 50.4360586], [30.534469, 50.4360211], [30.5352368, 50.4357873], [30.5356113, 50.4356671], [30.53564, 50.4356579], [30.5356816, 50.4356446], [30.5357466, 50.4356412], [30.5358147, 50.4356594], [30.5358717, 50.4356904], [30.536217, 50.43619], [30.5363205, 50.4362703], [30.5364763, 50.436329], [30.5366934, 50.4363715], [30.5369075, 50.4363709], [30.5380624, 50.4362718], [30.5386864, 50.436161]]}, "properties": {"osm_source_id": 256254249, "osm_target_id": 256343530, "osm_key": 0, "length_m": 562.0592359111713, "highway_type": "residential", "speed_kph": 25, "oneway": false, "name": "\u041f\u0435\u0447\u0435\u0440\u0441\u044c\u043a\u0438\u0439 \u0443\u0437\u0432\u0456\u0437"}}, {"type": "Feature", "geometry": {"type": "LineString", "coordinates": [[30.5386864, 50.436161], [30.5380624, 50.4362718], [30.5369075, 50.4363709], [30.5366934, 50.4363715], [30.5364763, 50.436329], [30.5363205, 50.4362703], [30.536217, 50.43619], [30.5358717, 50.4356904], [30.5358147, 50.4356594], [30.5357466, 50.4356412], [30.5356816, 50.4356446], [30.53564, 50.4356579], [30.5356113, 50.4356671], [30.5352368, 50.4357873], [30.534469, 50.4360211], [30.5343458, 50.4360586], [30.5340439, 50.4361506], [30.5339487, 50.4361796], [30.5334908, 50.436319], [30.5331766, 50.4364147], [30.5330287, 50.4364597], [30.5325419, 50.435958], [30.532246, 50.4359344], [30.5321497, 50.4359285]]}, "properties": {"osm_source_id": 256343530, "osm_target_id": 256254249, "osm_key": 0, "length_m": 562.0592359111712, "highway_type": "residential", "speed_kph": 25, "oneway": false, "name": "\u041f\u0435\u0447\u0435\u0440\u0441\u044c\u043a\u0438\u0439 \u0443\u0437\u0432\u0456\u0437"}}, {"type": "Feature", "geometry": {"type": "LineString", "coordinates": [[30.5386864, 50.436161], [30.5394845, 50.4360008], [30.5402377, 50.4358495]]}, "properties": {"osm_source_id": 256343530, "osm_target_id": 256254233, "osm_key": 0, "length_m": 115.20064221419926, "highway_type": "residential", "speed_kph": 25, "oneway": false, "name": "\u041f\u0435\u0447\u0435\u0440\u0441\u044c\u043a\u0438\u0439 \u0443\u0437\u0432\u0456\u0437"}}, {"type": "Feature", "geometry": {"type": "LineString", "coordinates": [[30.5386864, 50.436161], [30.5386784, 50.436129], [30.538635, 50.4359561], [30.5386094, 50.4358077], [30.5386236, 50.4356284], [30.5387462, 50.4355317], [30.5390964, 50.4354442], [30.5391983, 50.4353817], [30.5392366, 50.4353291], [30.539235, 50.4352553], [30.5389555, 50.4348066], [30.5393376, 50.4347185], [30.5399884, 50.4345681], [30.5409403, 50.4343481], [30.5410054, 50.4343329]]}, "properties": {"osm_source_id": 256343530, "osm_target_id": 269432297, "osm_key": 0, "length_m": 332.8976511485276, "highway_type": "residential", "speed_kph": 25, "oneway": false, "name": null}}, {"type": "Feature", "geometry": {"type": "LineString", "coordinates": [[30.542053, 50.4364798], [30.5420224, 50.4364163], [30.5418259, 50.436018], [30.5416271, 50.4356071]]}, "properties": {"osm_source_id": 256343532, "osm_target_id": 256546177, "osm_key": 0, "length_m": 101.62042906078072, "highway_type": "residential", "speed_kph": 25, "oneway": false, "name": "\u0432\u0443\u043b\u0438\u0446\u044f \u0413\u0443\u0441\u043e\u0432\u0441\u044c\u043a\u043e\u0433\u043e"}}, {"type": "Feature", "geometry": {"type": "LineString", "coordinates": [[30.542053, 50.4364798], [30.5414324, 50.436609], [30.541394, 50.436616], [30.53979, 50.4369528], [30.5392624, 50.4370693], [30.5391648, 50.4370892], [30.5384008, 50.4372502], [30.5382533, 50.4372952], [30.5381178, 50.4373543], [30.5380375, 50.4374083], [30.537933, 50.4374988], [30.5378712, 50.4375672], [30.5378143, 50.4376608], [30.5377838, 50.4377443], [30.5377703, 50.4378215]]}, "properties": {"osm_source_id": 256343532, "osm_target_id": 3143528697, "osm_key": 0, "length_m": 354.566003014675, "highway_type": "tertiary", "speed_kph": 40, "oneway": false, "name": "\u041a\u043b\u043e\u0432\u0441\u044c\u043a\u0438\u0439 \u0443\u0437\u0432\u0456\u0437"}}, {"type": "Feature", "geometry": {"type": "LineString", "coordinates": [[30.542053, 50.4364798], [30.5441438, 50.4360443], [30.5445566, 50.4359651], [30.5447588, 50.4359508], [30.5448331, 50.435949], [30.5449091, 50.4359492]]}, "properties": {"osm_source_id": 256343532, "osm_target_id": 26304258, "osm_key": 0, "length_m": 211.38775106831469, "highway_type": "tertiary", "speed_kph": 40, "oneway": false, "name": "\u041a\u043b\u043e\u0432\u0441\u044c\u043a\u0438\u0439 \u0443\u0437\u0432\u0456\u0437"}}, {"type": "Feature", "geometry": {"type": "LineString", "coordinates": [[30.5380747, 50.4440007], [30.5381632, 50.4440669], [30.5383635, 50.4442167], [30.538497, 50.4443165], [30.5389823, 50.4446795], [30.5390837, 50.4447553], [30.5396978, 50.4452145], [30.5398227, 50.4453079]]}, "properties": {"osm_source_id": 256367001, "osm_target_id": 10980710, "osm_key": 0, "length_m": 190.91625530229587, "highway_type": "tertiary", "speed_kph": 40, "oneway": false, "name": "\u041a\u0440\u0456\u043f\u043e\u0441\u043d\u0438\u0439 \u043f\u0440\u043e\u0432\u0443\u043b\u043e\u043a"}}, {"type": "Feature", "geometry": {"type": "LineString", "coordinates": [[30.5380747, 50.4440007], [30.5379905, 50.4440471], [30.5370097, 50.4445884], [30.5364107, 50.4449139], [30.5363266, 50.4449555]]}, "properties": {"osm_source_id": 256367001, "osm_target_id": 601265997, "osm_key": 0, "length_m": 163.08978645292734, "highway_type": "tertiary", "speed_kph": 40, "oneway": false, "name": "\u0406\u043d\u0441\u0442\u0438\u0442\u0443\u0442\u0441\u044c\u043a\u0430 \u0432\u0443\u043b\u0438\u0446\u044f"}}, {"type": "Feature", "geometry": {"type": "LineString", "coordinates": [[30.5380747, 50.4440007], [30.5381405, 50.4439605], [30.5382177, 50.443914], [30.5387444, 50.4436066], [30.5387838, 50.4435706], [30.5388171, 50.4435203], [30.5388332, 50.443474], [30.5388433, 50.4434109], [30.5388368, 50.44329], [30.5388186, 50.4431543], [30.5387423, 50.4427122], [30.5385832, 50.4419029], [30.5385103, 50.4415144], [30.5384593, 50.4412558], [30.538395, 50.4409302], [30.5383325, 50.4406334], [30.5383039, 50.4404977], [30.5381355, 50.4396679], [30.5381258, 50.4396184], [30.5381138, 50.4395632], [30.5379402, 50.4387586], [30.5379124, 50.4386293]]}, "properties": {"osm_source_id": 256367001, "osm_target_id": 26228439, "osm_key": 0, "length_m": 623.6924858655633, "highway_type": "tertiary", "speed_kph": 40, "oneway": false, "name": null}}, {"type": "Feature", "geometry": {"type": "LineString", "coordinates": [[30.5349376, 50.4417366], [30.5348511, 50.441781], [30.5348018, 50.4418067], [30.5346132, 50.441904], [30.5340009, 50.4422198], [30.5333924, 50.4425336], [30.5332811, 50.4425911]]}, "properties": {"osm_source_id": 256367088, "osm_target_id": 26546720, "osm_key": 0, "length_m": 150.95930715246675, "highway_type": "residential", "speed_kph": 25, "oneway": false, "name": "\u0432\u0443\u043b\u0438\u0446\u044f \u041f\u0438\u043b\u0438\u043f\u0430 \u041e\u0440\u043b\u0438\u043a\u0430"}}, {"type": "Feature", "geometry": {"type": "LineString", "coordinates": [[30.5349376, 50.4417366], [30.5348417, 50.4416604], [30.534655, 50.4415139], [30.5344857, 50.4414501], [30.5343295, 50.4413995], [30.5338256, 50.44126], [30.5328108, 50.4409848], [30.5326512, 50.4409345], [30.5326364, 50.4409314], [30.5325563, 50.4409106], [30.5307746, 50.4404506], [30.5306373, 50.4404313], [30.5305565, 50.4404392], [30.5305241, 50.4404475], [30.5298808, 50.4407612], [30.5287565, 50.4413103], [30.5286345, 50.4413724], [30.5283426, 50.4411583]]}, "properties": {"osm_source_id": 256367088, "osm_target_id": 601265542, "osm_key": 0, "length_m": 549.710060547301, "highway_type": "tertiary", "speed_kph": 40, "oneway": false, "name": null}}, {"type": "Feature", "geometry": {"type": "LineString", "coordinates": [[30.5349376, 50.4417366], [30.5350008, 50.4417886], [30.5356792, 50.4423098], [30.5360794, 50.4426217], [30.5361349, 50.4426632], [30.5367401, 50.4431065]]}, "properties": {"osm_source_id": 256367088, "osm_target_id": 3531827483, "osm_key": 0, "length_m": 198.75757767938887, "highway_type": "living_street", "speed_kph": 15, "oneway": false, "name": "\u0412\u0438\u043d\u043e\u0433\u0440\u0430\u0434\u043d\u0438\u0439 \u043f\u0440\u043e\u0432\u0443\u043b\u043e\u043a"}}, {"type": "Feature", "geometry": {"type": "LineString", "coordinates": [[30.5349376, 50.4417366], [30.5350342, 50.4416869], [30.5351329, 50.4416359], [30.5362643, 50.4410523], [30.5364091, 50.4409776], [30.5364929, 50.4409344], [30.5365208, 50.4409201], [30.5368237, 50.4407638], [30.5362881, 50.4403324]]}, "properties": {"osm_source_id": 256367088, "osm_target_id": 2582051572, "osm_key": 0, "length_m": 233.02894114871367, "highway_type": "residential", "speed_kph": 25, "oneway": false, "name": null}}, {"type": "Feature", "geometry": {"type": "LineString", "coordinates": [[30.5265696, 50.4426545], [30.5265795, 50.4425444], [30.5265838, 50.4425105], [30.5266208, 50.4422202], [30.5266462, 50.4421557], [30.5267102, 50.4420935], [30.5268137, 50.4420309], [30.5268923, 50.4419833], [30.5271488, 50.4418222], [30.5277203, 50.4414929], [30.5281276, 50.4412815], [30.5282854, 50.4411902], [30.5283426, 50.4411583]]}, "properties": {"osm_source_id": 256409519, "osm_target_id": 601265542, "osm_key": 0, "length_m": 219.6627703053539, "highway_type": "residential", "speed_kph": 25, "oneway": true, "name": "\u043f\u0440\u043e\u0432\u0443\u043b\u043e\u043a \u0406\u0432\u0430\u043d\u0430 \u041a\u043e\u0437\u043b\u043e\u0432\u0441\u044c\u043a\u043e\u0433\u043e"}}, {"type": "Feature", "geometry": {"type": "LineString", "coordinates": [[30.5265696, 50.4426545], [30.5265067, 50.4426494], [30.5264512, 50.4426429], [30.5263785, 50.4426387], [30.5262901, 50.4426439], [30.5262086, 50.4426729], [30.52613, 50.4427201], [30.5260788, 50.4427826], [30.52606, 50.4428791], [30.5260946, 50.4433124], [30.5260886, 50.4433946], [30.52603, 50.4435067], [30.525958, 50.4435813], [30.525901, 50.4436332], [30.5257896, 50.4437115], [30.52554, 50.4438639], [30.5253386, 50.4439311], [30.5252166, 50.443965], [30.5251369, 50.4439871], [30.5249604, 50.4440109], [30.524776, 50.4440325], [30.5246032, 50.4440361], [30.5243887, 50.4440207], [30.5242713, 50.4440003], [30.5241443, 50.4439584], [30.5240441, 50.4439122], [30.5238918, 50.4438273], [30.5237793, 50.4437398], [30.5237136, 50.4436772], [30.5236245, 50.4435551], [30.5235787, 50.44344], [30.5235563, 50.4433839], [30.523272, 50.4426256], [30.523238, 50.4425404]]}, "properties": {"osm_source_id": 256409519, "osm_target_id": 417532007, "osm_key": 0, "length_m": 455.5241706382615, "highway_type": "residential", "speed_kph": 25, "oneway": false, "name": "\u041a\u0440\u0443\u0433\u043b\u043e\u0443\u043d\u0456\u0432\u0435\u0440\u0441\u0438\u0442\u0435\u0442\u0441\u044c\u043a\u0430 \u0432\u0443\u043b\u0438\u0446\u044f"}}, {"type": "Feature", "geometry": {"type": "LineString", "coordinates": [[30.5272417, 50.4437942], [30.5271767, 50.4438287], [30.5267517, 50.4440851], [30.5266873, 50.444124], [30.5266262, 50.4441698], [30.5264923, 50.4442701], [30.5263891, 50.4443474], [30.526088, 50.4445728], [30.5259226, 50.444704], [30.5257327, 50.4448548], [30.5255593, 50.4449924], [30.5254681, 50.4450614], [30.5254117, 50.4450916], [30.5252822, 50.445161], [30.5250009, 50.4452884], [30.5248608, 50.4453485], [30.5246435, 50.4454417], [30.5243974, 50.4455486], [30.5243529, 50.4455679], [30.524246, 50.4456133]]}, "properties": {"osm_source_id": 256409793, "osm_target_id": 4931511367, "osm_key": 0, "length_m": 295.2554780182462, "highway_type": "residential", "speed_kph": 25, "oneway": false, "name": "\u041b\u044e\u0442\u0435\u0440\u0430\u043d\u0441\u044c\u043a\u0430 \u0432\u0443\u043b\u0438\u0446\u044f"}}, {"type": "Feature", "geometry": {"type": "LineString", "coordinates": [[30.5450522, 50.4350014], [30.5449294, 50.4350083], [30.5448986, 50.43501], [30.5435247, 50.4352567], [30.5430587, 50.4353421], [30.5428851, 50.4353755], [30.5428672, 50.4353787], [30.5419331, 50.4355488], [30.5416967, 50.4355923], [30.5416271, 50.4356071]]}, "properties": {"osm_source_id": 256415996, "osm_target_id": 256546177, "osm_key": 0, "length_m": 251.9589055745431, "highway_type": "residential", "speed_kph": 25, "oneway": false, "name": "\u0420\u0456\u0437\u043d\u0438\u0446\u044c\u043a\u0430 \u0432\u0443\u043b\u0438\u0446\u044f"}}, {"type": "Feature", "geometry": {"type": "LineString", "coordinates": [[30.5450522, 50.4350014], [30.5450472, 50.4350971], [30.5450216, 50.435491]]}, "properties": {"osm_source_id": 256415996, "osm_target_id": 4872630756, "osm_key": 0, "length_m": 54.48451609769642, "highway_type": "secondary", "speed_kph": 45, "oneway": false, "name": "\u0432\u0443\u043b\u0438\u0446\u044f \u041a\u043d\u044f\u0437\u0456\u0432 \u041e\u0441\u0442\u0440\u043e\u0437\u044c\u043a\u0438\u0445"}}, {"type": "Feature", "geometry": {"type": "LineString", "coordinates": [[30.5450522, 50.4350014], [30.5450548, 50.4349022], [30.5450729, 50.4340436], [30.5450711, 50.4334428]]}, "properties": {"osm_source_id": 256415996, "osm_target_id": 256254227, "osm_key": 0, "length_m": 173.31892265781136, "highway_type": "secondary", "speed_kph": 45, "oneway": false, "name": "\u0432\u0443\u043b\u0438\u0446\u044f \u041a\u043d\u044f\u0437\u0456\u0432 \u041e\u0441\u0442\u0440\u043e\u0437\u044c\u043a\u0438\u0445"}}, {"type": "Feature", "geometry": {"type": "LineString", "coordinates": [[30.5416271, 50.4356071], [30.5416967, 50.4355923], [30.5419331, 50.4355488], [30.5428672, 50.4353787], [30.5428851, 50.4353755], [30.5430587, 50.4353421], [30.5435247, 50.4352567], [30.5448986, 50.43501], [30.5449294, 50.4350083], [30.5450522, 50.4350014]]}, "properties": {"osm_source_id": 256546177, "osm_target_id": 256415996, "osm_key": 0, "length_m": 251.95890557454305, "highway_type": "residential", "speed_kph": 25, "oneway": false, "name": "\u0420\u0456\u0437\u043d\u0438\u0446\u044c\u043a\u0430 \u0432\u0443\u043b\u0438\u0446\u044f"}}, {"type": "Feature", "geometry": {"type": "LineString", "coordinates": [[30.5416271, 50.4356071], [30.5416046, 50.4355609], [30.5415549, 50.4354591], [30.541435, 50.4352134], [30.5412101, 50.4347525], [30.541184, 50.434699]]}, "properties": {"osm_source_id": 256546177, "osm_target_id": 13911593405, "osm_key": 0, "length_m": 105.74068519391476, "highway_type": "residential", "speed_kph": 25, "oneway": false, "name": "\u0432\u0443\u043b\u0438\u0446\u044f \u0413\u0443\u0441\u043e\u0432\u0441\u044c\u043a\u043e\u0433\u043e"}}, {"type": "Feature", "geometry": {"type": "LineString", "coordinates": [[30.5416271, 50.4356071], [30.5418259, 50.436018], [30.5420224, 50.4364163], [30.542053, 50.4364798]]}, "properties": {"osm_source_id": 256546177, "osm_target_id": 256343532, "osm_key": 0, "length_m": 101.62042906078072, "highway_type": "residential", "speed_kph": 25, "oneway": false, "name": "\u0432\u0443\u043b\u0438\u0446\u044f \u0413\u0443\u0441\u043e\u0432\u0441\u044c\u043a\u043e\u0433\u043e"}}, {"type": "Feature", "geometry": {"type": "LineString", "coordinates": [[30.5161531, 50.4632139], [30.5163797, 50.4630763], [30.5164884, 50.4630403], [30.516622, 50.4630211], [30.5167668, 50.4630132], [30.5168758, 50.4630251], [30.5169605, 50.4630445], [30.5170455, 50.4630724], [30.5170815, 50.4630854], [30.5171995, 50.4631283]]}, "properties": {"osm_source_id": 256568234, "osm_target_id": 26318819, "osm_key": 0, "length_m": 84.3396782336658, "highway_type": "residential", "speed_kph": 25, "oneway": true, "name": "\u041a\u043e\u043d\u0442\u0440\u0430\u043a\u0442\u043e\u0432\u0430 \u043f\u043b\u043e\u0449\u0430"}}, {"type": "Feature", "geometry": {"type": "LineString", "coordinates": [[30.5161531, 50.4632139], [30.516158, 50.4632258], [30.5161586, 50.4632382], [30.5161547, 50.4632503], [30.5161465, 50.4632615]]}, "properties": {"osm_source_id": 256568234, "osm_target_id": 11895718561, "osm_key": 0, "length_m": 5.494885987056564, "highway_type": "residential", "speed_kph": 25, "oneway": true, "name": null}}, {"type": "Feature", "geometry": {"type": "LineString", "coordinates": [[30.5161225, 50.4633124], [30.5160612, 50.4632864]]}, "properties": {"osm_source_id": 256568254, "osm_target_id": 11895718532, "osm_key": 0, "length_m": 5.213979470674528, "highway_type": "residential", "speed_kph": 25, "oneway": true, "name": "\u041a\u043e\u043d\u0442\u0440\u0430\u043a\u0442\u043e\u0432\u0430 \u043f\u043b\u043e\u0449\u0430"}}, {"type": "Feature", "geometry": {"type": "LineString", "coordinates": [[30.5161225, 50.4633124], [30.5161414, 50.4633295], [30.5161698, 50.4633508], [30.5162244, 50.4633839], [30.5166034, 50.4635739], [30.5166486, 50.4635901], [30.5167466, 50.4636259], [30.5167846, 50.4636398]]}, "properties": {"osm_source_id": 256568254, "osm_target_id": 256568258, "osm_key": 0, "length_m": 59.68740672043138, "highway_type": "residential", "speed_kph": 25, "oneway": false, "name": "\u041a\u043e\u043d\u0442\u0440\u0430\u043a\u0442\u043e\u0432\u0430 \u043f\u043b\u043e\u0449\u0430"}}, {"type": "Feature", "geometry": {"type": "LineString", "coordinates": [[30.5167846, 50.4636398], [30.5167466, 50.4636259], [30.5166486, 50.4635901], [30.5166034, 50.4635739], [30.5162244, 50.4633839], [30.5161698, 50.4633508], [30.5161414, 50.4633295], [30.5161225, 50.4633124]]}, "properties": {"osm_source_id": 256568258, "osm_target_id": 256568254, "osm_key": 0, "length_m": 59.68740672043138, "highway_type": "residential", "speed_kph": 25, "oneway": false, "name": "\u041a\u043e\u043d\u0442\u0440\u0430\u043a\u0442\u043e\u0432\u0430 \u043f\u043b\u043e\u0449\u0430"}}, {"type": "Feature", "geometry": {"type": "LineString", "coordinates": [[30.5167846, 50.4636398], [30.5167291, 50.4637135], [30.5164749, 50.4640101], [30.5164333, 50.4640587]]}, "properties": {"osm_source_id": 256568258, "osm_target_id": 26322786, "osm_key": 0, "length_m": 52.81163936426201, "highway_type": "tertiary", "speed_kph": 40, "oneway": false, "name": "\u041a\u043e\u043d\u0442\u0440\u0430\u043a\u0442\u043e\u0432\u0430 \u043f\u043b\u043e\u0449\u0430"}}, {"type": "Feature", "geometry": {"type": "LineString", "coordinates": [[30.5167846, 50.4636398], [30.5171806, 50.4631516], [30.5171995, 50.4631283]]}, "properties": {"osm_source_id": 256568258, "osm_target_id": 26318819, "osm_key": 0, "length_m": 64.01091926218962, "highway_type": "tertiary", "speed_kph": 40, "oneway": false, "name": "\u041a\u043e\u043d\u0442\u0440\u0430\u043a\u0442\u043e\u0432\u0430 \u043f\u043b\u043e\u0449\u0430"}}, {"type": "Feature", "geometry": {"type": "LineString", "coordinates": [[30.5389885, 50.4302498], [30.5390492, 50.4302885], [30.5394998, 50.4306021], [30.539733, 50.430763], [30.5404524, 50.4312669], [30.5408314, 50.4315271], [30.5412429, 50.4317964], [30.5412917, 50.4318319]]}, "properties": {"osm_source_id": 256570943, "osm_target_id": 1782367722, "osm_key": 0, "length_m": 239.946505698149, "highway_type": "residential", "speed_kph": 25, "oneway": true, "name": "\u0432\u0443\u043b\u0438\u0446\u044f \u041b\u0454\u0441\u043a\u043e\u0432\u0430"}}, {"type": "Feature", "geometry": {"type": "LineString", "coordinates": [[30.5389885, 50.4302498], [30.5381497, 50.4306544], [30.5381389, 50.4306596], [30.5380657, 50.4306949]]}, "properties": {"osm_source_id": 256570943, "osm_target_id": 332490744, "osm_key": 0, "length_m": 81.98825348892015, "highway_type": "residential", "speed_kph": 25, "oneway": false, "name": "\u0410\u0440\u0441\u0435\u043d\u0430\u043b\u044c\u043d\u0430 \u0432\u0443\u043b\u0438\u0446\u044f"}}, {"type": "Feature", "geometry": {"type": "LineString", "coordinates": [[30.5482681, 50.4327834], [30.5482768, 50.4327533], [30.5482955, 50.4326933], [30.5484536, 50.4321234], [30.5485347, 50.4318617], [30.5485473, 50.4318251], [30.5487845, 50.4310339], [30.5487968, 50.430987]]}, "properties": {"osm_source_id": 256879791, "osm_target_id": 268437602, "osm_key": 0, "length_m": 203.23957465552692, "highway_type": "residential", "speed_kph": 25, "oneway": false, "name": "\u041b\u0435\u0439\u043f\u0446\u0438\u0437\u044c\u043a\u0430 \u0432\u0443\u043b\u0438\u0446\u044f"}}, {"type": "Feature", "geometry": {"type": "LineString", "coordinates": [[30.5482681, 50.4327834], [30.5482605, 50.4328174], [30.5482476, 50.4328752], [30.5480811, 50.433563], [30.5479946, 50.4339444], [30.5479825, 50.4340155], [30.5479179, 50.4341055], [30.5478041, 50.4341851], [30.547789, 50.4341917], [30.547678, 50.4342403], [30.5467846, 50.4345353], [30.5463879, 50.4346604], [30.5462541, 50.4347011], [30.5458631, 50.4348176], [30.5453012, 50.434997], [30.5450522, 50.4350014]]}, "properties": {"osm_source_id": 256879791, "osm_target_id": 256415996, "osm_key": 0, "length_m": 378.16898924221726, "highway_type": "residential", "speed_kph": 25, "oneway": true, "name": "\u041b\u0435\u0439\u043f\u0446\u0438\u0437\u044c\u043a\u0430 \u0432\u0443\u043b\u0438\u0446\u044f"}}, {"type": "Feature", "geometry": {"type": "LineString", "coordinates": [[30.5482681, 50.4327834], [30.5481394, 50.4327491], [30.5480339, 50.4327258], [30.5469321, 50.4324672], [30.5468425, 50.4324462], [30.5462664, 50.4323265], [30.5461678, 50.4323188], [30.546056, 50.4323234], [30.5459424, 50.4323336], [30.5452774, 50.4324397], [30.5452258, 50.4324484], [30.5449853, 50.4324896]]}, "properties": {"osm_source_id": 256879791, "osm_target_id": 26304267, "osm_key": 0, "length_m": 243.71773021320266, "highway_type": "tertiary", "speed_kph": 40, "oneway": false, "name": "\u0426\u0438\u0442\u0430\u0434\u0435\u043b\u044c\u043d\u0430 \u0432\u0443\u043b\u0438\u0446\u044f"}}, {"type": "Feature", "geometry": {"type": "LineString", "coordinates": [[30.512582, 50.4492598], [30.5125445, 50.4491635], [30.5124168, 50.4488234], [30.5123846, 50.4487376], [30.5122634, 50.4484273], [30.5121128, 50.4480359], [30.5120003, 50.4477437], [30.5118188, 50.4472704], [30.5117963, 50.4472118], [30.5115365, 50.4465343], [30.5115204, 50.4464894], [30.5114644, 50.4463463]]}, "properties": {"osm_source_id": 259159431, "osm_target_id": 259159432, "osm_key": 0, "length_m": 333.49342328188226, "highway_type": "residential", "speed_kph": 25, "oneway": false, "name": "\u0432\u0443\u043b\u0438\u0446\u044f \u041b\u0438\u0441\u0435\u043d\u043a\u0430"}}, {"type": "Feature", "geometry": {"type": "LineString", "coordinates": [[30.512582, 50.4492598], [30.5127216, 50.4492384], [30.5132581, 50.4491561], [30.5134348, 50.4491266]]}, "properties": {"osm_source_id": 259159431, "osm_target_id": 26546084, "osm_key": 0, "length_m": 62.17439847081881, "highway_type": "tertiary", "speed_kph": 40, "oneway": true, "name": "\u0432\u0443\u043b\u0438\u0446\u044f \u042f\u0440\u043e\u0441\u043b\u0430\u0432\u0456\u0432 \u0412\u0430\u043b"}}, {"type": "Feature", "geometry": {"type": "LineString", "coordinates": [[30.5114644, 50.4463463], [30.5116463, 50.4463172], [30.5118855, 50.446279], [30.5119433, 50.4462697], [30.5126308, 50.4461597], [30.5126989, 50.4461488], [30.5127136, 50.4461465], [30.5132153, 50.4460662], [30.5133982, 50.4460369]]}, "properties": {"osm_source_id": 259159432, "osm_target_id": 26201275, "osm_key": 0, "length_m": 141.18689588896, "highway_type": "tertiary", "speed_kph": 40, "oneway": false, "name": "\u0432\u0443\u043b\u0438\u0446\u044f \u0411\u043e\u0433\u0434\u0430\u043d\u0430 \u0425\u043c\u0435\u043b\u044c\u043d\u0438\u0446\u044c\u043a\u043e\u0433\u043e"}}, {"type": "Feature", "geometry": {"type": "LineString", "coordinates": [[30.5114644, 50.4463463], [30.5115204, 50.4464894], [30.5115365, 50.4465343], [30.5117963, 50.4472118], [30.5118188, 50.4472704], [30.5120003, 50.4477437], [30.5121128, 50.4480359], [30.5122634, 50.4484273], [30.5123846, 50.4487376], [30.5124168, 50.4488234], [30.5125445, 50.4491635], [30.512582, 50.4492598]]}, "properties": {"osm_source_id": 259159432, "osm_target_id": 259159431, "osm_key": 0, "length_m": 333.4934232818822, "highway_type": "residential", "speed_kph": 25, "oneway": false, "name": "\u0432\u0443\u043b\u0438\u0446\u044f \u041b\u0438\u0441\u0435\u043d\u043a\u0430"}}, {"type": "Feature", "geometry": {"type": "LineString", "coordinates": [[30.5114644, 50.4463463], [30.5113857, 50.446359], [30.5113108, 50.4463709], [30.5105328, 50.4464954], [30.5102919, 50.4465339], [30.5102501, 50.4465406]]}, "properties": {"osm_source_id": 259159432, "osm_target_id": 247117094, "osm_key": 0, "length_m": 88.65616677566646, "highway_type": "tertiary", "speed_kph": 40, "oneway": false, "name": "\u0432\u0443\u043b\u0438\u0446\u044f \u0411\u043e\u0433\u0434\u0430\u043d\u0430 \u0425\u043c\u0435\u043b\u044c\u043d\u0438\u0446\u044c\u043a\u043e\u0433\u043e"}}, {"type": "Feature", "geometry": {"type": "LineString", "coordinates": [[30.5487968, 50.430987], [30.5487845, 50.4310339], [30.5485473, 50.4318251], [30.5485347, 50.4318617], [30.5484536, 50.4321234], [30.5482955, 50.4326933], [30.5482768, 50.4327533], [30.5482681, 50.4327834]]}, "properties": {"osm_source_id": 268437602, "osm_target_id": 256879791, "osm_key": 0, "length_m": 203.23957465552695, "highway_type": "residential", "speed_kph": 25, "oneway": false, "name": "\u041b\u0435\u0439\u043f\u0446\u0438\u0437\u044c\u043a\u0430 \u0432\u0443\u043b\u0438\u0446\u044f"}}, {"type": "Feature", "geometry": {"type": "LineString", "coordinates": [[30.5447213, 50.4392187], [30.544728, 50.4390069], [30.5447336, 50.4388297], [30.5447437, 50.4385071]]}, "properties": {"osm_source_id": 268442486, "osm_target_id": 268442491, "osm_key": 0, "length_m": 79.1423226624323, "highway_type": "secondary", "speed_kph": 45, "oneway": true, "name": "\u0432\u0443\u043b\u0438\u0446\u044f \u041a\u043d\u044f\u0437\u0456\u0432 \u041e\u0441\u0442\u0440\u043e\u0437\u044c\u043a\u0438\u0445"}}, {"type": "Feature", "geometry": {"type": "LineString", "coordinates": [[30.5447213, 50.4392187], [30.5447652, 50.4392214], [30.5448044, 50.4392286], [30.5454024, 50.4393517], [30.5455108, 50.439374], [30.5455759, 50.4393882], [30.5456076, 50.4393948], [30.5456662, 50.4394069], [30.545716, 50.4394174], [30.5460506, 50.4394859], [30.5467401, 50.4396232], [30.5467805, 50.4396324]]}, "properties": {"osm_source_id": 268442486, "osm_target_id": 444327124, "osm_key": 0, "length_m": 152.98990974487657, "highway_type": "residential", "speed_kph": 25, "oneway": false, "name": "\u0411\u0443\u0442\u0438\u0448\u0456\u0432 \u043f\u0440\u043e\u0432\u0443\u043b\u043e\u043a"}}, {"type": "Feature", "geometry": {"type": "LineString", "coordinates": [[30.5475946, 50.4383427], [30.5474909, 50.4383902], [30.5474248, 50.438449], [30.5473856, 50.4385243]]}, "properties": {"osm_source_id": 268442488, "osm_target_id": 268442492, "osm_key": 0, "length_m": 25.90876045577028, "highway_type": "residential", "speed_kph": 25, "oneway": false, "name": "\u041b\u0435\u0432\u0430\u043d\u0434\u043e\u0432\u0441\u044c\u043a\u0430 \u0432\u0443\u043b\u0438\u0446\u044f"}}, {"type": "Feature", "geometry": {"type": "LineString", "coordinates": [[30.5475946, 50.4383427], [30.5476847, 50.4384268], [30.5477213, 50.4384614], [30.5480417, 50.4387642], [30.5483454, 50.4390342], [30.5485729, 50.4392314], [30.5490258, 50.4396301], [30.5491436, 50.4397338], [30.5491865, 50.4397632], [30.549354, 50.4399096]]}, "properties": {"osm_source_id": 268442488, "osm_target_id": 601726698, "osm_key": 0, "length_m": 214.26150638637856, "highway_type": "secondary", "speed_kph": 45, "oneway": true, "name": "\u0432\u0443\u043b\u0438\u0446\u044f \u041c\u0438\u0445\u0430\u0439\u043b\u0430 \u041e\u043c\u0435\u043b\u044f\u043d\u043e\u0432\u0438\u0447\u0430-\u041f\u0430\u0432\u043b\u0435\u043d\u043a\u0430"}}, {"type": "Feature", "geometry": {"type": "LineString", "coordinates": [[30.5447437, 50.4385071], [30.5447565, 50.4382439], [30.5447857, 50.4377011], [30.5447947, 50.4374916], [30.544816, 50.4371174], [30.5448532, 50.4364614], [30.5448682, 50.4361972], [30.5448775, 50.4360341], [30.5449091, 50.4359492]]}, "properties": {"osm_source_id": 268442491, "osm_target_id": 26304258, "osm_key": 0, "length_m": 284.8517983971092, "highway_type": "secondary", "speed_kph": 45, "oneway": true, "name": "\u0432\u0443\u043b\u0438\u0446\u044f \u041a\u043d\u044f\u0437\u0456\u0432 \u041e\u0441\u0442\u0440\u043e\u0437\u044c\u043a\u0438\u0445"}}, {"type": "Feature", "geometry": {"type": "LineString", "coordinates": [[30.5473856, 50.4385243], [30.5474248, 50.438449], [30.5474909, 50.4383902], [30.5475946, 50.4383427]]}, "properties": {"osm_source_id": 268442492, "osm_target_id": 268442488, "osm_key": 0, "length_m": 25.908760455770285, "highway_type": "residential", "speed_kph": 25, "oneway": false, "name": "\u041b\u0435\u0432\u0430\u043d\u0434\u043e\u0432\u0441\u044c\u043a\u0430 \u0432\u0443\u043b\u0438\u0446\u044f"}}, {"type": "Feature", "geometry": {"type": "LineString", "coordinates": [[30.5473856, 50.4385243], [30.5472948, 50.4385238], [30.5465056, 50.4385196], [30.546411, 50.4385177]]}, "properties": {"osm_source_id": 268442492, "osm_target_id": 1889465647, "osm_key": 0, "length_m": 69.02746817545946, "highway_type": "residential", "speed_kph": 25, "oneway": true, "name": "\u0425\u0440\u0435\u0441\u0442\u043e\u0432\u0438\u0439 \u043f\u0440\u043e\u0432\u0443\u043b\u043e\u043a"}}, {"type": "Feature", "geometry": {"type": "LineString", "coordinates": [[30.5465287, 50.4372433], [30.5464746, 50.4374831], [30.5464594, 50.4377548], [30.5464454, 50.4379751], [30.5464285, 50.438242], [30.5464221, 50.4383424], [30.5464129, 50.4384882], [30.546411, 50.4385177]]}, "properties": {"osm_source_id": 268442494, "osm_target_id": 1889465647, "osm_key": 0, "length_m": 142.0692853167304, "highway_type": "residential", "speed_kph": 25, "oneway": true, "name": "\u0406\u043f\u043e\u0434\u0440\u043e\u043c\u043d\u0438\u0439 \u043f\u0440\u043e\u0432\u0443\u043b\u043e\u043a"}}, {"type": "Feature", "geometry": {"type": "LineString", "coordinates": [[30.5465287, 50.4372433], [30.5467602, 50.4374874], [30.547228, 50.4379732], [30.5475946, 50.4383427]]}, "properties": {"osm_source_id": 268442494, "osm_target_id": 268442488, "osm_key": 0, "length_m": 143.6816260904767, "highway_type": "secondary", "speed_kph": 45, "oneway": true, "name": "\u0432\u0443\u043b\u0438\u0446\u044f \u041c\u0438\u0445\u0430\u0439\u043b\u0430 \u041e\u043c\u0435\u043b\u044f\u043d\u043e\u0432\u0438\u0447\u0430-\u041f\u0430\u0432\u043b\u0435\u043d\u043a\u0430"}}, {"type": "Feature", "geometry": {"type": "LineString", "coordinates": [[30.5273243, 50.4404297], [30.5271699, 50.4405101], [30.5269735, 50.4406112], [30.5268902, 50.4406538], [30.5266735, 50.4407648], [30.5260447, 50.4410882], [30.5259251, 50.4411543], [30.5258881, 50.4411767], [30.5258511, 50.4412098], [30.5254924, 50.441591], [30.5254515, 50.4416402], [30.5253969, 50.4417243], [30.524964, 50.4425004], [30.5249378, 50.4425449], [30.5249154, 50.4425775], [30.5248712, 50.4426032], [30.5248142, 50.4426135], [30.5247233, 50.4426159], [30.5244921, 50.4425963], [30.5239522, 50.4425507]]}, "properties": {"osm_source_id": 268448858, "osm_target_id": 601265505, "osm_key": 0, "length_m": 372.3612724124701, "highway_type": "residential", "speed_kph": 25, "oneway": true, "name": null}}, {"type": "Feature", "geometry": {"type": "LineString", "coordinates": [[30.5273243, 50.4404297], [30.5279472, 50.4408764], [30.5283426, 50.4411583]]}, "properties": {"osm_source_id": 268448858, "osm_target_id": 601265542, "osm_key": 0, "length_m": 108.46230165093104, "highway_type": "tertiary", "speed_kph": 40, "oneway": false, "name": "\u0428\u043e\u0432\u043a\u043e\u0432\u0438\u0447\u043d\u0430 \u0432\u0443\u043b\u0438\u0446\u044f"}}, {"type": "Feature", "geometry": {"type": "LineString", "coordinates": [[30.5273243, 50.4404297], [30.526598, 50.4398941], [30.5262235, 50.4396379], [30.5259669, 50.4394521], [30.5258175, 50.4393508], [30.5254544, 50.4391008], [30.5253712, 50.4390504], [30.5253107, 50.4390116]]}, "properties": {"osm_source_id": 268448858, "osm_target_id": 12844674708, "osm_key": 0, "length_m": 212.66468673103455, "highway_type": "tertiary", "speed_kph": 40, "oneway": false, "name": "\u0428\u043e\u0432\u043a\u043e\u0432\u0438\u0447\u043d\u0430 \u0432\u0443\u043b\u0438\u0446\u044f"}}, {"type": "Feature", "geometry": {"type": "LineString", "coordinates": [[30.5262889, 50.437584], [30.526565, 50.4377357]]}, "properties": {"osm_source_id": 268546975, "osm_target_id": 1596089320, "osm_key": 0, "length_m": 25.824356336906668, "highway_type": "primary_link", "speed_kph": 40, "oneway": false, "name": "\u0431\u0443\u043b\u044c\u0432\u0430\u0440 \u041b\u0435\u0441\u0456 \u0423\u043a\u0440\u0430\u0457\u043d\u043a\u0438"}}, {"type": "Feature", "geometry": {"type": "LineString", "coordinates": [[30.5262889, 50.437584], [30.5264518, 50.437465], [30.5272759, 50.4368629], [30.5280874, 50.4362589], [30.5288466, 50.4356578], [30.528944, 50.4355745], [30.5302713, 50.4344725]]}, "properties": {"osm_source_id": 268546975, "osm_target_id": 268558501, "osm_key": 0, "length_m": 446.5463067301901, "highway_type": "primary", "speed_kph": 55, "oneway": true, "name": "\u0431\u0443\u043b\u044c\u0432\u0430\u0440 \u041b\u0435\u0441\u0456 \u0423\u043a\u0440\u0430\u0457\u043d\u043a\u0438"}}, {"type": "Feature", "geometry": {"type": "LineString", "coordinates": [[30.5296991, 50.4341757], [30.5298941, 50.4343184], [30.5301449, 50.4344226], [30.5302713, 50.4344725]]}, "properties": {"osm_source_id": 268558499, "osm_target_id": 268558501, "osm_key": 0, "length_m": 52.77715246364729, "highway_type": "residential", "speed_kph": 25, "oneway": false, "name": null}}, {"type": "Feature", "geometry": {"type": "LineString", "coordinates": [[30.5296991, 50.4341757], [30.5290346, 50.4346576], [30.5282935, 50.4353028], [30.5282446, 50.4353453], [30.528213, 50.435371], [30.5279034, 50.435622]]}, "properties": {"osm_source_id": 268558499, "osm_target_id": 2875388411, "osm_key": 0, "length_m": 205.19555008123098, "highway_type": "residential", "speed_kph": 25, "oneway": true, "name": "\u0413\u043e\u0441\u043f\u0456\u0442\u0430\u043b\u044c\u043d\u0430 \u0432\u0443\u043b\u0438\u0446\u044f"}}, {"type": "Feature", "geometry": {"type": "LineString", "coordinates": [[30.5302713, 50.4344725], [30.5301449, 50.4344226], [30.5298941, 50.4343184], [30.5296991, 50.4341757]]}, "properties": {"osm_source_id": 268558501, "osm_target_id": 268558499, "osm_key": 0, "length_m": 52.77715246364728, "highway_type": "residential", "speed_kph": 25, "oneway": false, "name": null}}, {"type": "Feature", "geometry": {"type": "LineString", "coordinates": [[30.5302713, 50.4344725], [30.530406, 50.4343602], [30.5306158, 50.4341854], [30.5309362, 50.4339202], [30.5311024, 50.4337799]]}, "properties": {"osm_source_id": 268558501, "osm_target_id": 1596089288, "osm_key": 0, "length_m": 96.934351140932, "highway_type": "primary", "speed_kph": 55, "oneway": true, "name": "\u0431\u0443\u043b\u044c\u0432\u0430\u0440 \u041b\u0435\u0441\u0456 \u0423\u043a\u0440\u0430\u0457\u043d\u043a\u0438"}}, {"type": "Feature", "geometry": {"type": "LineString", "coordinates": [[30.5410054, 50.4343329], [30.5409403, 50.4343481], [30.5399884, 50.4345681], [30.5393376, 50.4347185], [30.5389555, 50.4348066], [30.539235, 50.4352553], [30.5392366, 50.4353291], [30.5391983, 50.4353817], [30.5390964, 50.4354442], [30.5387462, 50.4355317], [30.5386236, 50.4356284], [30.5386094, 50.4358077], [30.538635, 50.4359561], [30.5386784, 50.436129], [30.5386864, 50.436161]]}, "properties": {"osm_source_id": 269432297, "osm_target_id": 256343530, "osm_key": 0, "length_m": 332.89765114852764, "highway_type": "residential", "speed_kph": 25, "oneway": false, "name": null}}, {"type": "Feature", "geometry": {"type": "LineString", "coordinates": [[30.5410054, 50.4343329], [30.540988, 50.4343026], [30.54085, 50.4340354], [30.5407511, 50.4337927], [30.5406171, 50.4334433], [30.5405999, 50.4333862]]}, "properties": {"osm_source_id": 269432297, "osm_target_id": 256239870, "osm_key": 0, "length_m": 109.20569436701898, "highway_type": "residential", "speed_kph": 25, "oneway": true, "name": "\u0432\u0443\u043b\u0438\u0446\u044f \u0413\u0443\u0441\u043e\u0432\u0441\u044c\u043a\u043e\u0433\u043e"}}, {"type": "Feature", "geometry": {"type": "LineString", "coordinates": [[30.4983512, 50.4543439], [30.4983062, 50.4544184], [30.4982906, 50.454444], [30.4982501, 50.4545107], [30.4981169, 50.4547432], [30.4979464, 50.4550934], [30.4978399, 50.45534], [30.4977952, 50.4554473], [30.4977093, 50.4556531], [30.4976907, 50.4556976], [30.4974738, 50.4562171], [30.4974623, 50.4562683], [30.4974649, 50.4563463]]}, "properties": {"osm_source_id": 270047383, "osm_target_id": 26318824, "osm_key": 0, "length_m": 231.94698037309513, "highway_type": "residential", "speed_kph": 25, "oneway": false, "name": "\u0432\u0443\u043b\u0438\u0446\u044f \u0406\u0432\u0430\u043d\u0430 \u0414\u0440\u0430\u0447\u0430"}}, {"type": "Feature", "geometry": {"type": "LineString", "coordinates": [[30.4983512, 50.4543439], [30.4985888, 50.4543884], [30.4987885, 50.4544099], [30.4989761, 50.4544159], [30.4999364, 50.454366], [30.500453, 50.4543427], [30.5011515, 50.4543111], [30.501403, 50.4542921], [30.5015417, 50.4542826]]}, "properties": {"osm_source_id": 270047383, "osm_target_id": 270047391, "osm_key": 0, "length_m": 227.4321987655077, "highway_type": "residential", "speed_kph": 25, "oneway": false, "name": "\u0432\u0443\u043b\u0438\u0446\u044f \u0412\u043e\u043b\u043e\u0434\u0438\u043c\u0438\u0440\u0430 \u0412\u0438\u043d\u043d\u0438\u0447\u0435\u043d\u043a\u0430"}}, {"type": "Feature", "geometry": {"type": "LineString", "coordinates": [[30.5015417, 50.4542826], [30.5015674, 50.4543624], [30.5016977, 50.4548277], [30.5017419, 50.454985], [30.5019185, 50.4556048], [30.5020075, 50.4559211], [30.5021192, 50.4563184], [30.5021515, 50.4564385]]}, "properties": {"osm_source_id": 270047391, "osm_target_id": 26318822, "osm_key": 0, "length_m": 243.5850347873403, "highway_type": "residential", "speed_kph": 25, "oneway": false, "name": "\u041e\u0431\u0441\u0435\u0440\u0432\u0430\u0442\u043e\u0440\u043d\u0430 \u0432\u0443\u043b\u0438\u0446\u044f"}}, {"type": "Feature", "geometry": {"type": "LineString", "coordinates": [[30.5015417, 50.4542826], [30.5012948, 50.4533634], [30.5011508, 50.4528545], [30.5011013, 50.4526797], [30.5010592, 50.4524717], [30.5010296, 50.4523261]]}, "properties": {"osm_source_id": 270047391, "osm_target_id": 26546052, "osm_key": 0, "length_m": 220.5879498574935, "highway_type": "residential", "speed_kph": 25, "oneway": false, "name": "\u041e\u0431\u0441\u0435\u0440\u0432\u0430\u0442\u043e\u0440\u043d\u0430 \u0432\u0443\u043b\u0438\u0446\u044f"}}, {"type": "Feature", "geometry": {"type": "LineString", "coordinates": [[30.5015417, 50.4542826], [30.501403, 50.4542921], [30.5011515, 50.4543111], [30.500453, 50.4543427], [30.4999364, 50.454366], [30.4989761, 50.4544159], [30.4987885, 50.4544099], [30.4985888, 50.4543884], [30.4983512, 50.4543439]]}, "properties": {"osm_source_id": 270047391, "osm_target_id": 270047383, "osm_key": 0, "length_m": 227.4321987655077, "highway_type": "residential", "speed_kph": 25, "oneway": false, "name": "\u0432\u0443\u043b\u0438\u0446\u044f \u0412\u043e\u043b\u043e\u0434\u0438\u043c\u0438\u0440\u0430 \u0412\u0438\u043d\u043d\u0438\u0447\u0435\u043d\u043a\u0430"}}, {"type": "Feature", "geometry": {"type": "LineString", "coordinates": [[30.5015578, 50.4340849], [30.5023455, 50.4345468]]}, "properties": {"osm_source_id": 275819931, "osm_target_id": 248772292, "osm_key": 0, "length_m": 75.83226722245688, "highway_type": "residential", "speed_kph": 25, "oneway": false, "name": "\u0432\u0443\u043b\u0438\u0446\u044f \u041b\u0456\u043b\u0456\u0457 \u041b\u043e\u0431\u0430\u043d\u043e\u0432\u043e\u0457"}}, {"type": "Feature", "geometry": {"type": "LineString", "coordinates": [[30.4988571, 50.444515], [30.498949, 50.4444256], [30.4991474, 50.4442321], [30.4994606, 50.4439382], [30.4996379, 50.4437668], [30.4999669, 50.4434485], [30.5003017, 50.4431436], [30.5004615, 50.4429944], [30.5009939, 50.4425058], [30.5012111, 50.4423034], [30.5014502, 50.4420768], [30.50147, 50.4420529], [30.5014837, 50.4420279], [30.5014946, 50.4419949], [30.5014998, 50.4419303]]}, "properties": {"osm_source_id": 294975564, "osm_target_id": 26546430, "osm_key": 0, "length_m": 344.3602461318361, "highway_type": "residential", "speed_kph": 25, "oneway": true, "name": "\u041d\u0430\u0437\u0430\u0440\u0456\u0432\u0441\u044c\u043a\u0430 \u0432\u0443\u043b\u0438\u0446\u044f"}}, {"type": "Feature", "geometry": {"type": "LineString", "coordinates": [[30.4988571, 50.444515], [30.4991531, 50.4446483], [30.4995787, 50.444838], [30.4998344, 50.4449483], [30.50011, 50.4450689], [30.5007929, 50.4453725]]}, "properties": {"osm_source_id": 294975564, "osm_target_id": 546450898, "osm_key": 0, "length_m": 166.9805918443571, "highway_type": "secondary", "speed_kph": 45, "oneway": false, "name": "\u0432\u0443\u043b\u0438\u0446\u044f \u0421\u0438\u043c\u043e\u043d\u0430 \u041f\u0435\u0442\u043b\u044e\u0440\u0438"}}, {"type": "Feature", "geometry": {"type": "LineString", "coordinates": [[30.4988571, 50.444515], [30.498743, 50.4444622], [30.4985091, 50.4443606], [30.4979906, 50.444131], [30.4978264, 50.4440583], [30.4977276, 50.4440152], [30.4975351, 50.4439325], [30.4971837, 50.4437815], [30.4970439, 50.4437214]]}, "properties": {"osm_source_id": 294975564, "osm_target_id": 26303477, "osm_key": 0, "length_m": 155.80417280019842, "highway_type": "secondary", "speed_kph": 45, "oneway": false, "name": "\u0432\u0443\u043b\u0438\u0446\u044f \u0421\u0438\u043c\u043e\u043d\u0430 \u041f\u0435\u0442\u043b\u044e\u0440\u0438"}}, {"type": "Feature", "geometry": {"type": "LineString", "coordinates": [[30.4960847, 50.462187], [30.496054, 50.4621512], [30.4960305, 50.4621253], [30.4960052, 50.4620931]]}, "properties": {"osm_source_id": 298150586, "osm_target_id": 4971158782, "osm_key": 0, "length_m": 11.864536561263446, "highway_type": "residential", "speed_kph": 25, "oneway": false, "name": "\u041a\u0443\u0434\u0440\u044f\u0432\u0441\u044c\u043a\u0438\u0439 \u0443\u0437\u0432\u0456\u0437"}}, {"type": "Feature", "geometry": {"type": "LineString", "coordinates": [[30.4960847, 50.462187], [30.4959816, 50.4622237], [30.4952482, 50.462493]]}, "properties": {"osm_source_id": 298150586, "osm_target_id": 26409153, "osm_key": 0, "length_m": 68.29254727447426, "highway_type": "secondary", "speed_kph": 45, "oneway": true, "name": "\u0413\u043b\u0438\u0431\u043e\u0447\u0438\u0446\u044c\u043a\u0430 \u0432\u0443\u043b\u0438\u0446\u044f"}}, {"type": "Feature", "geometry": {"type": "LineString", "coordinates": [[30.5081526, 50.4455801], [30.5082639, 50.4455612], [30.5096599, 50.4453229], [30.5097014, 50.4453156], [30.5097618, 50.4453052]]}, "properties": {"osm_source_id": 298274357, "osm_target_id": 298274714, "osm_key": 0, "length_m": 117.97703543364484, "highway_type": "residential", "speed_kph": 25, "oneway": true, "name": "\u0411\u043e\u0442\u0430\u043d\u0456\u0447\u043d\u0430 \u043f\u043b\u043e\u0449\u0430"}}, {"type": "Feature", "geometry": {"type": "LineString", "coordinates": [[30.5081526, 50.4455801], [30.5081169, 50.4454972], [30.5081141, 50.4454906], [30.508102, 50.4454605], [30.5077512, 50.44459], [30.5077208, 50.4445351], [30.5076812, 50.4445114], [30.5076246, 50.4444943]]}, "properties": {"osm_source_id": 298274357, "osm_target_id": 546450915, "osm_key": 0, "length_m": 128.4627154150492, "highway_type": "residential", "speed_kph": 25, "oneway": true, "name": "\u0432\u0443\u043b\u0438\u0446\u044f \u0406\u0432\u0430\u043d\u0430 \u0424\u0440\u0430\u043d\u043a\u0430"}}, {"type": "Feature", "geometry": {"type": "LineString", "coordinates": [[30.5097618, 50.4453052], [30.5099028, 50.445662], [30.5099084, 50.4456761], [30.5099479, 50.445776], [30.5101097, 50.4461853], [30.5101206, 50.446213], [30.5102072, 50.446432], [30.5102142, 50.4464497], [30.5102501, 50.4465406]]}, "properties": {"osm_source_id": 298274714, "osm_target_id": 247117094, "osm_key": 0, "length_m": 141.65505987320194, "highway_type": "residential", "speed_kph": 25, "oneway": true, "name": "\u0432\u0443\u043b\u0438\u0446\u044f \u041b\u0435\u043e\u043d\u0442\u043e\u0432\u0438\u0447\u0430"}}, {"type": "Feature", "geometry": {"type": "LineString", "coordinates": [[30.521766, 50.4595373], [30.5218166, 50.4595583], [30.5222714, 50.4598135], [30.5228912, 50.4601631], [30.522925, 50.4601822], [30.5230304, 50.4602387]]}, "properties": {"osm_source_id": 305445934, "osm_target_id": 10252932949, "osm_key": 0, "length_m": 118.76366498741227, "highway_type": "residential", "speed_kph": 25, "oneway": false, "name": "\u0406\u0433\u043e\u0440\u0456\u0432\u0441\u044c\u043a\u0430 \u0432\u0443\u043b\u0438\u0446\u044f"}}, {"type": "Feature", "geometry": {"type": "LineString", "coordinates": [[30.5130558, 50.4646767], [30.5131773, 50.4646769], [30.5133061, 50.4647013], [30.5134754, 50.4647539], [30.5135514, 50.4647765]]}, "properties": {"osm_source_id": 305629798, "osm_target_id": 447915420, "osm_key": 0, "length_m": 37.38377764998545, "highway_type": "residential", "speed_kph": 25, "oneway": true, "name": null}}, {"type": "Feature", "geometry": {"type": "LineString", "coordinates": [[30.5068946, 50.4628314], [30.5068713, 50.462773], [30.5068663, 50.462741], [30.50687, 50.46266]]}, "properties": {"osm_source_id": 305980434, "osm_target_id": 1469178437, "osm_key": 0, "length_m": 19.286369731308955, "highway_type": "secondary", "speed_kph": 45, "oneway": true, "name": "\u0432\u0443\u043b\u0438\u0446\u044f \u0412\u0435\u0440\u0445\u043d\u0456\u0439 \u0412\u0430\u043b"}}, {"type": "Feature", "geometry": {"type": "LineString", "coordinates": [[30.5068946, 50.4628314], [30.5068538, 50.4628136], [30.5067735, 50.4627922], [30.5066997, 50.4627889], [30.5066358, 50.4627939], [30.50658, 50.4628086], [30.5065204, 50.4628265], [30.5060171, 50.4630087], [30.5058084, 50.4630879], [30.5056362, 50.4631531], [30.5055331, 50.4631844], [30.5053902, 50.4632174], [30.5052405, 50.4632391], [30.5050491, 50.4632498], [30.5048925, 50.4632524], [30.504729, 50.4632479], [30.5045934, 50.4632331], [30.5044578, 50.4632144], [30.5039039, 50.4631101], [30.5036171, 50.4630473], [30.5034023, 50.4629925], [30.5030894, 50.4629076], [30.5027089, 50.4627875], [30.5024941, 50.4627137], [30.50226, 50.4626234], [30.501933, 50.4624964], [30.5016786, 50.462399], [30.5015495, 50.4623611], [30.5013837, 50.4623327], [30.5012282, 50.4623165], [30.5003757, 50.4622779], [30.5001597, 50.4622667]]}, "properties": {"osm_source_id": 305980434, "osm_target_id": 6025466615, "osm_key": 0, "length_m": 513.1679850326035, "highway_type": "secondary", "speed_kph": 45, "oneway": true, "name": "\u0413\u043b\u0438\u0431\u043e\u0447\u0438\u0446\u044c\u043a\u0430 \u0432\u0443\u043b\u0438\u0446\u044f"}}, {"type": "Feature", "geometry": {"type": "LineString", "coordinates": [[30.5106042, 50.4652555], [30.5105365, 50.4652978], [30.5104739, 50.4653358], [30.5091131, 50.4661738]]}, "properties": {"osm_source_id": 305980443, "osm_target_id": 26322892, "osm_key": 0, "length_m": 146.85154677299192, "highway_type": "residential", "speed_kph": 25, "oneway": false, "name": "\u0416\u0438\u0442\u043d\u044c\u043e\u0442\u043e\u0440\u0437\u044c\u043a\u0430 \u0432\u0443\u043b\u0438\u0446\u044f"}}, {"type": "Feature", "geometry": {"type": "LineString", "coordinates": [[30.5106042, 50.4652555], [30.5104617, 50.465165], [30.5100819, 50.464913], [30.5094055, 50.4644677], [30.5089606, 50.4641748]]}, "properties": {"osm_source_id": 305980443, "osm_target_id": 1469178541, "osm_key": 0, "length_m": 167.25891439413994, "highway_type": "secondary", "speed_kph": 45, "oneway": true, "name": "\u0432\u0443\u043b\u0438\u0446\u044f \u041d\u0438\u0436\u043d\u0456\u0439 \u0412\u0430\u043b"}}, {"type": "Feature", "geometry": {"type": "LineString", "coordinates": [[30.4991063, 50.437036], [30.4992649, 50.4369105], [30.4992781, 50.4369006], [30.499882, 50.4364177], [30.5014112, 50.4352645], [30.5016968, 50.4350451], [30.5023455, 50.4345468]]}, "properties": {"osm_source_id": 312691048, "osm_target_id": 248772292, "osm_key": 0, "length_m": 359.5254858166044, "highway_type": "residential", "speed_kph": 25, "oneway": false, "name": "\u0432\u0443\u043b\u0438\u0446\u044f \u0421\u0456\u043c\u02bc\u0457 \u041f\u0440\u0430\u0445\u043e\u0432\u0438\u0445"}}, {"type": "Feature", "geometry": {"type": "LineString", "coordinates": [[30.4991063, 50.437036], [30.4985238, 50.4374821], [30.4967314, 50.4388546], [30.496661, 50.4388979], [30.4965127, 50.4388829], [30.4962816, 50.4388002], [30.4961787, 50.4387589], [30.4961283, 50.4387384], [30.4960367, 50.4386947]]}, "properties": {"osm_source_id": 312691048, "osm_target_id": 3747484368, "osm_key": 0, "length_m": 320.31724927487903, "highway_type": "residential", "speed_kph": 25, "oneway": false, "name": "\u0432\u0443\u043b\u0438\u0446\u044f \u0421\u0456\u043c\u02bc\u0457 \u041f\u0440\u0430\u0445\u043e\u0432\u0438\u0445"}}, {"type": "Feature", "geometry": {"type": "LineString", "coordinates": [[30.4991063, 50.437036], [30.4986765, 50.4368201], [30.4985274, 50.4367451], [30.4980686, 50.4365146], [30.4959794, 50.4378815], [30.4959009, 50.4379366]]}, "properties": {"osm_source_id": 312691048, "osm_target_id": 5587877752, "osm_key": 0, "length_m": 314.001879425193, "highway_type": "living_street", "speed_kph": 15, "oneway": false, "name": "\u041b\u0438\u0431\u0456\u0434\u0441\u044c\u043a\u0430 \u0432\u0443\u043b\u0438\u0446\u044f"}}, {"type": "Feature", "geometry": {"type": "LineString", "coordinates": [[30.5380657, 50.4306949], [30.5380056, 50.4307316], [30.5375483, 50.430975], [30.5371912, 50.4311656], [30.5368064, 50.4313654], [30.5360007, 50.4318128]]}, "properties": {"osm_source_id": 332490744, "osm_target_id": 332490745, "osm_key": 0, "length_m": 191.9790393105464, "highway_type": "residential", "speed_kph": 25, "oneway": false, "name": "\u0410\u0440\u0441\u0435\u043d\u0430\u043b\u044c\u043d\u0430 \u0432\u0443\u043b\u0438\u0446\u044f"}}, {"type": "Feature", "geometry": {"type": "LineString", "coordinates": [[30.5380657, 50.4306949], [30.5381389, 50.4306596], [30.5381497, 50.4306544], [30.5389885, 50.4302498]]}, "properties": {"osm_source_id": 332490744, "osm_target_id": 256570943, "osm_key": 0, "length_m": 81.98825348892017, "highway_type": "residential", "speed_kph": 25, "oneway": false, "name": "\u0410\u0440\u0441\u0435\u043d\u0430\u043b\u044c\u043d\u0430 \u0432\u0443\u043b\u0438\u0446\u044f"}}, {"type": "Feature", "geometry": {"type": "LineString", "coordinates": [[30.5360007, 50.4318128], [30.5368064, 50.4313654], [30.5371912, 50.4311656], [30.5375483, 50.430975], [30.5380056, 50.4307316], [30.5380657, 50.4306949]]}, "properties": {"osm_source_id": 332490745, "osm_target_id": 332490744, "osm_key": 0, "length_m": 191.9790393105464, "highway_type": "residential", "speed_kph": 25, "oneway": false, "name": "\u0410\u0440\u0441\u0435\u043d\u0430\u043b\u044c\u043d\u0430 \u0432\u0443\u043b\u0438\u0446\u044f"}}, {"type": "Feature", "geometry": {"type": "LineString", "coordinates": [[30.5202145, 50.460225], [30.520881, 50.4606284], [30.5209724, 50.4606835]]}, "properties": {"osm_source_id": 346880556, "osm_target_id": 140608833, "osm_key": 0, "length_m": 74.01086145117971, "highway_type": "residential", "speed_kph": 25, "oneway": false, "name": "\u0410\u043d\u0434\u0440\u0456\u0457\u0432\u0441\u044c\u043a\u0430 \u0432\u0443\u043b\u0438\u0446\u044f"}}, {"type": "Feature", "geometry": {"type": "LineString", "coordinates": [[30.5073568, 50.4622917], [30.5074853, 50.4623682], [30.5076423, 50.4624586], [30.5077717, 50.4625315], [30.5078137, 50.4625542]]}, "properties": {"osm_source_id": 346919848, "osm_target_id": 2074576915, "osm_key": 0, "length_m": 43.56997042448381, "highway_type": "living_street", "speed_kph": 15, "oneway": true, "name": "\u0412\u043e\u0437\u0434\u0432\u0438\u0436\u0435\u043d\u0441\u044c\u043a\u0438\u0439 \u043f\u0440\u043e\u0432\u0443\u043b\u043e\u043a"}}, {"type": "Feature", "geometry": {"type": "LineString", "coordinates": [[30.5073568, 50.4622917], [30.5074758, 50.4621971], [30.5081481, 50.4617218]]}, "properties": {"osm_source_id": 346919848, "osm_target_id": 4333004033, "osm_key": 0, "length_m": 84.59547280731391, "highway_type": "living_street", "speed_kph": 15, "oneway": true, "name": "\u041a\u043e\u0436\u0443\u043c\u02bc\u044f\u0446\u044c\u043a\u0430 \u0432\u0443\u043b\u0438\u0446\u044f"}}, {"type": "Feature", "geometry": {"type": "LineString", "coordinates": [[30.5094729, 50.4614601], [30.5093901, 50.4615176], [30.5088783, 50.461859], [30.5087753, 50.4619278], [30.5086217, 50.4620269], [30.5083337, 50.4622149], [30.5078137, 50.4625542]]}, "properties": {"osm_source_id": 346920626, "osm_target_id": 2074576915, "osm_key": 0, "length_m": 169.10575290263884, "highway_type": "living_street", "speed_kph": 15, "oneway": true, "name": "\u0412\u043e\u0437\u0434\u0432\u0438\u0436\u0435\u043d\u0441\u044c\u043a\u0430 \u0432\u0443\u043b\u0438\u0446\u044f"}}, {"type": "Feature", "geometry": {"type": "LineString", "coordinates": [[30.5131659, 50.45928], [30.5130254, 50.4590107], [30.512964, 50.4588795], [30.5129511, 50.458782], [30.5129721, 50.4586586], [30.5130958, 50.4583241], [30.5133488, 50.4575761]]}, "properties": {"osm_source_id": 346920637, "osm_target_id": 355413638, "osm_key": 0, "length_m": 194.74969287790893, "highway_type": "living_street", "speed_kph": 15, "oneway": false, "name": "\u0413\u043e\u043d\u0447\u0430\u0440\u043d\u0430 \u0432\u0443\u043b\u0438\u0446\u044f"}}, {"type": "Feature", "geometry": {"type": "LineString", "coordinates": [[30.5131659, 50.45928], [30.5129082, 50.4593559], [30.5121224, 50.4598151], [30.5111372, 50.4603914]]}, "properties": {"osm_source_id": 346920637, "osm_target_id": 3847379062, "osm_key": 0, "length_m": 190.31973223928685, "highway_type": "living_street", "speed_kph": 15, "oneway": false, "name": "\u0412\u043e\u0437\u0434\u0432\u0438\u0436\u0435\u043d\u0441\u044c\u043a\u0430 \u0432\u0443\u043b\u0438\u0446\u044f"}}, {"type": "Feature", "geometry": {"type": "LineString", "coordinates": [[30.5131659, 50.45928], [30.5134791, 50.4592229], [30.5137089, 50.459181], [30.5139311, 50.4591862], [30.5141492, 50.4592049], [30.5145364, 50.4592765], [30.5150331, 50.4593812], [30.5153053, 50.4594578], [30.5153186, 50.459523], [30.515332, 50.4597601]]}, "properties": {"osm_source_id": 346920637, "osm_target_id": 9036711548, "osm_key": 0, "length_m": 191.64378839691264, "highway_type": "living_street", "speed_kph": 15, "oneway": false, "name": "\u0412\u043e\u0437\u0434\u0432\u0438\u0436\u0435\u043d\u0441\u044c\u043a\u0430 \u0432\u0443\u043b\u0438\u0446\u044f"}}, {"type": "Feature", "geometry": {"type": "LineString", "coordinates": [[30.5242056, 50.466301], [30.5240996, 50.4662284], [30.5240574, 50.4661981], [30.5235405, 50.4658499], [30.5234793, 50.4658089], [30.5233857, 50.4657474], [30.5231608, 50.4655987], [30.5230522, 50.4655288], [30.5227461, 50.4653303], [30.5226364, 50.4652643]]}, "properties": {"osm_source_id": 347862570, "osm_target_id": 26322822, "osm_key": 0, "length_m": 160.0993051774604, "highway_type": "residential", "speed_kph": 25, "oneway": false, "name": "\u0406\u043b\u043b\u0456\u043d\u0441\u044c\u043a\u0430 \u0432\u0443\u043b\u0438\u0446\u044f"}}, {"type": "Feature", "geometry": {"type": "LineString", "coordinates": [[30.5242056, 50.466301], [30.5245602, 50.4663357], [30.5246376, 50.4663438], [30.5248123, 50.4663572]]}, "properties": {"osm_source_id": 347862570, "osm_target_id": 26394235, "osm_key": 0, "length_m": 43.39958248277969, "highway_type": "residential", "speed_kph": 25, "oneway": false, "name": "\u041f\u043e\u0447\u0430\u0439\u043d\u0438\u043d\u0441\u044c\u043a\u0430 \u0432\u0443\u043b\u0438\u0446\u044f"}}, {"type": "Feature", "geometry": {"type": "LineString", "coordinates": [[30.5242056, 50.466301], [30.5241325, 50.46635], [30.5238512, 50.4665142], [30.5236145, 50.4666619], [30.5232369, 50.4668983], [30.5229357, 50.4670919], [30.5226293, 50.4672757], [30.5225581, 50.4673177]]}, "properties": {"osm_source_id": 347862570, "osm_target_id": 26323109, "osm_key": 0, "length_m": 162.44245754459897, "highway_type": "residential", "speed_kph": 25, "oneway": false, "name": "\u041f\u043e\u0447\u0430\u0439\u043d\u0438\u043d\u0441\u044c\u043a\u0430 \u0432\u0443\u043b\u0438\u0446\u044f"}}, {"type": "Feature", "geometry": {"type": "LineString", "coordinates": [[30.5133488, 50.4575761], [30.5132696, 50.4572417]]}, "properties": {"osm_source_id": 355413638, "osm_target_id": 2534325468, "osm_key": 0, "length_m": 37.60397105769491, "highway_type": "living_street", "speed_kph": 15, "oneway": false, "name": "\u0413\u043e\u043d\u0447\u0430\u0440\u043d\u0430 \u0432\u0443\u043b\u0438\u0446\u044f"}}, {"type": "Feature", "geometry": {"type": "LineString", "coordinates": [[30.5133488, 50.4575761], [30.5136313, 50.4574199], [30.5142372, 50.4570957], [30.5144909, 50.4569559]]}, "properties": {"osm_source_id": 355413638, "osm_target_id": 2773309260, "osm_key": 0, "length_m": 106.2718390741129, "highway_type": "living_street", "speed_kph": 15, "oneway": false, "name": "\u0413\u043e\u043d\u0447\u0430\u0440\u043d\u0430 \u0432\u0443\u043b\u0438\u0446\u044f"}}, {"type": "Feature", "geometry": {"type": "LineString", "coordinates": [[30.5133488, 50.4575761], [30.5130958, 50.4583241], [30.5129721, 50.4586586], [30.5129511, 50.458782], [30.512964, 50.4588795], [30.5130254, 50.4590107], [30.5131659, 50.45928]]}, "properties": {"osm_source_id": 355413638, "osm_target_id": 346920637, "osm_key": 0, "length_m": 194.74969287790893, "highway_type": "living_street", "speed_kph": 15, "oneway": false, "name": "\u0413\u043e\u043d\u0447\u0430\u0440\u043d\u0430 \u0432\u0443\u043b\u0438\u0446\u044f"}}, {"type": "Feature", "geometry": {"type": "LineString", "coordinates": [[30.5242958, 50.4523884], [30.5243653, 50.4523599], [30.5243844, 50.4523522], [30.5244439, 50.4523285], [30.524461, 50.4523258], [30.5244792, 50.4523243], [30.5245018, 50.4523235], [30.5245234, 50.4523251], [30.5245486, 50.4523283], [30.5245716, 50.4523342], [30.5246031, 50.4523475], [30.5246311, 50.4523655], [30.524803, 50.4525069], [30.5249647, 50.4526399], [30.5252386, 50.4528748], [30.5252925, 50.4529262], [30.5253644, 50.4529947], [30.5253855, 50.4530136], [30.5254049, 50.4530442], [30.5254134, 50.4530657], [30.5254201, 50.4530959], [30.5254201, 50.4531211], [30.5254184, 50.4531513], [30.5254074, 50.4531862], [30.5253757, 50.4532493]]}, "properties": {"osm_source_id": 355596890, "osm_target_id": 599414000, "osm_key": 0, "length_m": 143.9209396855616, "highway_type": "residential", "speed_kph": 25, "oneway": true, "name": "\u041a\u043e\u0441\u0442\u0435\u043b\u044c\u043d\u0430 \u0432\u0443\u043b\u0438\u0446\u044f"}}, {"type": "Feature", "geometry": {"type": "LineString", "coordinates": [[30.5242958, 50.4523884], [30.5240526, 50.4521767], [30.5237755, 50.4519359], [30.5234792, 50.4516782], [30.5230893, 50.451339], [30.5229785, 50.4512492]]}, "properties": {"osm_source_id": 355596890, "osm_target_id": 4898190102, "osm_key": 0, "length_m": 157.31127656765335, "highway_type": "residential", "speed_kph": 25, "oneway": false, "name": "\u041a\u043e\u0441\u0442\u0435\u043b\u044c\u043d\u0430 \u0432\u0443\u043b\u0438\u0446\u044f"}}, {"type": "Feature", "geometry": {"type": "LineString", "coordinates": [[30.5279556, 50.4517977], [30.5281217, 50.4517211], [30.528249, 50.4516432], [30.5283608, 50.4515476], [30.5288979, 50.4510407], [30.5289335, 50.451008], [30.5292691, 50.4506994]]}, "properties": {"osm_source_id": 355596892, "osm_target_id": 11255209281, "osm_key": 0, "length_m": 154.4309092873487, "highway_type": "secondary", "speed_kph": 45, "oneway": true, "name": "\u0432\u0443\u043b\u0438\u0446\u044f \u041c\u0438\u0445\u0430\u0439\u043b\u0430 \u0413\u0440\u0443\u0448\u0435\u0432\u0441\u044c\u043a\u043e\u0433\u043e"}}, {"type": "Feature", "geometry": {"type": "LineString", "coordinates": [[30.5178241, 50.4509793], [30.5179552, 50.4512475], [30.5179899, 50.4513187], [30.5180204, 50.4513808]]}, "properties": {"osm_source_id": 359963926, "osm_target_id": 26303156, "osm_key": 0, "length_m": 46.75817590489348, "highway_type": "residential", "speed_kph": 25, "oneway": false, "name": "\u041c\u0438\u0445\u0430\u0439\u043b\u0456\u0432\u0441\u044c\u043a\u0438\u0439 \u043f\u0440\u043e\u0432\u0443\u043b\u043e\u043a"}}, {"type": "Feature", "geometry": {"type": "LineString", "coordinates": [[30.5001581, 50.4473491], [30.499429, 50.4474631], [30.4991298, 50.4475099], [30.4989361, 50.4475429], [30.4988904, 50.4475607], [30.4988516, 50.4475788], [30.4985627, 50.4476348], [30.498482, 50.4476494], [30.4984044, 50.4476635], [30.4983694, 50.4476649], [30.4983345, 50.447653], [30.4983124, 50.4476308], [30.498286, 50.447574], [30.4982409, 50.4474651], [30.4980115, 50.4468995], [30.4980058, 50.4468855], [30.4978789, 50.4465899], [30.4978571, 50.4465384], [30.4978361, 50.4464828], [30.4977895, 50.4463592], [30.4977215, 50.4461926], [30.4976887, 50.4461131]]}, "properties": {"osm_source_id": 367423467, "osm_target_id": 546450891, "osm_key": 0, "length_m": 312.0711229464051, "highway_type": "residential", "speed_kph": 25, "oneway": false, "name": "\u043f\u0440\u043e\u0432\u0443\u043b\u043e\u043a \u0410\u043b\u043b\u0438 \u0413\u043e\u0440\u0441\u044c\u043a\u043e\u0457"}}, {"type": "Feature", "geometry": {"type": "LineString", "coordinates": [[30.5135595, 50.4320303], [30.5137902, 50.4319958], [30.5140331, 50.4319957], [30.5148325, 50.4319954], [30.5153586, 50.4319952], [30.5154565, 50.4319951], [30.5158727, 50.4319873], [30.5160703, 50.4319563]]}, "properties": {"osm_source_id": 372980683, "osm_target_id": 255141658, "osm_key": 0, "length_m": 178.7166555589083, "highway_type": "residential", "speed_kph": 25, "oneway": false, "name": "\u0432\u0443\u043b\u0438\u0446\u044f \u0424\u0456\u0437\u043a\u0443\u043b\u044c\u0442\u0443\u0440\u0438"}}, {"type": "Feature", "geometry": {"type": "LineString", "coordinates": [[30.5135914, 50.4339919], [30.5135888, 50.4338857], [30.5135765, 50.4333026], [30.5135758, 50.433208], [30.5135747, 50.4331798], [30.5135715, 50.4329109], [30.51356, 50.4321071], [30.5135595, 50.4320303]]}, "properties": {"osm_source_id": 372980685, "osm_target_id": 372980683, "osm_key": 0, "length_m": 218.13329317098552, "highway_type": "primary", "speed_kph": 55, "oneway": true, "name": "\u0432\u0443\u043b\u0438\u0446\u044f \u0410\u043d\u0442\u043e\u043d\u043e\u0432\u0438\u0447\u0430"}}, {"type": "Feature", "geometry": {"type": "LineString", "coordinates": [[30.5135914, 50.4339919], [30.5137982, 50.4339889], [30.5149953, 50.4339644], [30.5153271, 50.4339576], [30.5158104, 50.4339477], [30.5160519, 50.4339459]]}, "properties": {"osm_source_id": 372980685, "osm_target_id": 26201247, "osm_key": 0, "length_m": 174.34990914411446, "highway_type": "primary", "speed_kph": 55, "oneway": true, "name": "\u0416\u0438\u043b\u044f\u043d\u0441\u044c\u043a\u0430 \u0432\u0443\u043b\u0438\u0446\u044f"}}, {"type": "Feature", "geometry": {"type": "LineString", "coordinates": [[30.518394, 50.4457653], [30.5184908, 50.4460029], [30.5185, 50.4460248], [30.5186019, 50.4462755], [30.5186693, 50.4464413], [30.5187417, 50.4466195], [30.5189065, 50.4470249], [30.5189277, 50.4470817], [30.5190778, 50.4474464], [30.5192185, 50.4477925], [30.5193407, 50.4480922], [30.5193517, 50.448163]]}, "properties": {"osm_source_id": 384744829, "osm_target_id": 26325903, "osm_key": 0, "length_m": 275.19501871758246, "highway_type": "residential", "speed_kph": 25, "oneway": true, "name": "\u0432\u0443\u043b\u0438\u0446\u044f \u0404\u0432\u0433\u0435\u043d\u0430 \u0427\u0438\u043a\u0430\u043b\u0435\u043d\u043a\u0430"}}, {"type": "Feature", "geometry": {"type": "LineString", "coordinates": [[30.518394, 50.4457653], [30.518368, 50.445701], [30.5182603, 50.4454347], [30.5182384, 50.4453805], [30.5182277, 50.4453535], [30.5181913, 50.4452609]]}, "properties": {"osm_source_id": 384744829, "osm_target_id": 26201277, "osm_key": 0, "length_m": 57.89447058830035, "highway_type": "residential", "speed_kph": 25, "oneway": false, "name": "\u0432\u0443\u043b\u0438\u0446\u044f \u0404\u0432\u0433\u0435\u043d\u0430 \u0427\u0438\u043a\u0430\u043b\u0435\u043d\u043a\u0430"}}, {"type": "Feature", "geometry": {"type": "LineString", "coordinates": [[30.5111244, 50.4403732], [30.5110631, 50.4402205], [30.5109081, 50.4398344], [30.5107294, 50.4393894], [30.5107036, 50.4393251], [30.5106228, 50.4391239], [30.5104945, 50.4388043], [30.5104171, 50.4386115], [30.5099128, 50.4373554], [30.5099078, 50.4373429], [30.5098804, 50.4372745], [30.5097375, 50.4369188], [30.5095592, 50.4364746], [30.5095429, 50.436434], [30.5094259, 50.4361426], [30.5093674, 50.4359968]]}, "properties": {"osm_source_id": 385672334, "osm_target_id": 26201251, "osm_key": 0, "length_m": 502.29113995605553, "highway_type": "tertiary", "speed_kph": 40, "oneway": true, "name": "\u0412\u043e\u043b\u043e\u0434\u0438\u043c\u0438\u0440\u0441\u044c\u043a\u0430 \u0432\u0443\u043b\u0438\u0446\u044f"}}, {"type": "Feature", "geometry": {"type": "LineString", "coordinates": [[30.5111244, 50.4403732], [30.5113074, 50.4403439], [30.5120272, 50.4402315], [30.5127205, 50.4401139], [30.5134301, 50.439984], [30.5136011, 50.4399504]]}, "properties": {"osm_source_id": 385672334, "osm_target_id": 581386856, "osm_key": 0, "length_m": 181.61829413063077, "highway_type": "secondary", "speed_kph": 45, "oneway": false, "name": "\u0432\u0443\u043b\u0438\u0446\u044f \u0413\u0435\u0442\u044c\u043c\u0430\u043d\u0430 \u041f\u0430\u0432\u043b\u0430 \u0421\u043a\u043e\u0440\u043e\u043f\u0430\u0434\u0441\u044c\u043a\u043e\u0433\u043e"}}, {"type": "Feature", "geometry": {"type": "LineString", "coordinates": [[30.5111244, 50.4403732], [30.5111694, 50.4404852], [30.5114172, 50.4411024], [30.5114491, 50.4411819], [30.5117057, 50.4418405], [30.5117172, 50.4418674], [30.5117399, 50.4419231], [30.5117594, 50.4419667], [30.5117709, 50.4419937], [30.512059, 50.4426915], [30.5123379, 50.4433673], [30.5123457, 50.4433863], [30.5123887, 50.4434879]]}, "properties": {"osm_source_id": 385672334, "osm_target_id": 385672335, "osm_key": 0, "length_m": 357.73254485407244, "highway_type": "secondary", "speed_kph": 45, "oneway": false, "name": "\u0412\u043e\u043b\u043e\u0434\u0438\u043c\u0438\u0440\u0441\u044c\u043a\u0430 \u0432\u0443\u043b\u0438\u0446\u044f"}}, {"type": "Feature", "geometry": {"type": "LineString", "coordinates": [[30.5111244, 50.4403732], [30.5109033, 50.4404101], [30.5101773, 50.4405297], [30.5083331, 50.4408341]]}, "properties": {"osm_source_id": 385672334, "osm_target_id": 385975739, "osm_key": 0, "length_m": 204.20905436449016, "highway_type": "secondary", "speed_kph": 45, "oneway": false, "name": "\u0432\u0443\u043b\u0438\u0446\u044f \u0413\u0435\u0442\u044c\u043c\u0430\u043d\u0430 \u041f\u0430\u0432\u043b\u0430 \u0421\u043a\u043e\u0440\u043e\u043f\u0430\u0434\u0441\u044c\u043a\u043e\u0433\u043e"}}, {"type": "Feature", "geometry": {"type": "LineString", "coordinates": [[30.5123887, 50.4434879], [30.5124764, 50.4437076]]}, "properties": {"osm_source_id": 385672335, "osm_target_id": 26201528, "osm_key": 0, "length_m": 25.20657535773526, "highway_type": "secondary", "speed_kph": 45, "oneway": false, "name": "\u0412\u043e\u043b\u043e\u0434\u0438\u043c\u0438\u0440\u0441\u044c\u043a\u0430 \u0432\u0443\u043b\u0438\u0446\u044f"}}, {"type": "Feature", "geometry": {"type": "LineString", "coordinates": [[30.5123887, 50.4434879], [30.5123457, 50.4433863], [30.5123379, 50.4433673], [30.512059, 50.4426915], [30.5117709, 50.4419937], [30.5117594, 50.4419667], [30.5117399, 50.4419231], [30.5117172, 50.4418674], [30.5117057, 50.4418405], [30.5114491, 50.4411819], [30.5114172, 50.4411024], [30.5111694, 50.4404852], [30.5111244, 50.4403732]]}, "properties": {"osm_source_id": 385672335, "osm_target_id": 385672334, "osm_key": 0, "length_m": 357.73254485407244, "highway_type": "secondary", "speed_kph": 45, "oneway": false, "name": "\u0412\u043e\u043b\u043e\u0434\u0438\u043c\u0438\u0440\u0441\u044c\u043a\u0430 \u0432\u0443\u043b\u0438\u0446\u044f"}}, {"type": "Feature", "geometry": {"type": "LineString", "coordinates": [[30.5123887, 50.4434879], [30.5125662, 50.4434572], [30.5136289, 50.443275], [30.5140208, 50.4432082], [30.5146022, 50.4431091], [30.5147218, 50.4430886], [30.5149357, 50.4430548]]}, "properties": {"osm_source_id": 385672335, "osm_target_id": 255366993, "osm_key": 0, "length_m": 186.68396061171228, "highway_type": "primary", "speed_kph": 55, "oneway": true, "name": "\u0431\u0443\u043b\u044c\u0432\u0430\u0440 \u0422\u0430\u0440\u0430\u0441\u0430 \u0428\u0435\u0432\u0447\u0435\u043d\u043a\u0430"}}, {"type": "Feature", "geometry": {"type": "LineString", "coordinates": [[30.5083331, 50.4408341], [30.508268, 50.4408442]]}, "properties": {"osm_source_id": 385975739, "osm_target_id": 4764593122, "osm_key": 0, "length_m": 4.7450294758254685, "highway_type": "secondary", "speed_kph": 45, "oneway": false, "name": "\u0432\u0443\u043b\u0438\u0446\u044f \u0413\u0435\u0442\u044c\u043c\u0430\u043d\u0430 \u041f\u0430\u0432\u043b\u0430 \u0421\u043a\u043e\u0440\u043e\u043f\u0430\u0434\u0441\u044c\u043a\u043e\u0433\u043e"}}, {"type": "Feature", "geometry": {"type": "LineString", "coordinates": [[30.5083331, 50.4408341], [30.5101773, 50.4405297], [30.5109033, 50.4404101], [30.5111244, 50.4403732]]}, "properties": {"osm_source_id": 385975739, "osm_target_id": 385672334, "osm_key": 0, "length_m": 204.20905436449013, "highway_type": "secondary", "speed_kph": 45, "oneway": false, "name": "\u0432\u0443\u043b\u0438\u0446\u044f \u0413\u0435\u0442\u044c\u043c\u0430\u043d\u0430 \u041f\u0430\u0432\u043b\u0430 \u0421\u043a\u043e\u0440\u043e\u043f\u0430\u0434\u0441\u044c\u043a\u043e\u0433\u043e"}}, {"type": "Feature", "geometry": {"type": "LineString", "coordinates": [[30.5222686, 50.4422859], [30.5222423, 50.4424562]]}, "properties": {"osm_source_id": 416093625, "osm_target_id": 4763029296, "osm_key": 0, "length_m": 19.02788900224379, "highway_type": "primary", "speed_kph": 55, "oneway": true, "name": "\u0411\u0435\u0441\u0441\u0430\u0440\u0430\u0431\u0441\u044c\u043a\u0430 \u043f\u043b\u043e\u0449\u0430"}}, {"type": "Feature", "geometry": {"type": "LineString", "coordinates": [[30.5222686, 50.4422859], [30.5223055, 50.4423233], [30.5223354, 50.4423472], [30.5223811, 50.4423701], [30.5224388, 50.4423867], [30.5227442, 50.442452]]}, "properties": {"osm_source_id": 416093625, "osm_target_id": 417532003, "osm_key": 0, "length_m": 39.724230605048916, "highway_type": "residential", "speed_kph": 25, "oneway": true, "name": "\u041a\u0440\u0443\u0442\u0438\u0439 \u0443\u0437\u0432\u0456\u0437"}}, {"type": "Feature", "geometry": {"type": "LineString", "coordinates": [[30.5221869, 50.4407657], [30.5223393, 50.4407841], [30.5224357, 50.4408055], [30.5225041, 50.4408355]]}, "properties": {"osm_source_id": 417531970, "osm_target_id": 10556697459, "osm_key": 0, "length_m": 24.095866085855107, "highway_type": "primary", "speed_kph": 55, "oneway": true, "name": "\u0411\u0435\u0441\u0441\u0430\u0440\u0430\u0431\u0441\u044c\u043a\u0438\u0439 \u043f\u0440\u043e\u0457\u0437\u0434"}}, {"type": "Feature", "geometry": {"type": "LineString", "coordinates": [[30.5221869, 50.4407657], [30.5223677, 50.4407383], [30.5224494, 50.4407026], [30.52251, 50.4406459], [30.522545, 50.4405743], [30.5226042, 50.4404332], [30.522679, 50.4403071], [30.5227249, 50.4402336], [30.522815, 50.4401535]]}, "properties": {"osm_source_id": 417531970, "osm_target_id": 255137422, "osm_key": 0, "length_m": 87.12419547625467, "highway_type": "primary", "speed_kph": 55, "oneway": true, "name": "\u0411\u0430\u0441\u0435\u0439\u043d\u0430 \u0432\u0443\u043b\u0438\u0446\u044f"}}, {"type": "Feature", "geometry": {"type": "LineString", "coordinates": [[30.5227442, 50.442452], [30.5230142, 50.4424789], [30.5230883, 50.4424946], [30.5231517, 50.4425114], [30.523238, 50.4425404]]}, "properties": {"osm_source_id": 417532003, "osm_target_id": 417532007, "osm_key": 0, "length_m": 36.655424891516795, "highway_type": "residential", "speed_kph": 25, "oneway": false, "name": "\u041a\u0440\u0443\u0442\u0438\u0439 \u0443\u0437\u0432\u0456\u0437"}}, {"type": "Feature", "geometry": {"type": "LineString", "coordinates": [[30.5227442, 50.442452], [30.5224234, 50.4424303], [30.5223672, 50.4424248], [30.5223154, 50.4424304], [30.5222423, 50.4424562]]}, "properties": {"osm_source_id": 417532003, "osm_target_id": 4763029296, "osm_key": 0, "length_m": 36.51079140318701, "highway_type": "residential", "speed_kph": 25, "oneway": true, "name": "\u041a\u0440\u0443\u0442\u0438\u0439 \u0443\u0437\u0432\u0456\u0437"}}, {"type": "Feature", "geometry": {"type": "LineString", "coordinates": [[30.523238, 50.4425404], [30.523272, 50.4426256], [30.5235563, 50.4433839], [30.5235787, 50.44344], [30.5236245, 50.4435551], [30.5237136, 50.4436772], [30.5237793, 50.4437398], [30.5238918, 50.4438273], [30.5240441, 50.4439122], [30.5241443, 50.4439584], [30.5242713, 50.4440003], [30.5243887, 50.4440207], [30.5246032, 50.4440361], [30.524776, 50.4440325], [30.5249604, 50.4440109], [30.5251369, 50.4439871], [30.5252166, 50.443965], [30.5253386, 50.4439311], [30.52554, 50.4438639], [30.5257896, 50.4437115], [30.525901, 50.4436332], [30.525958, 50.4435813], [30.52603, 50.4435067], [30.5260886, 50.4433946], [30.5260946, 50.4433124], [30.52606, 50.4428791], [30.5260788, 50.4427826], [30.52613, 50.4427201], [30.5262086, 50.4426729], [30.5262901, 50.4426439], [30.5263785, 50.4426387], [30.5264512, 50.4426429], [30.5265067, 50.4426494], [30.5265696, 50.4426545]]}, "properties": {"osm_source_id": 417532007, "osm_target_id": 256409519, "osm_key": 0, "length_m": 455.52417063826135, "highway_type": "residential", "speed_kph": 25, "oneway": false, "name": "\u041a\u0440\u0443\u0433\u043b\u043e\u0443\u043d\u0456\u0432\u0435\u0440\u0441\u0438\u0442\u0435\u0442\u0441\u044c\u043a\u0430 \u0432\u0443\u043b\u0438\u0446\u044f"}}, {"type": "Feature", "geometry": {"type": "LineString", "coordinates": [[30.523238, 50.4425404], [30.5233608, 50.4425232], [30.5234753, 50.4425191], [30.5238481, 50.4425423], [30.5239522, 50.4425507]]}, "properties": {"osm_source_id": 417532007, "osm_target_id": 601265505, "osm_key": 0, "length_m": 50.98124776888977, "highway_type": "residential", "speed_kph": 25, "oneway": false, "name": "\u041a\u0440\u0443\u0442\u0438\u0439 \u0443\u0437\u0432\u0456\u0437"}}, {"type": "Feature", "geometry": {"type": "LineString", "coordinates": [[30.523238, 50.4425404], [30.5231517, 50.4425114], [30.5230883, 50.4424946], [30.5230142, 50.4424789], [30.5227442, 50.442452]]}, "properties": {"osm_source_id": 417532007, "osm_target_id": 417532003, "osm_key": 0, "length_m": 36.6554248915168, "highway_type": "residential", "speed_kph": 25, "oneway": false, "name": "\u041a\u0440\u0443\u0442\u0438\u0439 \u0443\u0437\u0432\u0456\u0437"}}, {"type": "Feature", "geometry": {"type": "LineString", "coordinates": [[30.4959755, 50.4477605], [30.4960623, 50.4477952], [30.4969996, 50.4481698], [30.4975094, 50.4483736], [30.4975696, 50.4483979], [30.4976702, 50.448439], [30.4978898, 50.4485257], [30.4981687, 50.4486364]]}, "properties": {"osm_source_id": 427595735, "osm_target_id": 648874947, "osm_key": 0, "length_m": 183.30842758003465, "highway_type": "tertiary", "speed_kph": 40, "oneway": false, "name": "\u0432\u0443\u043b\u0438\u0446\u044f \u041e\u043b\u0435\u0441\u044f \u0413\u043e\u043d\u0447\u0430\u0440\u0430"}}, {"type": "Feature", "geometry": {"type": "LineString", "coordinates": [[30.5141817, 50.4509156], [30.5141369, 50.4508083], [30.5140012, 50.4504832], [30.5139667, 50.4504007], [30.5138118, 50.4500295], [30.5137503, 50.4498824], [30.513716, 50.4498002], [30.513593, 50.4495055], [30.5134733, 50.4492188], [30.5134348, 50.4491266]]}, "properties": {"osm_source_id": 428418580, "osm_target_id": 26546084, "osm_key": 0, "length_m": 205.8372776579001, "highway_type": "residential", "speed_kph": 25, "oneway": true, "name": "\u0417\u043e\u043b\u043e\u0442\u043e\u0432\u043e\u0440\u0456\u0442\u0441\u044c\u043a\u0430 \u0432\u0443\u043b\u0438\u0446\u044f"}}, {"type": "Feature", "geometry": {"type": "LineString", "coordinates": [[30.5141817, 50.4509156], [30.5142248, 50.4510198], [30.5143214, 50.4512522], [30.5143467, 50.4512908]]}, "properties": {"osm_source_id": 428418580, "osm_target_id": 551304957, "osm_key": 0, "length_m": 43.364074541183186, "highway_type": "residential", "speed_kph": 25, "oneway": false, "name": "\u0417\u043e\u043b\u043e\u0442\u043e\u0432\u043e\u0440\u0456\u0442\u0441\u044c\u043a\u0430 \u0432\u0443\u043b\u0438\u0446\u044f"}}, {"type": "Feature", "geometry": {"type": "LineString", "coordinates": [[30.5136353, 50.4510638], [30.513544, 50.451091], [30.5132703, 50.4511748], [30.5131386, 50.4512152], [30.5130164, 50.4512526], [30.5124117, 50.4514453], [30.5122524, 50.451495], [30.5115701, 50.4517089], [30.5109141, 50.4519145], [30.5108553, 50.4519344]]}, "properties": {"osm_source_id": 428418583, "osm_target_id": 26546021, "osm_key": 0, "length_m": 219.3524758542642, "highway_type": "residential", "speed_kph": 25, "oneway": true, "name": "\u0420\u0435\u0439\u0442\u0430\u0440\u0441\u044c\u043a\u0430 \u0432\u0443\u043b\u0438\u0446\u044f"}}, {"type": "Feature", "geometry": {"type": "LineString", "coordinates": [[30.5136353, 50.4510638], [30.5141412, 50.4509266], [30.5141817, 50.4509156]]}, "properties": {"osm_source_id": 428418583, "osm_target_id": 428418580, "osm_key": 0, "length_m": 42.04985205478975, "highway_type": "residential", "speed_kph": 25, "oneway": true, "name": "\u0420\u0435\u0439\u0442\u0430\u0440\u0441\u044c\u043a\u0430 \u0432\u0443\u043b\u0438\u0446\u044f"}}, {"type": "Feature", "geometry": {"type": "LineString", "coordinates": [[30.5061563, 50.4553808], [30.5063863, 50.4553503], [30.5064964, 50.4553376], [30.5065644, 50.4553303], [30.5070736, 50.4552754], [30.5073728, 50.4552438]]}, "properties": {"osm_source_id": 428628645, "osm_target_id": 26318835, "osm_key": 0, "length_m": 87.4699108266296, "highway_type": "secondary", "speed_kph": 45, "oneway": false, "name": "\u041b\u044c\u0432\u0456\u0432\u0441\u044c\u043a\u0430 \u043f\u043b\u043e\u0449\u0430"}}, {"type": "Feature", "geometry": {"type": "LineString", "coordinates": [[30.5061563, 50.4553808], [30.5061065, 50.455287], [30.5058755, 50.4549193], [30.5057538, 50.4547475], [30.5057189, 50.4546983], [30.5056352, 50.4546535], [30.5059144, 50.4543626]]}, "properties": {"osm_source_id": 428628645, "osm_target_id": 26546040, "osm_key": 0, "length_m": 127.65435794951127, "highway_type": "secondary", "speed_kph": 45, "oneway": true, "name": "\u041b\u044c\u0432\u0456\u0432\u0441\u044c\u043a\u0430 \u043f\u043b\u043e\u0449\u0430"}}, {"type": "Feature", "geometry": {"type": "LineString", "coordinates": [[30.5061563, 50.4553808], [30.5058486, 50.4554424], [30.5055469, 50.4555193], [30.5048375, 50.4557084], [30.5047804, 50.4557232]]}, "properties": {"osm_source_id": 428628645, "osm_target_id": 26318827, "osm_key": 0, "length_m": 104.65314571172932, "highway_type": "secondary", "speed_kph": 45, "oneway": false, "name": "\u041b\u044c\u0432\u0456\u0432\u0441\u044c\u043a\u0430 \u043f\u043b\u043e\u0449\u0430"}}, {"type": "Feature", "geometry": {"type": "LineString", "coordinates": [[30.5060338, 50.4542448], [30.5062752, 50.4542823], [30.5064109, 50.4543136], [30.5072797, 50.4550933]]}, "properties": {"osm_source_id": 428628647, "osm_target_id": 1069210702, "osm_key": 0, "length_m": 134.1110705767429, "highway_type": "secondary", "speed_kph": 45, "oneway": true, "name": "\u041b\u044c\u0432\u0456\u0432\u0441\u044c\u043a\u0430 \u043f\u043b\u043e\u0449\u0430"}}, {"type": "Feature", "geometry": {"type": "LineString", "coordinates": [[30.5060338, 50.4542448], [30.5061485, 50.4541162], [30.5062669, 50.4540151], [30.5064017, 50.4539021], [30.5069525, 50.4534551], [30.5070764, 50.4533554], [30.5071488, 50.4532971], [30.5073518, 50.4531339], [30.507396, 50.4530983], [30.5074631, 50.4530415], [30.5079461, 50.4526561], [30.5081378, 50.4525019], [30.508522, 50.4521932], [30.5085836, 50.4521437], [30.5086159, 50.4521177]]}, "properties": {"osm_source_id": 428628647, "osm_target_id": 26546022, "osm_key": 0, "length_m": 299.12054251737226, "highway_type": "tertiary", "speed_kph": 40, "oneway": true, "name": "\u0432\u0443\u043b\u0438\u0446\u044f \u042f\u0440\u043e\u0441\u043b\u0430\u0432\u0456\u0432 \u0412\u0430\u043b"}}, {"type": "Feature", "geometry": {"type": "LineString", "coordinates": [[30.4957889, 50.4563015], [30.4958719, 50.4563037], [30.4962628, 50.4563142], [30.4965687, 50.4563224], [30.497327, 50.4563418], [30.4974649, 50.4563463]]}, "properties": {"osm_source_id": 440630234, "osm_target_id": 26318824, "osm_key": 0, "length_m": 118.75604004331291, "highway_type": "secondary", "speed_kph": 45, "oneway": false, "name": "\u0432\u0443\u043b\u0438\u0446\u044f \u0421\u0456\u0447\u043e\u0432\u0438\u0445 \u0421\u0442\u0440\u0456\u043b\u044c\u0446\u0456\u0432"}}, {"type": "Feature", "geometry": {"type": "LineString", "coordinates": [[30.5467805, 50.4396324], [30.546795, 50.4396058], [30.5469641, 50.4392962], [30.5473856, 50.4385243]]}, "properties": {"osm_source_id": 444327124, "osm_target_id": 268442492, "osm_key": 0, "length_m": 130.45457707639864, "highway_type": "residential", "speed_kph": 25, "oneway": true, "name": "\u041b\u0435\u0432\u0430\u043d\u0434\u043e\u0432\u0441\u044c\u043a\u0430 \u0432\u0443\u043b\u0438\u0446\u044f"}}, {"type": "Feature", "geometry": {"type": "LineString", "coordinates": [[30.5467805, 50.4396324], [30.5467401, 50.4396232], [30.5460506, 50.4394859], [30.545716, 50.4394174], [30.5456662, 50.4394069], [30.5456076, 50.4393948], [30.5455759, 50.4393882], [30.5455108, 50.439374], [30.5454024, 50.4393517], [30.5448044, 50.4392286], [30.5447652, 50.4392214], [30.5447213, 50.4392187]]}, "properties": {"osm_source_id": 444327124, "osm_target_id": 268442486, "osm_key": 0, "length_m": 152.98990974487657, "highway_type": "residential", "speed_kph": 25, "oneway": false, "name": "\u0411\u0443\u0442\u0438\u0448\u0456\u0432 \u043f\u0440\u043e\u0432\u0443\u043b\u043e\u043a"}}, {"type": "Feature", "geometry": {"type": "LineString", "coordinates": [[30.5135514, 50.4647765], [30.513624, 50.4647385], [30.5140114, 50.4643874], [30.5145105, 50.463937], [30.5145558, 50.4638961], [30.514811, 50.4637196], [30.5152379, 50.4634774], [30.5155095, 50.463352], [30.5157544, 50.4632612], [30.5158552, 50.4632391], [30.5159907, 50.4632321]]}, "properties": {"osm_source_id": 447915420, "osm_target_id": 11895718544, "osm_key": 0, "length_m": 249.3438350825037, "highway_type": "residential", "speed_kph": 25, "oneway": true, "name": "\u041f\u0440\u0438\u0442\u0438\u0441\u044c\u043a\u043e-\u041c\u0438\u043a\u0456\u043b\u044c\u0441\u044c\u043a\u0430 \u0432\u0443\u043b\u0438\u0446\u044f"}}, {"type": "Feature", "geometry": {"type": "LineString", "coordinates": [[30.5135514, 50.4647765], [30.5135883, 50.4647898], [30.5137256, 50.4648424], [30.5137788, 50.4648843], [30.5138034, 50.4649407], [30.5138117, 50.465009], [30.5138092, 50.4650636]]}, "properties": {"osm_source_id": 447915420, "osm_target_id": 5371389103, "osm_key": 0, "length_m": 40.53437287927709, "highway_type": "residential", "speed_kph": 25, "oneway": true, "name": null}}, {"type": "Feature", "geometry": {"type": "LineString", "coordinates": [[30.5149995, 50.443294], [30.5149357, 50.4430548]]}, "properties": {"osm_source_id": 539997004, "osm_target_id": 255366993, "osm_key": 0, "length_m": 26.97884346794427, "highway_type": "tertiary", "speed_kph": 40, "oneway": true, "name": "\u0422\u0435\u0440\u0435\u0449\u0435\u043d\u043a\u0456\u0432\u0441\u044c\u043a\u0430 \u0432\u0443\u043b\u0438\u0446\u044f"}}, {"type": "Feature", "geometry": {"type": "LineString", "coordinates": [[30.5149995, 50.443294], [30.5148192, 50.4433218], [30.5137514, 50.443497], [30.5132171, 50.4435841], [30.5127432, 50.4436614], [30.5126569, 50.4436754], [30.5124764, 50.4437076]]}, "properties": {"osm_source_id": 539997004, "osm_target_id": 26201528, "osm_key": 0, "length_m": 184.49771114186666, "highway_type": "primary", "speed_kph": 55, "oneway": true, "name": "\u0431\u0443\u043b\u044c\u0432\u0430\u0440 \u0422\u0430\u0440\u0430\u0441\u0430 \u0428\u0435\u0432\u0447\u0435\u043d\u043a\u0430"}}, {"type": "Feature", "geometry": {"type": "LineString", "coordinates": [[30.517251, 50.4429414], [30.5171049, 50.4429648], [30.5161076, 50.44312], [30.5156068, 50.443198], [30.5152601, 50.443252], [30.5151106, 50.4432763], [30.5149995, 50.443294]]}, "properties": {"osm_source_id": 539997006, "osm_target_id": 539997004, "osm_key": 0, "length_m": 164.18829714465838, "highway_type": "primary", "speed_kph": 55, "oneway": true, "name": "\u0431\u0443\u043b\u044c\u0432\u0430\u0440 \u0422\u0430\u0440\u0430\u0441\u0430 \u0428\u0435\u0432\u0447\u0435\u043d\u043a\u0430"}}, {"type": "Feature", "geometry": {"type": "LineString", "coordinates": [[30.517251, 50.4429414], [30.5172896, 50.4430408], [30.5174175, 50.4433405], [30.5174298, 50.443371], [30.5174473, 50.4434146], [30.5175, 50.4435459], [30.5176678, 50.4439652], [30.5177002, 50.4440463], [30.517717, 50.4440882], [30.5177992, 50.4442936], [30.5177999, 50.4442954], [30.51792, 50.4445897], [30.5180602, 50.4449333], [30.5181376, 50.4451293], [30.5181489, 50.4451573], [30.5181913, 50.4452609]]}, "properties": {"osm_source_id": 539997006, "osm_target_id": 26201277, "osm_key": 0, "length_m": 266.3777422226437, "highway_type": "residential", "speed_kph": 25, "oneway": true, "name": "\u0432\u0443\u043b\u0438\u0446\u044f \u0404\u0432\u0433\u0435\u043d\u0430 \u0427\u0438\u043a\u0430\u043b\u0435\u043d\u043a\u0430"}}, {"type": "Feature", "geometry": {"type": "LineString", "coordinates": [[30.5210665, 50.4428357], [30.5209271, 50.4427886], [30.5208254, 50.4427516], [30.5206748, 50.4426852], [30.520463, 50.4425805]]}, "properties": {"osm_source_id": 539997021, "osm_target_id": 5433718714, "osm_key": 0, "length_m": 51.42676083796573, "highway_type": "primary", "speed_kph": 55, "oneway": true, "name": "\u0411\u0435\u0441\u0441\u0430\u0440\u0430\u0431\u0441\u044c\u043a\u0430 \u043f\u043b\u043e\u0449\u0430"}}, {"type": "Feature", "geometry": {"type": "LineString", "coordinates": [[30.5210665, 50.4428357], [30.5208213, 50.4428923], [30.5207658, 50.4429067], [30.5207104, 50.4429258], [30.5206556, 50.4429511], [30.5206024, 50.4429803]]}, "properties": {"osm_source_id": 539997021, "osm_target_id": 599413915, "osm_key": 0, "length_m": 36.94052159829332, "highway_type": "primary", "speed_kph": 55, "oneway": true, "name": "\u0411\u0435\u0441\u0441\u0430\u0440\u0430\u0431\u0441\u044c\u043a\u0430 \u043f\u043b\u043e\u0449\u0430"}}, {"type": "Feature", "geometry": {"type": "LineString", "coordinates": [[30.4950213, 50.4462878], [30.4963646, 50.4460771], [30.497258, 50.445936], [30.4976006, 50.4458832], [30.4976461, 50.4458761]]}, "properties": {"osm_source_id": 546450884, "osm_target_id": 1889465648, "osm_key": 0, "length_m": 191.41588466280848, "highway_type": "primary", "speed_kph": 55, "oneway": true, "name": "\u0431\u0443\u043b\u044c\u0432\u0430\u0440 \u0422\u0430\u0440\u0430\u0441\u0430 \u0428\u0435\u0432\u0447\u0435\u043d\u043a\u0430"}}, {"type": "Feature", "geometry": {"type": "LineString", "coordinates": [[30.4976887, 50.4461131], [30.4977215, 50.4461926], [30.4977895, 50.4463592], [30.4978361, 50.4464828], [30.4978571, 50.4465384], [30.4978789, 50.4465899], [30.4980058, 50.4468855], [30.4980115, 50.4468995], [30.4982409, 50.4474651], [30.498286, 50.447574], [30.4983124, 50.4476308], [30.4983345, 50.447653], [30.4983694, 50.4476649], [30.4984044, 50.4476635], [30.498482, 50.4476494], [30.4985627, 50.4476348], [30.4988516, 50.4475788], [30.4988904, 50.4475607], [30.4989361, 50.4475429], [30.4991298, 50.4475099], [30.499429, 50.4474631], [30.5001581, 50.4473491]]}, "properties": {"osm_source_id": 546450891, "osm_target_id": 367423467, "osm_key": 0, "length_m": 312.07112294640524, "highway_type": "residential", "speed_kph": 25, "oneway": false, "name": "\u043f\u0440\u043e\u0432\u0443\u043b\u043e\u043a \u0410\u043b\u043b\u0438 \u0413\u043e\u0440\u0441\u044c\u043a\u043e\u0457"}}, {"type": "Feature", "geometry": {"type": "LineString", "coordinates": [[30.5007929, 50.4453725], [30.5062908, 50.4444936], [30.5065859, 50.4444465], [30.5091976, 50.4440145]]}, "properties": {"osm_source_id": 546450898, "osm_target_id": 546450950, "osm_key": 0, "length_m": 614.0119390901766, "highway_type": "primary", "speed_kph": 55, "oneway": true, "name": "\u0431\u0443\u043b\u044c\u0432\u0430\u0440 \u0422\u0430\u0440\u0430\u0441\u0430 \u0428\u0435\u0432\u0447\u0435\u043d\u043a\u0430"}}, {"type": "Feature", "geometry": {"type": "LineString", "coordinates": [[30.5007929, 50.4453725], [30.50011, 50.4450689], [30.4998344, 50.4449483], [30.4995787, 50.444838], [30.4991531, 50.4446483], [30.4988571, 50.444515]]}, "properties": {"osm_source_id": 546450898, "osm_target_id": 294975564, "osm_key": 0, "length_m": 166.9805918443571, "highway_type": "secondary", "speed_kph": 45, "oneway": false, "name": "\u0432\u0443\u043b\u0438\u0446\u044f \u0421\u0438\u043c\u043e\u043d\u0430 \u041f\u0435\u0442\u043b\u044e\u0440\u0438"}}, {"type": "Feature", "geometry": {"type": "LineString", "coordinates": [[30.5029527, 50.4452519], [30.5011031, 50.4455543]]}, "properties": {"osm_source_id": 546450901, "osm_target_id": 4963512573, "osm_key": 0, "length_m": 135.2186947151365, "highway_type": "primary", "speed_kph": 55, "oneway": true, "name": "\u0431\u0443\u043b\u044c\u0432\u0430\u0440 \u0422\u0430\u0440\u0430\u0441\u0430 \u0428\u0435\u0432\u0447\u0435\u043d\u043a\u0430"}}, {"type": "Feature", "geometry": {"type": "LineString", "coordinates": [[30.5060997, 50.4447395], [30.5061353, 50.4448262], [30.5063901, 50.4454387], [30.5066121, 50.445996], [30.5066389, 50.4460632], [30.5066447, 50.4460778], [30.5067762, 50.446408], [30.5068325, 50.4465494], [30.5068799, 50.4466684], [30.5069155, 50.4467578], [30.5069573, 50.4468557], [30.5070016, 50.4469595], [30.5070192, 50.4470014], [30.5070478, 50.4470694]]}, "properties": {"osm_source_id": 546450905, "osm_target_id": 26546136, "osm_key": 0, "length_m": 267.63565622516165, "highway_type": "residential", "speed_kph": 25, "oneway": false, "name": "\u0432\u0443\u043b\u0438\u0446\u044f \u041f\u0438\u0440\u043e\u0433\u043e\u0432\u0430"}}, {"type": "Feature", "geometry": {"type": "LineString", "coordinates": [[30.5060997, 50.4447395], [30.5051562, 50.4448903], [30.5045014, 50.4449951], [30.5043928, 50.4450125], [30.5038728, 50.4450958], [30.5029527, 50.4452519]]}, "properties": {"osm_source_id": 546450905, "osm_target_id": 546450901, "osm_key": 0, "length_m": 230.01594280612005, "highway_type": "primary", "speed_kph": 55, "oneway": true, "name": "\u0431\u0443\u043b\u044c\u0432\u0430\u0440 \u0422\u0430\u0440\u0430\u0441\u0430 \u0428\u0435\u0432\u0447\u0435\u043d\u043a\u0430"}}, {"type": "Feature", "geometry": {"type": "LineString", "coordinates": [[30.5076246, 50.4444943], [30.5075324, 50.4445082], [30.5063702, 50.4446956], [30.5063383, 50.4447008], [30.5060997, 50.4447395]]}, "properties": {"osm_source_id": 546450915, "osm_target_id": 546450905, "osm_key": 0, "length_m": 111.37054944501301, "highway_type": "primary", "speed_kph": 55, "oneway": true, "name": "\u0431\u0443\u043b\u044c\u0432\u0430\u0440 \u0422\u0430\u0440\u0430\u0441\u0430 \u0428\u0435\u0432\u0447\u0435\u043d\u043a\u0430"}}, {"type": "Feature", "geometry": {"type": "LineString", "coordinates": [[30.5091976, 50.4440145], [30.5092859, 50.4441022], [30.5093141, 50.4441678], [30.5093313, 50.4442159]]}, "properties": {"osm_source_id": 546450950, "osm_target_id": 546450951, "osm_key": 0, "length_m": 24.632445631768363, "highway_type": "residential", "speed_kph": 25, "oneway": true, "name": "\u0432\u0443\u043b\u0438\u0446\u044f \u041b\u0435\u043e\u043d\u0442\u043e\u0432\u0438\u0447\u0430"}}, {"type": "Feature", "geometry": {"type": "LineString", "coordinates": [[30.5091976, 50.4440145], [30.5094633, 50.4439704], [30.5100882, 50.443867], [30.5120848, 50.4435366], [30.5121375, 50.4435288], [30.5123887, 50.4434879]]}, "properties": {"osm_source_id": 546450950, "osm_target_id": 385672335, "osm_key": 0, "length_m": 233.43603921868697, "highway_type": "primary", "speed_kph": 55, "oneway": true, "name": "\u0431\u0443\u043b\u044c\u0432\u0430\u0440 \u0422\u0430\u0440\u0430\u0441\u0430 \u0428\u0435\u0432\u0447\u0435\u043d\u043a\u0430"}}, {"type": "Feature", "geometry": {"type": "LineString", "coordinates": [[30.5093313, 50.4442159], [30.5093688, 50.4443107], [30.5096304, 50.4449727], [30.5097448, 50.4452621], [30.5097618, 50.4453052]]}, "properties": {"osm_source_id": 546450951, "osm_target_id": 298274714, "osm_key": 0, "length_m": 124.90201404570374, "highway_type": "residential", "speed_kph": 25, "oneway": true, "name": "\u0432\u0443\u043b\u0438\u0446\u044f \u041b\u0435\u043e\u043d\u0442\u043e\u0432\u0438\u0447\u0430"}}, {"type": "Feature", "geometry": {"type": "LineString", "coordinates": [[30.5093313, 50.4442159], [30.5092833, 50.4442237], [30.5080477, 50.4444248], [30.5076246, 50.4444943]]}, "properties": {"osm_source_id": 546450951, "osm_target_id": 546450915, "osm_key": 0, "length_m": 124.75677334361285, "highway_type": "primary", "speed_kph": 55, "oneway": true, "name": "\u0431\u0443\u043b\u044c\u0432\u0430\u0440 \u0422\u0430\u0440\u0430\u0441\u0430 \u0428\u0435\u0432\u0447\u0435\u043d\u043a\u0430"}}, {"type": "Feature", "geometry": {"type": "LineString", "coordinates": [[30.5143467, 50.4512908], [30.5142858, 50.4512727], [30.5138544, 50.4511442]]}, "properties": {"osm_source_id": 551304957, "osm_target_id": 648544336, "osm_key": 0, "length_m": 38.47922518087185, "highway_type": "residential", "speed_kph": 25, "oneway": true, "name": "\u0420\u0435\u0439\u0442\u0430\u0440\u0441\u044c\u043a\u0430 \u0432\u0443\u043b\u0438\u0446\u044f"}}, {"type": "Feature", "geometry": {"type": "LineString", "coordinates": [[30.5143467, 50.4512908], [30.5143214, 50.4512522], [30.5142248, 50.4510198], [30.5141817, 50.4509156]]}, "properties": {"osm_source_id": 551304957, "osm_target_id": 428418580, "osm_key": 0, "length_m": 43.364074541183186, "highway_type": "residential", "speed_kph": 25, "oneway": false, "name": "\u0417\u043e\u043b\u043e\u0442\u043e\u0432\u043e\u0440\u0456\u0442\u0441\u044c\u043a\u0430 \u0432\u0443\u043b\u0438\u0446\u044f"}}, {"type": "Feature", "geometry": {"type": "LineString", "coordinates": [[30.5143467, 50.4512908], [30.5145016, 50.4513416], [30.5145914, 50.4513711], [30.5148974, 50.4513644], [30.515312, 50.4513546], [30.5155156, 50.451292]]}, "properties": {"osm_source_id": 551304957, "osm_target_id": 26201279, "osm_key": 0, "length_m": 86.55119922326891, "highway_type": "residential", "speed_kph": 25, "oneway": false, "name": "\u0417\u043e\u043b\u043e\u0442\u043e\u0432\u043e\u0440\u0456\u0442\u0441\u044c\u043a\u0430 \u0432\u0443\u043b\u0438\u0446\u044f"}}, {"type": "Feature", "geometry": {"type": "LineString", "coordinates": [[30.5117587, 50.4637589], [30.511856, 50.463824], [30.5123709, 50.4641978]]}, "properties": {"osm_source_id": 573837819, "osm_target_id": 26322925, "osm_key": 0, "length_m": 65.27219481098683, "highway_type": "residential", "speed_kph": 25, "oneway": false, "name": "\u0432\u0443\u043b\u0438\u0446\u044f \u0425\u043e\u0440\u0438\u0432\u0430"}}, {"type": "Feature", "geometry": {"type": "LineString", "coordinates": [[30.5136011, 50.4399504], [30.513531, 50.4398145], [30.5135303, 50.4388672], [30.5135307, 50.438577], [30.5135309, 50.438266], [30.5135311, 50.4380593], [30.5135312, 50.4378526], [30.5135314, 50.4376232], [30.5135317, 50.4373278], [30.5135317, 50.4372612], [30.5135319, 50.4372077], [30.5135333, 50.4367309], [30.5135235, 50.4361335], [30.513543, 50.4360944], [30.5136163, 50.4359616]]}, "properties": {"osm_source_id": 581386856, "osm_target_id": 6451543711, "osm_key": 0, "length_m": 445.4333536030685, "highway_type": "tertiary", "speed_kph": 40, "oneway": true, "name": "\u0432\u0443\u043b\u0438\u0446\u044f \u0410\u043d\u0442\u043e\u043d\u043e\u0432\u0438\u0447\u0430"}}, {"type": "Feature", "geometry": {"type": "LineString", "coordinates": [[30.5136011, 50.4399504], [30.5136755, 50.4398939], [30.5137898, 50.4398715]]}, "properties": {"osm_source_id": 581386856, "osm_target_id": 5900409316, "osm_key": 0, "length_m": 16.668616054108096, "highway_type": "secondary", "speed_kph": 45, "oneway": true, "name": "\u0432\u0443\u043b\u0438\u0446\u044f \u0413\u0435\u0442\u044c\u043c\u0430\u043d\u0430 \u041f\u0430\u0432\u043b\u0430 \u0421\u043a\u043e\u0440\u043e\u043f\u0430\u0434\u0441\u044c\u043a\u043e\u0433\u043e"}}, {"type": "Feature", "geometry": {"type": "LineString", "coordinates": [[30.5136011, 50.4399504], [30.5134301, 50.439984], [30.5127205, 50.4401139], [30.5120272, 50.4402315], [30.5113074, 50.4403439], [30.5111244, 50.4403732]]}, "properties": {"osm_source_id": 581386856, "osm_target_id": 385672334, "osm_key": 0, "length_m": 181.61829413063077, "highway_type": "secondary", "speed_kph": 45, "oneway": false, "name": "\u0432\u0443\u043b\u0438\u0446\u044f \u0413\u0435\u0442\u044c\u043c\u0430\u043d\u0430 \u041f\u0430\u0432\u043b\u0430 \u0421\u043a\u043e\u0440\u043e\u043f\u0430\u0434\u0441\u044c\u043a\u043e\u0433\u043e"}}, {"type": "Feature", "geometry": {"type": "LineString", "coordinates": [[30.5196496, 50.4405763], [30.5197485, 50.440662], [30.5198024, 50.4407243], [30.519831, 50.4407741], [30.5198529, 50.4408232]]}, "properties": {"osm_source_id": 581392335, "osm_target_id": 26228435, "osm_key": 0, "length_m": 31.3078461262972, "highway_type": "primary", "speed_kph": 55, "oneway": true, "name": "\u0412\u0435\u043b\u0438\u043a\u0430 \u0412\u0430\u0441\u0438\u043b\u044c\u043a\u0456\u0432\u0441\u044c\u043a\u0430 \u0432\u0443\u043b\u0438\u0446\u044f"}}, {"type": "Feature", "geometry": {"type": "LineString", "coordinates": [[30.5196496, 50.4405763], [30.5198928, 50.4406967], [30.5200225, 50.4407493], [30.5201255, 50.4407815]]}, "properties": {"osm_source_id": 581392335, "osm_target_id": 6302278919, "osm_key": 0, "length_m": 40.82901468879781, "highway_type": "primary", "speed_kph": 55, "oneway": true, "name": "\u0412\u0435\u043b\u0438\u043a\u0430 \u0412\u0430\u0441\u0438\u043b\u044c\u043a\u0456\u0432\u0441\u044c\u043a\u0430 \u0432\u0443\u043b\u0438\u0446\u044f"}}, {"type": "Feature", "geometry": {"type": "LineString", "coordinates": [[30.5206024, 50.4429803], [30.5206881, 50.4432342], [30.5208344, 50.4436734], [30.5211233, 50.4445466]]}, "properties": {"osm_source_id": 599413915, "osm_target_id": 10294230521, "osm_key": 0, "length_m": 178.02830499504208, "highway_type": "primary", "speed_kph": 55, "oneway": true, "name": "\u0432\u0443\u043b\u0438\u0446\u044f \u0425\u0440\u0435\u0449\u0430\u0442\u0438\u043a"}}, {"type": "Feature", "geometry": {"type": "LineString", "coordinates": [[30.5221798, 50.447734], [30.5222543, 50.4479172], [30.5222967, 50.4480169], [30.5223439, 50.4481176], [30.5224481, 50.4483151], [30.5225665, 50.4485093], [30.5226327, 50.4486089], [30.522768, 50.4487985], [30.5229324, 50.4490023], [30.5230959, 50.449178]]}, "properties": {"osm_source_id": 599413919, "osm_target_id": 7069482037, "osm_key": 0, "length_m": 173.9142451124581, "highway_type": "primary", "speed_kph": 55, "oneway": true, "name": "\u0432\u0443\u043b\u0438\u0446\u044f \u0425\u0440\u0435\u0449\u0430\u0442\u0438\u043a"}}, {"type": "Feature", "geometry": {"type": "LineString", "coordinates": [[30.5253757, 50.4532493], [30.5253401, 50.4533157], [30.5253319, 50.453349], [30.525344, 50.4533869], [30.5253693, 50.4534156], [30.5253952, 50.4534344], [30.5254231, 50.45345], [30.525482, 50.4534734]]}, "properties": {"osm_source_id": 599414000, "osm_target_id": 26303179, "osm_key": 0, "length_m": 29.834593929850715, "highway_type": "residential", "speed_kph": 25, "oneway": false, "name": "\u041a\u043e\u0441\u0442\u0435\u043b\u044c\u043d\u0430 \u0432\u0443\u043b\u0438\u0446\u044f"}}, {"type": "Feature", "geometry": {"type": "LineString", "coordinates": [[30.5253757, 50.4532493], [30.5253348, 50.4531733], [30.5253187, 50.4531572], [30.5252959, 50.4531384], [30.5252528, 50.4531125], [30.5252004, 50.4530894], [30.5250693, 50.4530468], [30.5250494, 50.4530403], [30.5249907, 50.4530073], [30.5244295, 50.4525079], [30.5243746, 50.4524594], [30.5242958, 50.4523884]]}, "properties": {"osm_source_id": 599414000, "osm_target_id": 355596890, "osm_key": 0, "length_m": 124.54930928852185, "highway_type": "residential", "speed_kph": 25, "oneway": true, "name": "\u041a\u043e\u0441\u0442\u0435\u043b\u044c\u043d\u0430 \u0432\u0443\u043b\u0438\u0446\u044f"}}, {"type": "Feature", "geometry": {"type": "LineString", "coordinates": [[30.5272535, 50.4522655], [30.5273799, 50.4523566], [30.5274722, 50.4524232]]}, "properties": {"osm_source_id": 599414035, "osm_target_id": 4899059359, "osm_key": 0, "length_m": 23.39329683300808, "highway_type": "primary", "speed_kph": 55, "oneway": true, "name": "\u0432\u0443\u043b\u0438\u0446\u044f \u0425\u0440\u0435\u0449\u0430\u0442\u0438\u043a"}}, {"type": "Feature", "geometry": {"type": "LineString", "coordinates": [[30.5272535, 50.4522655], [30.5272907, 50.4521951], [30.5273432, 50.4521279], [30.5273982, 50.4520867], [30.5279556, 50.4517977]]}, "properties": {"osm_source_id": 599414035, "osm_target_id": 355596892, "osm_key": 0, "length_m": 73.51083645672618, "highway_type": "secondary", "speed_kph": 45, "oneway": true, "name": "\u0404\u0432\u0440\u043e\u043f\u0435\u0439\u0441\u044c\u043a\u0430 \u043f\u043b\u043e\u0449\u0430"}}, {"type": "Feature", "geometry": {"type": "LineString", "coordinates": [[30.5279623, 50.4527853], [30.5279168, 50.4529181]]}, "properties": {"osm_source_id": 599414041, "osm_target_id": 10294230515, "osm_key": 0, "length_m": 15.11399573550652, "highway_type": "primary", "speed_kph": 55, "oneway": true, "name": "\u0412\u043e\u043b\u043e\u0434\u0438\u043c\u0438\u0440\u0441\u044c\u043a\u0438\u0439 \u0443\u0437\u0432\u0456\u0437"}}, {"type": "Feature", "geometry": {"type": "LineString", "coordinates": [[30.5239601, 50.4396567], [30.5239123, 50.4396605], [30.5238624, 50.4396578], [30.5238155, 50.439648], [30.5237647, 50.4396323], [30.5236038, 50.4395659], [30.5235599, 50.4395478]]}, "properties": {"osm_source_id": 601265487, "osm_target_id": 255137401, "osm_key": 0, "length_m": 31.73376165219604, "highway_type": "secondary", "speed_kph": 45, "oneway": true, "name": "\u0415\u0441\u043f\u043b\u0430\u043d\u0430\u0434\u043d\u0430 \u0432\u0443\u043b\u0438\u0446\u044f"}}, {"type": "Feature", "geometry": {"type": "LineString", "coordinates": [[30.5239601, 50.4396567], [30.5238897, 50.4396396], [30.523835, 50.4396179], [30.5237972, 50.439588], [30.5237725, 50.4395576], [30.5237654, 50.4395103], [30.5237721, 50.4394611], [30.5237861, 50.4394218], [30.5238178, 50.4393645]]}, "properties": {"osm_source_id": 601265487, "osm_target_id": 12844693296, "osm_key": 0, "length_m": 39.98567131812333, "highway_type": "primary_link", "speed_kph": 40, "oneway": true, "name": null}}, {"type": "Feature", "geometry": {"type": "LineString", "coordinates": [[30.5239522, 50.4425507], [30.5239801, 50.4424986], [30.5240363, 50.4423976], [30.5247633, 50.4410915], [30.5248765, 50.4409018], [30.5249276, 50.4408236], [30.5250592, 50.4406166], [30.5251311, 50.4405417], [30.5252031, 50.4405063], [30.5253443, 50.4404289], [30.5260699, 50.440034]]}, "properties": {"osm_source_id": 601265505, "osm_target_id": 2683070237, "osm_key": 0, "length_m": 325.92788677515784, "highway_type": "residential", "speed_kph": 25, "oneway": false, "name": "\u0432\u0443\u043b\u0438\u0446\u044f \u041a\u0440\u043e\u043f\u0438\u0432\u043d\u0438\u0446\u044c\u043a\u043e\u0433\u043e"}}, {"type": "Feature", "geometry": {"type": "LineString", "coordinates": [[30.5239522, 50.4425507], [30.5238481, 50.4425423], [30.5234753, 50.4425191], [30.5233608, 50.4425232], [30.523238, 50.4425404]]}, "properties": {"osm_source_id": 601265505, "osm_target_id": 417532007, "osm_key": 0, "length_m": 50.98124776888977, "highway_type": "residential", "speed_kph": 25, "oneway": false, "name": "\u041a\u0440\u0443\u0442\u0438\u0439 \u0443\u0437\u0432\u0456\u0437"}}, {"type": "Feature", "geometry": {"type": "LineString", "coordinates": [[30.5283426, 50.4411583], [30.5279472, 50.4408764], [30.5273243, 50.4404297]]}, "properties": {"osm_source_id": 601265542, "osm_target_id": 268448858, "osm_key": 0, "length_m": 108.46230165093104, "highway_type": "tertiary", "speed_kph": 40, "oneway": false, "name": "\u0428\u043e\u0432\u043a\u043e\u0432\u0438\u0447\u043d\u0430 \u0432\u0443\u043b\u0438\u0446\u044f"}}, {"type": "Feature", "geometry": {"type": "LineString", "coordinates": [[30.5283426, 50.4411583], [30.5286345, 50.4413724], [30.5287565, 50.4413103], [30.5298808, 50.4407612], [30.5305241, 50.4404475], [30.5305565, 50.4404392], [30.5306373, 50.4404313], [30.5307746, 50.4404506], [30.5325563, 50.4409106], [30.5326364, 50.4409314], [30.5326512, 50.4409345], [30.5328108, 50.4409848], [30.5338256, 50.44126], [30.5343295, 50.4413995], [30.5344857, 50.4414501], [30.534655, 50.4415139], [30.5348417, 50.4416604], [30.5349376, 50.4417366]]}, "properties": {"osm_source_id": 601265542, "osm_target_id": 256367088, "osm_key": 0, "length_m": 549.7100605473009, "highway_type": "tertiary", "speed_kph": 40, "oneway": false, "name": null}}, {"type": "Feature", "geometry": {"type": "LineString", "coordinates": [[30.5329997, 50.4427363], [30.5331534, 50.4426569], [30.5332811, 50.4425911]]}, "properties": {"osm_source_id": 601265975, "osm_target_id": 26546720, "osm_key": 0, "length_m": 25.647079208746298, "highway_type": "residential", "speed_kph": 25, "oneway": false, "name": "\u0432\u0443\u043b\u0438\u0446\u044f \u041f\u0438\u043b\u0438\u043f\u0430 \u041e\u0440\u043b\u0438\u043a\u0430"}}, {"type": "Feature", "geometry": {"type": "LineString", "coordinates": [[30.5329997, 50.4427363], [30.5329216, 50.4427764], [30.532044, 50.4432292], [30.5319794, 50.4432625]]}, "properties": {"osm_source_id": 601265975, "osm_target_id": 14008709610, "osm_key": 0, "length_m": 92.97214715526431, "highway_type": "residential", "speed_kph": 25, "oneway": false, "name": "\u0432\u0443\u043b\u0438\u0446\u044f \u041f\u0438\u043b\u0438\u043f\u0430 \u041e\u0440\u043b\u0438\u043a\u0430"}}, {"type": "Feature", "geometry": {"type": "LineString", "coordinates": [[30.53614, 50.445051], [30.5362453, 50.4449963]]}, "properties": {"osm_source_id": 601265996, "osm_target_id": 26546409, "osm_key": 0, "length_m": 9.622536932750425, "highway_type": "tertiary", "speed_kph": 40, "oneway": false, "name": "\u0406\u043d\u0441\u0442\u0438\u0442\u0443\u0442\u0441\u044c\u043a\u0430 \u0432\u0443\u043b\u0438\u0446\u044f"}}, {"type": "Feature", "geometry": {"type": "LineString", "coordinates": [[30.53614, 50.445051], [30.5360412, 50.4449738], [30.5355363, 50.4446005], [30.5350499, 50.4442408], [30.5350396, 50.4442332], [30.5344595, 50.4438043], [30.534402, 50.4437618]]}, "properties": {"osm_source_id": 601265996, "osm_target_id": 1909610036, "osm_key": 0, "length_m": 188.93910401057698, "highway_type": "residential", "speed_kph": 25, "oneway": true, "name": "\u041b\u0438\u043f\u0441\u044c\u043a\u0430 \u0432\u0443\u043b\u0438\u0446\u044f"}}, {"type": "Feature", "geometry": {"type": "LineString", "coordinates": [[30.5363266, 50.4449555], [30.5362453, 50.4449963]]}, "properties": {"osm_source_id": 601265997, "osm_target_id": 26546409, "osm_key": 0, "length_m": 7.32970716231358, "highway_type": "tertiary", "speed_kph": 40, "oneway": false, "name": "\u0406\u043d\u0441\u0442\u0438\u0442\u0443\u0442\u0441\u044c\u043a\u0430 \u0432\u0443\u043b\u0438\u0446\u044f"}}, {"type": "Feature", "geometry": {"type": "LineString", "coordinates": [[30.5363266, 50.4449555], [30.5364107, 50.4449139], [30.5370097, 50.4445884], [30.5379905, 50.4440471], [30.5380747, 50.4440007]]}, "properties": {"osm_source_id": 601265997, "osm_target_id": 256367001, "osm_key": 0, "length_m": 163.08978645292734, "highway_type": "tertiary", "speed_kph": 40, "oneway": false, "name": "\u0406\u043d\u0441\u0442\u0438\u0442\u0443\u0442\u0441\u044c\u043a\u0430 \u0432\u0443\u043b\u0438\u0446\u044f"}}, {"type": "Feature", "geometry": {"type": "LineString", "coordinates": [[30.5458303, 50.4414223], [30.5459106, 50.441271], [30.546461, 50.4402342], [30.5465491, 50.4400683], [30.5466016, 50.4399694], [30.5467596, 50.4396718], [30.5467805, 50.4396324]]}, "properties": {"osm_source_id": 601726410, "osm_target_id": 444327124, "osm_key": 0, "length_m": 210.09584636825556, "highway_type": "residential", "speed_kph": 25, "oneway": true, "name": "\u041b\u0435\u0432\u0430\u043d\u0434\u043e\u0432\u0441\u044c\u043a\u0430 \u0432\u0443\u043b\u0438\u0446\u044f"}}, {"type": "Feature", "geometry": {"type": "LineString", "coordinates": [[30.5478795, 50.4398733], [30.5473737, 50.4397624], [30.5468493, 50.4396475], [30.5467805, 50.4396324]]}, "properties": {"osm_source_id": 601726646, "osm_target_id": 444327124, "osm_key": 0, "length_m": 82.31069970357174, "highway_type": "residential", "speed_kph": 25, "oneway": true, "name": "\u0411\u0443\u0442\u0438\u0448\u0456\u0432 \u043f\u0440\u043e\u0432\u0443\u043b\u043e\u043a"}}, {"type": "Feature", "geometry": {"type": "LineString", "coordinates": [[30.5478795, 50.4398733], [30.5478253, 50.4399631], [30.547702, 50.4401675], [30.5472866, 50.44069], [30.5472195, 50.4407654], [30.547133, 50.4408601], [30.546386, 50.4415784], [30.5458798, 50.4414362], [30.5458303, 50.4414223]]}, "properties": {"osm_source_id": 601726646, "osm_target_id": 601726410, "osm_key": 0, "length_m": 260.7993582315854, "highway_type": "residential", "speed_kph": 25, "oneway": true, "name": "\u0406\u043f\u0441\u0438\u043b\u0430\u043d\u0442\u0456\u0457\u0432\u0441\u044c\u043a\u0438\u0439 \u043f\u0440\u043e\u0432\u0443\u043b\u043e\u043a"}}, {"type": "Feature", "geometry": {"type": "LineString", "coordinates": [[30.5491327, 50.440195], [30.5485585, 50.4400475], [30.5482086, 50.4399576], [30.5480558, 50.4399183], [30.5478795, 50.4398733]]}, "properties": {"osm_source_id": 601726690, "osm_target_id": 601726646, "osm_key": 0, "length_m": 95.68765517327084, "highway_type": "residential", "speed_kph": 25, "oneway": true, "name": "\u0411\u0443\u0442\u0438\u0448\u0456\u0432 \u043f\u0440\u043e\u0432\u0443\u043b\u043e\u043a"}}, {"type": "Feature", "geometry": {"type": "LineString", "coordinates": [[30.5491327, 50.440195], [30.549087, 50.440259], [30.548716, 50.4407695], [30.5486736, 50.4408278], [30.5484751, 50.4411045]]}, "properties": {"osm_source_id": 601726690, "osm_target_id": 2933873159, "osm_key": 0, "length_m": 111.33949614487848, "highway_type": "residential", "speed_kph": 25, "oneway": false, "name": "\u041c\u0438\u043a\u0456\u043b\u044c\u0441\u044c\u043a\u0438\u0439 \u043f\u0440\u043e\u0432\u0443\u043b\u043e\u043a"}}, {"type": "Feature", "geometry": {"type": "LineString", "coordinates": [[30.549354, 50.4399096], [30.5493903, 50.440028], [30.5493971, 50.4400603], [30.5493934, 50.4400987], [30.5493641, 50.4401372], [30.5493041, 50.4401711], [30.5492323, 50.4401867], [30.5491327, 50.440195]]}, "properties": {"osm_source_id": 601726698, "osm_target_id": 601726690, "osm_key": 0, "length_m": 44.239440652685964, "highway_type": "residential", "speed_kph": 25, "oneway": true, "name": "\u0411\u0443\u0442\u0438\u0448\u0456\u0432 \u043f\u0440\u043e\u0432\u0443\u043b\u043e\u043a"}}, {"type": "Feature", "geometry": {"type": "LineString", "coordinates": [[30.549354, 50.4399096], [30.5495945, 50.4401138], [30.5497974, 50.4402661]]}, "properties": {"osm_source_id": 601726698, "osm_target_id": 945024119, "osm_key": 0, "length_m": 50.59348880968854, "highway_type": "secondary", "speed_kph": 45, "oneway": true, "name": "\u0432\u0443\u043b\u0438\u0446\u044f \u041c\u0438\u0445\u0430\u0439\u043b\u0430 \u041e\u043c\u0435\u043b\u044f\u043d\u043e\u0432\u0438\u0447\u0430-\u041f\u0430\u0432\u043b\u0435\u043d\u043a\u0430"}}, {"type": "Feature", "geometry": {"type": "LineString", "coordinates": [[30.5138544, 50.4511442], [30.5138074, 50.4511767], [30.5137798, 50.4511972], [30.5137949, 50.4513802], [30.5138107, 50.4515313], [30.5138001, 50.4515539], [30.5125295, 50.4519653], [30.5124072, 50.4520323], [30.5119851, 50.4522634], [30.5117928, 50.4523705], [30.511516, 50.4525247], [30.5114734, 50.4525499]]}, "properties": {"osm_source_id": 648544336, "osm_target_id": 26546242, "osm_key": 0, "length_m": 247.75740779009644, "highway_type": "residential", "speed_kph": 25, "oneway": true, "name": "\u0413\u0435\u043e\u0440\u0433\u0456\u0457\u0432\u0441\u044c\u043a\u0438\u0439 \u043f\u0440\u043e\u0432\u0443\u043b\u043e\u043a"}}, {"type": "Feature", "geometry": {"type": "LineString", "coordinates": [[30.5138544, 50.4511442], [30.5137249, 50.4511066], [30.5136353, 50.4510638]]}, "properties": {"osm_source_id": 648544336, "osm_target_id": 428418583, "osm_key": 0, "length_m": 18.007681611873767, "highway_type": "residential", "speed_kph": 25, "oneway": true, "name": "\u0420\u0435\u0439\u0442\u0430\u0440\u0441\u044c\u043a\u0430 \u0432\u0443\u043b\u0438\u0446\u044f"}}, {"type": "Feature", "geometry": {"type": "LineString", "coordinates": [[30.4981687, 50.4486364], [30.4981541, 50.4487227], [30.4979813, 50.4488893], [30.4978615, 50.4490048], [30.4977633, 50.4490988], [30.4977263, 50.4491351], [30.4975435, 50.4493098], [30.4975063, 50.4493471], [30.4973567, 50.4494914], [30.4973074, 50.4495389], [30.4972346, 50.4496091], [30.4970367, 50.4497998], [30.4969634, 50.4498705], [30.496551, 50.4502688], [30.4965408, 50.4502799], [30.4964458, 50.4503694]]}, "properties": {"osm_source_id": 648874947, "osm_target_id": 26546193, "osm_key": 0, "length_m": 229.10390137609892, "highway_type": "tertiary", "speed_kph": 40, "oneway": false, "name": "\u0413\u043e\u0433\u043e\u043b\u0456\u0432\u0441\u044c\u043a\u0430 \u0432\u0443\u043b\u0438\u0446\u044f"}}, {"type": "Feature", "geometry": {"type": "LineString", "coordinates": [[30.4981687, 50.4486364], [30.4983295, 50.4487011], [30.4987197, 50.448823], [30.4987643, 50.4488371], [30.4989653, 50.4488981], [30.4991441, 50.448956], [30.499229, 50.4489831], [30.4998549, 50.4491817], [30.5006088, 50.4494209], [30.5011369, 50.449591], [30.5025232, 50.4500284], [30.5028515, 50.4501326], [30.5029541, 50.4501624]]}, "properties": {"osm_source_id": 648874947, "osm_target_id": 26546187, "osm_key": 0, "length_m": 379.0192763675355, "highway_type": "tertiary", "speed_kph": 40, "oneway": false, "name": "\u0432\u0443\u043b\u0438\u0446\u044f \u041e\u043b\u0435\u0441\u044f \u0413\u043e\u043d\u0447\u0430\u0440\u0430"}}, {"type": "Feature", "geometry": {"type": "LineString", "coordinates": [[30.4981687, 50.4486364], [30.4978898, 50.4485257], [30.4976702, 50.448439], [30.4975696, 50.4483979], [30.4975094, 50.4483736], [30.4969996, 50.4481698], [30.4960623, 50.4477952], [30.4959755, 50.4477605]]}, "properties": {"osm_source_id": 648874947, "osm_target_id": 427595735, "osm_key": 0, "length_m": 183.30842758003462, "highway_type": "tertiary", "speed_kph": 40, "oneway": false, "name": "\u0432\u0443\u043b\u0438\u0446\u044f \u041e\u043b\u0435\u0441\u044f \u0413\u043e\u043d\u0447\u0430\u0440\u0430"}}, {"type": "Feature", "geometry": {"type": "LineString", "coordinates": [[30.4981687, 50.4486364], [30.4981904, 50.4486002], [30.498211, 50.4485658], [30.4982991, 50.4485166], [30.4983767, 50.448501], [30.4984186, 50.4484941], [30.4989772, 50.448402], [30.4990426, 50.4483912], [30.4993048, 50.448348], [30.50043, 50.4481624], [30.5005503, 50.4481427], [30.5005915, 50.4481359], [30.5006677, 50.4481233], [30.501142, 50.4480451], [30.5017633, 50.4479427], [30.5030451, 50.4477314], [30.5034131, 50.4476708], [30.5037539, 50.4476146], [30.503875, 50.4475984]]}, "properties": {"osm_source_id": 648874947, "osm_target_id": 26546137, "osm_key": 0, "length_m": 424.51486883329346, "highway_type": "tertiary", "speed_kph": 40, "oneway": false, "name": "\u0432\u0443\u043b\u0438\u0446\u044f \u0411\u043e\u0433\u0434\u0430\u043d\u0430 \u0425\u043c\u0435\u043b\u044c\u043d\u0438\u0446\u044c\u043a\u043e\u0433\u043e"}}, {"type": "Feature", "geometry": {"type": "LineString", "coordinates": [[30.501227, 50.4564685], [30.5018422, 50.4564871]]}, "properties": {"osm_source_id": 648874994, "osm_target_id": 26318823, "osm_key": 0, "length_m": 43.60150351366365, "highway_type": "secondary", "speed_kph": 45, "oneway": false, "name": "\u0432\u0443\u043b\u0438\u0446\u044f \u0421\u0456\u0447\u043e\u0432\u0438\u0445 \u0421\u0442\u0440\u0456\u043b\u044c\u0446\u0456\u0432"}}, {"type": "Feature", "geometry": {"type": "LineString", "coordinates": [[30.501227, 50.4564685], [30.5010794, 50.4564636], [30.5009589, 50.4564607], [30.5000855, 50.4564321], [30.4998745, 50.4564261], [30.4990543, 50.4564027], [30.4984242, 50.4563789], [30.4982219, 50.4563713], [30.4981059, 50.4563669], [30.4979512, 50.4563626], [30.4975881, 50.4563509], [30.4974649, 50.4563463]]}, "properties": {"osm_source_id": 648874994, "osm_target_id": 26318824, "osm_key": 0, "length_m": 266.6856190759087, "highway_type": "secondary", "speed_kph": 45, "oneway": false, "name": "\u0432\u0443\u043b\u0438\u0446\u044f \u0421\u0456\u0447\u043e\u0432\u0438\u0445 \u0421\u0442\u0440\u0456\u043b\u044c\u0446\u0456\u0432"}}, {"type": "Feature", "geometry": {"type": "LineString", "coordinates": [[30.5059675, 50.4575072], [30.505908, 50.4575212], [30.5053398, 50.4576599]]}, "properties": {"osm_source_id": 648875004, "osm_target_id": 2477465554, "osm_key": 0, "length_m": 47.57012699993674, "highway_type": "residential", "speed_kph": 25, "oneway": false, "name": "\u041a\u0443\u0434\u0440\u044f\u0432\u0441\u044c\u043a\u0430 \u0432\u0443\u043b\u0438\u0446\u044f"}}, {"type": "Feature", "geometry": {"type": "LineString", "coordinates": [[30.5059675, 50.4575072], [30.5059456, 50.4574735], [30.5059145, 50.4574258], [30.5058421, 50.4573147], [30.505807, 50.4572608]]}, "properties": {"osm_source_id": 648875004, "osm_target_id": 26546258, "osm_key": 0, "length_m": 29.661017386009664, "highway_type": "residential", "speed_kph": 25, "oneway": false, "name": "\u0412\u043e\u0437\u043d\u0435\u0441\u0435\u043d\u0441\u044c\u043a\u0438\u0439 \u0443\u0437\u0432\u0456\u0437"}}, {"type": "Feature", "geometry": {"type": "LineString", "coordinates": [[30.5059675, 50.4575072], [30.5060423, 50.457622], [30.5062303, 50.4579106], [30.5062883, 50.4580096], [30.5063688, 50.4581469], [30.5063899, 50.4583077], [30.5063835, 50.4584076], [30.5063524, 50.4588938], [30.5063154, 50.4594822], [30.5062961, 50.4595596], [30.5062599, 50.4596356], [30.5061666, 50.4597819], [30.5060274, 50.4599077], [30.5060175, 50.4599166], [30.5060054, 50.4599275], [30.5059279, 50.4599724]]}, "properties": {"osm_source_id": 648875004, "osm_target_id": 3404945344, "osm_key": 0, "length_m": 287.58146355457745, "highway_type": "residential", "speed_kph": 25, "oneway": false, "name": "\u0412\u043e\u0437\u043d\u0435\u0441\u0435\u043d\u0441\u044c\u043a\u0438\u0439 \u0443\u0437\u0432\u0456\u0437"}}, {"type": "Feature", "geometry": {"type": "LineString", "coordinates": [[30.503894, 50.441512], [30.5065693, 50.4410717]]}, "properties": {"osm_source_id": 649484194, "osm_target_id": 649484200, "osm_key": 0, "length_m": 195.67957610852488, "highway_type": "secondary", "speed_kph": 45, "oneway": true, "name": "\u0432\u0443\u043b\u0438\u0446\u044f \u0413\u0435\u0442\u044c\u043c\u0430\u043d\u0430 \u041f\u0430\u0432\u043b\u0430 \u0421\u043a\u043e\u0440\u043e\u043f\u0430\u0434\u0441\u044c\u043a\u043e\u0433\u043e"}}, {"type": "Feature", "geometry": {"type": "LineString", "coordinates": [[30.503894, 50.441512], [30.5039295, 50.441451], [30.5041514, 50.441109], [30.5047671, 50.4401624], [30.5047781, 50.440136], [30.5047835, 50.4401136], [30.504787, 50.4400781]]}, "properties": {"osm_source_id": 649484194, "osm_target_id": 26337696, "osm_key": 0, "length_m": 171.8246038134091, "highway_type": "residential", "speed_kph": 25, "oneway": true, "name": "\u041c\u0438\u043a\u0456\u043b\u044c\u0441\u044c\u043a\u043e-\u0411\u043e\u0442\u0430\u043d\u0456\u0447\u043d\u0430 \u0432\u0443\u043b\u0438\u0446\u044f"}}, {"type": "Feature", "geometry": {"type": "LineString", "coordinates": [[30.5065693, 50.4410717], [30.5063522, 50.4409463], [30.5059812, 50.4407354], [30.5058485, 50.4406624], [30.5054535, 50.4404449], [30.504787, 50.4400781]]}, "properties": {"osm_source_id": 649484200, "osm_target_id": 26337696, "osm_key": 0, "length_m": 167.7500194562275, "highway_type": "residential", "speed_kph": 25, "oneway": false, "name": "\u041f\u0430\u043d\u044c\u043a\u0456\u0432\u0441\u044c\u043a\u0430 \u0432\u0443\u043b\u0438\u0446\u044f"}}, {"type": "Feature", "geometry": {"type": "LineString", "coordinates": [[30.5065693, 50.4410717], [30.5072683, 50.4409572], [30.5081857, 50.4408149], [30.508268, 50.4408442]]}, "properties": {"osm_source_id": 649484200, "osm_target_id": 4764593122, "osm_key": 0, "length_m": 124.65618811993683, "highway_type": "secondary", "speed_kph": 45, "oneway": true, "name": "\u0432\u0443\u043b\u0438\u0446\u044f \u0413\u0435\u0442\u044c\u043c\u0430\u043d\u0430 \u041f\u0430\u0432\u043b\u0430 \u0421\u043a\u043e\u0440\u043e\u043f\u0430\u0434\u0441\u044c\u043a\u043e\u0433\u043e"}}, {"type": "Feature", "geometry": {"type": "LineString", "coordinates": [[30.5291501, 50.4541635], [30.5290403, 50.4542017], [30.5289893, 50.4542213], [30.528937, 50.4542298], [30.5288901, 50.4542298], [30.5288458, 50.4542221], [30.5287855, 50.4541957], [30.5286796, 50.4541259], [30.5286441, 50.4541025]]}, "properties": {"osm_source_id": 740862040, "osm_target_id": 740862048, "osm_key": 0, "length_m": 43.05853216520612, "highway_type": "living_street", "speed_kph": 15, "oneway": false, "name": null}}, {"type": "Feature", "geometry": {"type": "LineString", "coordinates": [[30.5286441, 50.4541025], [30.5286316, 50.4544033], [30.5286278, 50.4544667], [30.5286154, 50.4546786], [30.5286146, 50.4546958], [30.5286095, 50.4547077], [30.528596, 50.454719], [30.5285831, 50.4547217], [30.5285673, 50.4547233], [30.5282842, 50.454719]]}, "properties": {"osm_source_id": 740862048, "osm_target_id": 1705964397, "osm_key": 0, "length_m": 91.09856698316746, "highway_type": "living_street", "speed_kph": 15, "oneway": false, "name": null}}, {"type": "Feature", "geometry": {"type": "LineString", "coordinates": [[30.5286441, 50.4541025], [30.5286796, 50.4541259], [30.5287855, 50.4541957], [30.5288458, 50.4542221], [30.5288901, 50.4542298], [30.528937, 50.4542298], [30.5289893, 50.4542213], [30.5290403, 50.4542017], [30.5291501, 50.4541635]]}, "properties": {"osm_source_id": 740862048, "osm_target_id": 740862040, "osm_key": 0, "length_m": 43.05853216520612, "highway_type": "living_street", "speed_kph": 15, "oneway": false, "name": null}}, {"type": "Feature", "geometry": {"type": "LineString", "coordinates": [[30.5286441, 50.4541025], [30.528625, 50.4540575], [30.5285968, 50.4540053], [30.5284005, 50.4537569], [30.5282986, 50.453652], [30.5282257, 50.4536145], [30.5281202, 50.453586], [30.5279871, 50.4535698], [30.5279443, 50.4535654], [30.527757, 50.4535442]]}, "properties": {"osm_source_id": 740862048, "osm_target_id": 740862084, "osm_key": 0, "length_m": 96.83722610073877, "highway_type": "living_street", "speed_kph": 15, "oneway": false, "name": null}}, {"type": "Feature", "geometry": {"type": "LineString", "coordinates": [[30.527757, 50.4535442], [30.5279168, 50.4529181]]}, "properties": {"osm_source_id": 740862084, "osm_target_id": 10294230515, "osm_key": 0, "length_m": 70.53252742192733, "highway_type": "primary", "speed_kph": 55, "oneway": false, "name": "\u0412\u043e\u043b\u043e\u0434\u0438\u043c\u0438\u0440\u0441\u044c\u043a\u0438\u0439 \u0443\u0437\u0432\u0456\u0437"}}, {"type": "Feature", "geometry": {"type": "LineString", "coordinates": [[30.527757, 50.4535442], [30.5276245, 50.4541531], [30.5275855, 50.4543685], [30.5275578, 50.4545184], [30.5275522, 50.4546299], [30.52755, 50.4549237], [30.5275691, 50.4550666], [30.5275959, 50.4552013], [30.5276563, 50.4553737], [30.5277284, 50.4555163], [30.5278342, 50.4556555], [30.5279456, 50.4557999], [30.5280144, 50.4559175], [30.5280567, 50.4560231], [30.5280726, 50.4561168], [30.5280694, 50.4562101], [30.528057, 50.4562887], [30.5280048, 50.4564198], [30.5279231, 50.456567], [30.5278113, 50.4567124], [30.5276823, 50.4568612], [30.5275287, 50.4570257], [30.5272239, 50.4572974], [30.5269494, 50.4575408], [30.5267025, 50.4577507], [30.526298, 50.4580807], [30.5260502, 50.4582585], [30.525873, 50.4583802], [30.5255564, 50.4585872], [30.5251461, 50.4588555], [30.5250849, 50.4588959], [30.5249326, 50.4589966], [30.5247802, 50.4590972]]}, "properties": {"osm_source_id": 740862084, "osm_target_id": 2439276436, "osm_key": 0, "length_m": 705.161712998312, "highway_type": "primary", "speed_kph": 55, "oneway": false, "name": null}}, {"type": "Feature", "geometry": {"type": "LineString", "coordinates": [[30.527757, 50.4535442], [30.5279443, 50.4535654], [30.5279871, 50.4535698], [30.5281202, 50.453586], [30.5282257, 50.4536145], [30.5282986, 50.453652], [30.5284005, 50.4537569], [30.5285968, 50.4540053], [30.528625, 50.4540575], [30.5286441, 50.4541025]]}, "properties": {"osm_source_id": 740862084, "osm_target_id": 740862048, "osm_key": 0, "length_m": 96.8372261007388, "highway_type": "living_street", "speed_kph": 15, "oneway": false, "name": null}}, {"type": "Feature", "geometry": {"type": "LineString", "coordinates": [[30.5318045, 50.4493926], [30.5303823, 50.450059]]}, "properties": {"osm_source_id": 782137157, "osm_target_id": 2055689370, "osm_key": 0, "length_m": 125.02341599470344, "highway_type": "secondary", "speed_kph": 45, "oneway": false, "name": "\u0432\u0443\u043b\u0438\u0446\u044f \u041c\u0438\u0445\u0430\u0439\u043b\u0430 \u0413\u0440\u0443\u0448\u0435\u0432\u0441\u044c\u043a\u043e\u0433\u043e"}}, {"type": "Feature", "geometry": {"type": "LineString", "coordinates": [[30.5318045, 50.4493926], [30.532684, 50.4489868]]}, "properties": {"osm_source_id": 782137157, "osm_target_id": 13758100676, "osm_key": 0, "length_m": 76.90246925233888, "highway_type": "secondary", "speed_kph": 45, "oneway": false, "name": "\u0432\u0443\u043b\u0438\u0446\u044f \u041c\u0438\u0445\u0430\u0439\u043b\u0430 \u0413\u0440\u0443\u0448\u0435\u0432\u0441\u044c\u043a\u043e\u0433\u043e"}}, {"type": "Feature", "geometry": {"type": "LineString", "coordinates": [[30.520952, 50.4564402], [30.5208872, 50.4564908], [30.5208488, 50.4565208], [30.5205659, 50.4567415], [30.5205032, 50.4567904], [30.5203843, 50.4568831], [30.5202058, 50.4570154], [30.5198887, 50.4572503], [30.5195942, 50.4574684], [30.5193717, 50.4576332], [30.5192645, 50.4577126], [30.5190324, 50.4578836], [30.5189068, 50.4579765], [30.5188164, 50.4580434]]}, "properties": {"osm_source_id": 784034974, "osm_target_id": 784035319, "osm_key": 0, "length_m": 233.7599669881018, "highway_type": "residential", "speed_kph": 25, "oneway": false, "name": "\u0414\u0435\u0441\u044f\u0442\u0438\u043d\u043d\u0430 \u0432\u0443\u043b\u0438\u0446\u044f"}}, {"type": "Feature", "geometry": {"type": "LineString", "coordinates": [[30.5188164, 50.4580434], [30.5184889, 50.4582797], [30.518416, 50.4583116], [30.5183372, 50.4583275], [30.5182689, 50.4583403]]}, "properties": {"osm_source_id": 784035319, "osm_target_id": 26201544, "osm_key": 0, "length_m": 52.195599239781195, "highway_type": "residential", "speed_kph": 25, "oneway": true, "name": "\u0414\u0435\u0441\u044f\u0442\u0438\u043d\u043d\u0430 \u0432\u0443\u043b\u0438\u0446\u044f"}}, {"type": "Feature", "geometry": {"type": "LineString", "coordinates": [[30.5188164, 50.4580434], [30.5189068, 50.4579765], [30.5190324, 50.4578836], [30.5192645, 50.4577126], [30.5193717, 50.4576332], [30.5195942, 50.4574684], [30.5198887, 50.4572503], [30.5202058, 50.4570154], [30.5203843, 50.4568831], [30.5205032, 50.4567904], [30.5205659, 50.4567415], [30.5208488, 50.4565208], [30.5208872, 50.4564908], [30.520952, 50.4564402]]}, "properties": {"osm_source_id": 784035319, "osm_target_id": 784034974, "osm_key": 0, "length_m": 233.75996698810178, "highway_type": "residential", "speed_kph": 25, "oneway": false, "name": "\u0414\u0435\u0441\u044f\u0442\u0438\u043d\u043d\u0430 \u0432\u0443\u043b\u0438\u0446\u044f"}}, {"type": "Feature", "geometry": {"type": "LineString", "coordinates": [[30.5484104, 50.4419307], [30.5484579, 50.4419608], [30.5484904, 50.4419814], [30.5485893, 50.4420438], [30.5489267, 50.4422865], [30.5489666, 50.4423119], [30.5490356, 50.4423562], [30.5491446, 50.4424262], [30.5494736, 50.4426325], [30.549687, 50.4427611], [30.5498922, 50.4428713]]}, "properties": {"osm_source_id": 946606603, "osm_target_id": 6475220001, "osm_key": 0, "length_m": 148.2996226816941, "highway_type": "residential", "speed_kph": 25, "oneway": false, "name": "\u0410\u0441\u043a\u043e\u043b\u044c\u0434\u0456\u0432 \u043f\u0440\u043e\u0432\u0443\u043b\u043e\u043a"}}, {"type": "Feature", "geometry": {"type": "LineString", "coordinates": [[30.5484104, 50.4419307], [30.5489134, 50.4415456], [30.5491793, 50.4413441], [30.5492651, 50.441279], [30.5492844, 50.4412639], [30.5495775, 50.4410342], [30.5497251, 50.4409185], [30.5498109, 50.44084]]}, "properties": {"osm_source_id": 946606603, "osm_target_id": 4762745683, "osm_key": 0, "length_m": 156.70692539907793, "highway_type": "secondary", "speed_kph": 45, "oneway": false, "name": "\u0432\u0443\u043b\u0438\u0446\u044f \u0406\u0432\u0430\u043d\u0430 \u041c\u0430\u0437\u0435\u043f\u0438"}}, {"type": "Feature", "geometry": {"type": "LineString", "coordinates": [[30.5484104, 50.4419307], [30.5480157, 50.442199], [30.5476485, 50.4424376], [30.547051, 50.4428129], [30.5467177, 50.4430222], [30.5462113, 50.4433466]]}, "properties": {"osm_source_id": 946606603, "osm_target_id": 1835828687, "osm_key": 0, "length_m": 221.47032882401652, "highway_type": "secondary", "speed_kph": 45, "oneway": false, "name": "\u0432\u0443\u043b\u0438\u0446\u044f \u0406\u0432\u0430\u043d\u0430 \u041c\u0430\u0437\u0435\u043f\u0438"}}, {"type": "Feature", "geometry": {"type": "LineString", "coordinates": [[30.5256657, 50.4633504], [30.5254907, 50.464052]]}, "properties": {"osm_source_id": 970413195, "osm_target_id": 740862060, "osm_key": 0, "length_m": 78.99174975686913, "highway_type": "primary", "speed_kph": 55, "oneway": true, "name": "\u041d\u0430\u0431\u0435\u0440\u0435\u0436\u043d\u043e-\u0425\u0440\u0435\u0449\u0430\u0442\u0438\u0446\u044c\u043a\u0430 \u0432\u0443\u043b\u0438\u0446\u044f"}}, {"type": "Feature", "geometry": {"type": "LineString", "coordinates": [[30.5081116, 50.4551653], [30.5086564, 50.4551606]]}, "properties": {"osm_source_id": 1069210700, "osm_target_id": 2462504913, "osm_key": 0, "length_m": 38.573143127046464, "highway_type": "secondary", "speed_kph": 45, "oneway": false, "name": "\u0412\u0435\u043b\u0438\u043a\u0430 \u0416\u0438\u0442\u043e\u043c\u0438\u0440\u0441\u044c\u043a\u0430 \u0432\u0443\u043b\u0438\u0446\u044f"}}, {"type": "Feature", "geometry": {"type": "LineString", "coordinates": [[30.5081116, 50.4551653], [30.5082728, 50.4550575], [30.5084245, 50.4549539], [30.5091799, 50.454702], [30.5093195, 50.4546623], [30.5096851, 50.4545582], [30.509799, 50.4545257], [30.5108796, 50.4542201], [30.511149, 50.4541439], [30.5112341, 50.4541208]]}, "properties": {"osm_source_id": 1069210700, "osm_target_id": 26546015, "osm_key": 0, "length_m": 251.81599203452055, "highway_type": "residential", "speed_kph": 25, "oneway": true, "name": "\u0421\u0442\u0440\u0456\u0442\u0435\u043d\u0441\u044c\u043a\u0430 \u0432\u0443\u043b\u0438\u0446\u044f"}}, {"type": "Feature", "geometry": {"type": "LineString", "coordinates": [[30.5081116, 50.4551653], [30.5075891, 50.4552194], [30.5073728, 50.4552438]]}, "properties": {"osm_source_id": 1069210700, "osm_target_id": 26318835, "osm_key": 0, "length_m": 53.028417812005195, "highway_type": "secondary", "speed_kph": 45, "oneway": false, "name": "\u0412\u0435\u043b\u0438\u043a\u0430 \u0416\u0438\u0442\u043e\u043c\u0438\u0440\u0441\u044c\u043a\u0430 \u0432\u0443\u043b\u0438\u0446\u044f"}}, {"type": "Feature", "geometry": {"type": "LineString", "coordinates": [[30.5072797, 50.4550933], [30.5073199, 50.4551466], [30.5073728, 50.4552438]]}, "properties": {"osm_source_id": 1069210702, "osm_target_id": 26318835, "osm_key": 0, "length_m": 18.013231589439023, "highway_type": "secondary", "speed_kph": 45, "oneway": true, "name": "\u041b\u044c\u0432\u0456\u0432\u0441\u044c\u043a\u0430 \u043f\u043b\u043e\u0449\u0430"}}, {"type": "Feature", "geometry": {"type": "LineString", "coordinates": [[30.5021042, 50.4649036], [30.5018899, 50.4649022], [30.501674, 50.4648827], [30.5011774, 50.4648037]]}, "properties": {"osm_source_id": 1297814425, "osm_target_id": 26409172, "osm_key": 0, "length_m": 66.83507324054571, "highway_type": "residential", "speed_kph": 25, "oneway": false, "name": "\u041b\u0443\u043a\u02bc\u044f\u043d\u0456\u0432\u0441\u044c\u043a\u0430 \u0432\u0443\u043b\u0438\u0446\u044f"}}, {"type": "Feature", "geometry": {"type": "LineString", "coordinates": [[30.5021042, 50.4649036], [30.5027382, 50.4651208], [30.5028831, 50.4651724], [30.5036343, 50.4654422], [30.5040154, 50.4655697], [30.5043071, 50.4656656], [30.5043932, 50.4656813], [30.5044639, 50.4656824]]}, "properties": {"osm_source_id": 1297814425, "osm_target_id": 4335405500, "osm_key": 0, "length_m": 188.81975042363925, "highway_type": "residential", "speed_kph": 25, "oneway": false, "name": "\u041e\u043b\u0435\u0433\u0456\u0432\u0441\u044c\u043a\u0430 \u0432\u0443\u043b\u0438\u0446\u044f"}}, {"type": "Feature", "geometry": {"type": "LineString", "coordinates": [[30.5021042, 50.4649036], [30.5022288, 50.4648372], [30.5022972, 50.4648248], [30.5031113, 50.4647962]]}, "properties": {"osm_source_id": 1297814425, "osm_target_id": 13826497630, "osm_key": 0, "length_m": 74.2467887212343, "highway_type": "residential", "speed_kph": 25, "oneway": false, "name": "\u041b\u0443\u043a\u02bc\u044f\u043d\u0456\u0432\u0441\u044c\u043a\u0430 \u0432\u0443\u043b\u0438\u0446\u044f"}}, {"type": "Feature", "geometry": {"type": "LineString", "coordinates": [[30.50712, 50.4629764], [30.5068946, 50.4628314]]}, "properties": {"osm_source_id": 1297814433, "osm_target_id": 305980434, "osm_key": 0, "length_m": 22.682933853980003, "highway_type": "secondary", "speed_kph": 45, "oneway": true, "name": "\u0432\u0443\u043b\u0438\u0446\u044f \u041d\u0438\u0436\u043d\u0456\u0439 \u0412\u0430\u043b"}}, {"type": "Feature", "geometry": {"type": "LineString", "coordinates": [[30.4951771, 50.4427487], [30.4955465, 50.4423816], [30.4957663, 50.4421768], [30.4957795, 50.4421639], [30.4959892, 50.4419598], [30.4960745, 50.4418803], [30.4962251, 50.44174], [30.4962894, 50.44168], [30.4964569, 50.4415203], [30.4965662, 50.4414176], [30.4966308, 50.4413593], [30.4968923, 50.441108], [30.4972265, 50.4407905], [30.4975294, 50.440496], [30.4975978, 50.4404283], [30.4977371, 50.4403067]]}, "properties": {"osm_source_id": 1307798791, "osm_target_id": 26337558, "osm_key": 0, "length_m": 326.5293002635157, "highway_type": "primary", "speed_kph": 55, "oneway": true, "name": "\u0416\u0438\u043b\u044f\u043d\u0441\u044c\u043a\u0430 \u0432\u0443\u043b\u0438\u0446\u044f"}}, {"type": "Feature", "geometry": {"type": "LineString", "coordinates": [[30.4951771, 50.4427487], [30.4950356, 50.4426911], [30.4939968, 50.4422253], [30.4929607, 50.4417519], [30.4924979, 50.441534], [30.4924381, 50.4415019], [30.4922821, 50.4414095], [30.4921257, 50.4413154], [30.491754, 50.4409662], [30.4915768, 50.4407885], [30.4914587, 50.4406654], [30.4914549, 50.4406354], [30.4914672, 50.4406022], [30.4928794, 50.4395467], [30.4928968, 50.4395227], [30.4929492, 50.4393589], [30.4932508, 50.4391362], [30.4934954, 50.4389593], [30.4935963, 50.4389324], [30.4939284, 50.4389207], [30.4942993, 50.4390387], [30.494685, 50.4391928], [30.4947449, 50.4392095], [30.4948066, 50.4392176], [30.4949536, 50.439213], [30.495003, 50.4392102], [30.4951107, 50.4391935]]}, "properties": {"osm_source_id": 1307798791, "osm_target_id": 13127596954, "osm_key": 0, "length_m": 720.703396796854, "highway_type": "unclassified", "speed_kph": 25, "oneway": false, "name": null}}, {"type": "Feature", "geometry": {"type": "LineString", "coordinates": [[30.5354508, 50.4306719], [30.5351433, 50.4305179]]}, "properties": {"osm_source_id": 1457874876, "osm_target_id": 26304298, "osm_key": 0, "length_m": 27.706435941991096, "highway_type": "residential", "speed_kph": 25, "oneway": true, "name": "\u041d\u043e\u0432\u043e\u0433\u043e\u0441\u043f\u0456\u0442\u0430\u043b\u044c\u043d\u0430 \u0432\u0443\u043b\u0438\u0446\u044f"}}, {"type": "Feature", "geometry": {"type": "LineString", "coordinates": [[30.5354508, 50.4306719], [30.5353238, 50.4307746], [30.5350544, 50.4309945], [30.5348497, 50.4311559], [30.5336614, 50.4321172], [30.5336368, 50.4321371], [30.5328152, 50.432802], [30.5325994, 50.4329764], [30.531412, 50.433937]]}, "properties": {"osm_source_id": 1457874876, "osm_target_id": 1596089296, "osm_key": 0, "length_m": 462.22500835544434, "highway_type": "primary", "speed_kph": 55, "oneway": true, "name": "\u0431\u0443\u043b\u044c\u0432\u0430\u0440 \u041b\u0435\u0441\u0456 \u0423\u043a\u0440\u0430\u0457\u043d\u043a\u0438"}}, {"type": "Feature", "geometry": {"type": "LineString", "coordinates": [[30.5070563, 50.4625216], [30.5074522, 50.4627671]]}, "properties": {"osm_source_id": 1469178333, "osm_target_id": 6047288168, "osm_key": 0, "length_m": 39.12196127230803, "highway_type": "secondary", "speed_kph": 45, "oneway": true, "name": "\u0432\u0443\u043b\u0438\u0446\u044f \u0412\u0435\u0440\u0445\u043d\u0456\u0439 \u0412\u0430\u043b"}}, {"type": "Feature", "geometry": {"type": "LineString", "coordinates": [[30.5070563, 50.4625216], [30.5071045, 50.4624807], [30.507112, 50.4624759], [30.5073568, 50.4622917]]}, "properties": {"osm_source_id": 1469178333, "osm_target_id": 346919848, "osm_key": 0, "length_m": 33.26699790512992, "highway_type": "living_street", "speed_kph": 15, "oneway": true, "name": "\u041a\u043e\u0436\u0443\u043c\u02bc\u044f\u0446\u044c\u043a\u0430 \u0432\u0443\u043b\u0438\u0446\u044f"}}, {"type": "Feature", "geometry": {"type": "LineString", "coordinates": [[30.50687, 50.46266], [30.5070515, 50.4625246], [30.5070563, 50.4625216]]}, "properties": {"osm_source_id": 1469178437, "osm_target_id": 1469178333, "osm_key": 0, "length_m": 20.268427824258637, "highway_type": "secondary", "speed_kph": 45, "oneway": true, "name": "\u0432\u0443\u043b\u0438\u0446\u044f \u0412\u0435\u0440\u0445\u043d\u0456\u0439 \u0412\u0430\u043b"}}, {"type": "Feature", "geometry": {"type": "LineString", "coordinates": [[30.5089606, 50.4641748], [30.5088687, 50.4642082], [30.5085619, 50.4642949], [30.5084868, 50.4643125], [30.5083755, 50.4643284], [30.5082427, 50.4643303], [30.5081486, 50.4643413], [30.5080775, 50.4643741], [30.5080255, 50.4644091], [30.5079736, 50.4644798], [30.5079443, 50.4645828], [30.5079005, 50.4647762], [30.5078548, 50.4650337], [30.5078372, 50.465101], [30.5078178, 50.4651284], [30.507769, 50.4651664], [30.5076894, 50.4652036], [30.50754, 50.4652707], [30.5073637, 50.4653379], [30.5072534, 50.4653708], [30.5070858, 50.4653928], [30.506927, 50.4653886], [30.506276, 50.4653374], [30.5059291, 50.4653068], [30.5057615, 50.4652934], [30.5055381, 50.4652799], [30.5053452, 50.4652756], [30.5052605, 50.4652818], [30.5051494, 50.4653087], [30.5050525, 50.4653571], [30.5047334, 50.4655662], [30.5046658, 50.4656062], [30.5046432, 50.4656196], [30.5045433, 50.4656597], [30.5044639, 50.4656824]]}, "properties": {"osm_source_id": 1469178541, "osm_target_id": 4335405500, "osm_key": 0, "length_m": 417.9787431053956, "highway_type": "residential", "speed_kph": 25, "oneway": true, "name": "\u041e\u043b\u0435\u0433\u0456\u0432\u0441\u044c\u043a\u0430 \u0432\u0443\u043b\u0438\u0446\u044f"}}, {"type": "Feature", "geometry": {"type": "LineString", "coordinates": [[30.5089606, 50.4641748], [30.508117, 50.4636159], [30.5076276, 50.4633023], [30.50712, 50.4629764]]}, "properties": {"osm_source_id": 1469178541, "osm_target_id": 1297814433, "osm_key": 0, "length_m": 186.36881260162826, "highway_type": "secondary", "speed_kph": 45, "oneway": true, "name": "\u0432\u0443\u043b\u0438\u0446\u044f \u041d\u0438\u0436\u043d\u0456\u0439 \u0412\u0430\u043b"}}, {"type": "Feature", "geometry": {"type": "LineString", "coordinates": [[30.5157718, 50.4645499], [30.5158369, 50.4645044], [30.5161102, 50.4643137], [30.5163969, 50.4640874], [30.5164333, 50.4640587]]}, "properties": {"osm_source_id": 1473114344, "osm_target_id": 26322786, "osm_key": 0, "length_m": 71.97459674703973, "highway_type": "tertiary", "speed_kph": 40, "oneway": false, "name": "\u041a\u043e\u0441\u0442\u044f\u043d\u0442\u0438\u043d\u0456\u0432\u0441\u044c\u043a\u0430 \u0432\u0443\u043b\u0438\u0446\u044f"}}, {"type": "Feature", "geometry": {"type": "LineString", "coordinates": [[30.5157718, 50.4645499], [30.5155149, 50.4647022], [30.5153626, 50.4648004], [30.51462, 50.4652562], [30.5143155, 50.4654408], [30.5142471, 50.465482]]}, "properties": {"osm_source_id": 1473114344, "osm_target_id": 26323186, "osm_key": 0, "length_m": 149.63850109352418, "highway_type": "tertiary", "speed_kph": 40, "oneway": false, "name": "\u041a\u043e\u0441\u0442\u044f\u043d\u0442\u0438\u043d\u0456\u0432\u0441\u044c\u043a\u0430 \u0432\u0443\u043b\u0438\u0446\u044f"}}, {"type": "Feature", "geometry": {"type": "LineString", "coordinates": [[30.5157718, 50.4645499], [30.515826, 50.4645855], [30.5158405, 50.4645949], [30.516422, 50.4649768], [30.5164544, 50.4649981], [30.5165039, 50.4650306], [30.5165731, 50.4650773], [30.5167792, 50.4652164], [30.5167918, 50.4652249], [30.5170721, 50.4654301], [30.5173341, 50.46563], [30.5173506, 50.4657274]]}, "properties": {"osm_source_id": 1473114344, "osm_target_id": 26322808, "osm_key": 0, "length_m": 174.2232048790183, "highway_type": "residential", "speed_kph": 25, "oneway": false, "name": "\u0421\u043f\u0430\u0441\u044c\u043a\u0430 \u0432\u0443\u043b\u0438\u0446\u044f"}}, {"type": "Feature", "geometry": {"type": "LineString", "coordinates": [[30.5177705, 50.4649573], [30.5178614, 50.4649546], [30.5179357, 50.4649544], [30.5179884, 50.4649538], [30.5180629, 50.4649542], [30.5182251, 50.4649354]]}, "properties": {"osm_source_id": 1473114351, "osm_target_id": 6949509194, "osm_key": 0, "length_m": 32.37375492535146, "highway_type": "tertiary", "speed_kph": 40, "oneway": true, "name": "\u041a\u043e\u043d\u0442\u0440\u0430\u043a\u0442\u043e\u0432\u0430 \u043f\u043b\u043e\u0449\u0430"}}, {"type": "Feature", "geometry": {"type": "LineString", "coordinates": [[30.5177705, 50.4649573], [30.5174114, 50.4647017], [30.5172349, 50.4645852], [30.5170318, 50.4644491], [30.5167569, 50.4642649], [30.5166304, 50.4641802], [30.5165519, 50.4641307], [30.5164333, 50.4640587]]}, "properties": {"osm_source_id": 1473114351, "osm_target_id": 26322786, "osm_key": 0, "length_m": 137.6672223232013, "highway_type": "tertiary", "speed_kph": 40, "oneway": false, "name": "\u041a\u043e\u043d\u0442\u0440\u0430\u043a\u0442\u043e\u0432\u0430 \u043f\u043b\u043e\u0449\u0430"}}, {"type": "Feature", "geometry": {"type": "LineString", "coordinates": [[30.5099221, 50.4603694], [30.5099749, 50.4603992], [30.5100165, 50.4604226], [30.5104725, 50.4607137], [30.5105083, 50.4607376]]}, "properties": {"osm_source_id": 1533851822, "osm_target_id": 1592490498, "osm_key": 0, "length_m": 58.309937159518334, "highway_type": "living_street", "speed_kph": 15, "oneway": false, "name": null}}, {"type": "Feature", "geometry": {"type": "LineString", "coordinates": [[30.5099221, 50.4603694], [30.5098274, 50.4604757], [30.5096521, 50.4606284], [30.5094979, 50.4607467], [30.5094738, 50.4607673], [30.5092932, 50.4609219], [30.5089749, 50.4611412]]}, "properties": {"osm_source_id": 1533851822, "osm_target_id": 1592490501, "osm_key": 0, "length_m": 109.1930922456249, "highway_type": "living_street", "speed_kph": 15, "oneway": false, "name": "\u041a\u043e\u0436\u0443\u043c\u02bc\u044f\u0446\u044c\u043a\u0430 \u0432\u0443\u043b\u0438\u0446\u044f"}}, {"type": "Feature", "geometry": {"type": "LineString", "coordinates": [[30.5099221, 50.4603694], [30.5099656, 50.4596559], [30.5099693, 50.4595909]]}, "properties": {"osm_source_id": 1533851822, "osm_target_id": 5372968019, "osm_key": 0, "length_m": 86.62985242253846, "highway_type": "living_street", "speed_kph": 15, "oneway": false, "name": "\u041a\u043e\u0436\u0443\u043c\u02bc\u044f\u0446\u044c\u043a\u0430 \u0432\u0443\u043b\u0438\u0446\u044f"}}, {"type": "Feature", "geometry": {"type": "LineString", "coordinates": [[30.5105178, 50.4580837], [30.5103273, 50.4579749], [30.5102071, 50.4579341], [30.5101239, 50.4579017], [30.5100343, 50.4578668], [30.509934, 50.4578344], [30.5097722, 50.4577798], [30.5096867, 50.4577367], [30.5096314, 50.4576995], [30.5095945, 50.4576487], [30.509563, 50.4575809], [30.5094502, 50.4573324]]}, "properties": {"osm_source_id": 1533854211, "osm_target_id": 6503338629, "osm_key": 0, "length_m": 119.28990448998934, "highway_type": "living_street", "speed_kph": 15, "oneway": false, "name": "\u0414\u0435\u0433\u0442\u044f\u0440\u043d\u0430 \u0432\u0443\u043b\u0438\u0446\u044f"}}, {"type": "Feature", "geometry": {"type": "LineString", "coordinates": [[30.5105178, 50.4580837], [30.5105621, 50.4581461], [30.5105749, 50.4581951], [30.5105566, 50.458623], [30.5104635, 50.4591467], [30.5104625, 50.4594515], [30.5105166, 50.4596015]]}, "properties": {"osm_source_id": 1533854211, "osm_target_id": 4771636983, "osm_key": 0, "length_m": 170.3460206354132, "highway_type": "living_street", "speed_kph": 15, "oneway": false, "name": "\u0414\u0435\u0433\u0442\u044f\u0440\u043d\u0430 \u0432\u0443\u043b\u0438\u0446\u044f"}}, {"type": "Feature", "geometry": {"type": "LineString", "coordinates": [[30.5086369, 50.4567024], [30.5084921, 50.4567206], [30.5082896, 50.4567461], [30.5075889, 50.4568915], [30.507251, 50.4569554], [30.5071777, 50.4569693], [30.5069594, 50.4570106], [30.5067634, 50.457053], [30.505892, 50.4572416], [30.5058418, 50.4572525], [30.505807, 50.4572608]]}, "properties": {"osm_source_id": 1579361161, "osm_target_id": 26546258, "osm_key": 0, "length_m": 209.9222285317472, "highway_type": "residential", "speed_kph": 25, "oneway": false, "name": "\u041a\u0438\u044f\u043d\u0456\u0432\u0441\u044c\u043a\u0438\u0439 \u043f\u0440\u043e\u0432\u0443\u043b\u043e\u043a"}}, {"type": "Feature", "geometry": {"type": "LineString", "coordinates": [[30.5105083, 50.4607376], [30.5094729, 50.4614601]]}, "properties": {"osm_source_id": 1592490498, "osm_target_id": 346920626, "osm_key": 0, "length_m": 108.74792389701483, "highway_type": "living_street", "speed_kph": 15, "oneway": true, "name": "\u0412\u043e\u0437\u0434\u0432\u0438\u0436\u0435\u043d\u0441\u044c\u043a\u0430 \u0432\u0443\u043b\u0438\u0446\u044f"}}, {"type": "Feature", "geometry": {"type": "LineString", "coordinates": [[30.5105083, 50.4607376], [30.5104725, 50.4607137], [30.5100165, 50.4604226], [30.5099749, 50.4603992], [30.5099221, 50.4603694]]}, "properties": {"osm_source_id": 1592490498, "osm_target_id": 1533851822, "osm_key": 0, "length_m": 58.30993715951833, "highway_type": "living_street", "speed_kph": 15, "oneway": false, "name": null}}, {"type": "Feature", "geometry": {"type": "LineString", "coordinates": [[30.5105083, 50.4607376], [30.5111258, 50.4603974], [30.5111372, 50.4603914]]}, "properties": {"osm_source_id": 1592490498, "osm_target_id": 3847379062, "osm_key": 0, "length_m": 58.854441393199345, "highway_type": "living_street", "speed_kph": 15, "oneway": false, "name": "\u0412\u043e\u0437\u0434\u0432\u0438\u0436\u0435\u043d\u0441\u044c\u043a\u0430 \u0432\u0443\u043b\u0438\u0446\u044f"}}, {"type": "Feature", "geometry": {"type": "LineString", "coordinates": [[30.5089749, 50.4611412], [30.5094729, 50.4614601]]}, "properties": {"osm_source_id": 1592490501, "osm_target_id": 346920626, "osm_key": 0, "length_m": 50.00107568865003, "highway_type": "living_street", "speed_kph": 15, "oneway": true, "name": null}}, {"type": "Feature", "geometry": {"type": "LineString", "coordinates": [[30.5089749, 50.4611412], [30.5092932, 50.4609219], [30.5094738, 50.4607673], [30.5094979, 50.4607467], [30.5096521, 50.4606284], [30.5098274, 50.4604757], [30.5099221, 50.4603694]]}, "properties": {"osm_source_id": 1592490501, "osm_target_id": 1533851822, "osm_key": 0, "length_m": 109.19309224562488, "highway_type": "living_street", "speed_kph": 15, "oneway": false, "name": "\u041a\u043e\u0436\u0443\u043c\u02bc\u044f\u0446\u044c\u043a\u0430 \u0432\u0443\u043b\u0438\u0446\u044f"}}, {"type": "Feature", "geometry": {"type": "LineString", "coordinates": [[30.5089749, 50.4611412], [30.5085486, 50.4614319], [30.5084468, 50.4615082], [30.5082796, 50.4616288], [30.5081481, 50.4617218]]}, "properties": {"osm_source_id": 1592490501, "osm_target_id": 4333004033, "osm_key": 0, "length_m": 87.15176852798976, "highway_type": "living_street", "speed_kph": 15, "oneway": false, "name": "\u041a\u043e\u0436\u0443\u043c\u02bc\u044f\u0446\u044c\u043a\u0430 \u0432\u0443\u043b\u0438\u0446\u044f"}}, {"type": "Feature", "geometry": {"type": "LineString", "coordinates": [[30.5311024, 50.4337799], [30.531412, 50.433937]]}, "properties": {"osm_source_id": 1596089288, "osm_target_id": 1596089296, "osm_key": 0, "length_m": 28.0358078191768, "highway_type": "primary_link", "speed_kph": 40, "oneway": false, "name": null}}, {"type": "Feature", "geometry": {"type": "LineString", "coordinates": [[30.5311024, 50.4337799], [30.5312251, 50.4336808], [30.5329401, 50.4322964], [30.5348675, 50.4307407], [30.5350248, 50.4306137], [30.5351433, 50.4305179]]}, "properties": {"osm_source_id": 1596089288, "osm_target_id": 26304298, "osm_key": 0, "length_m": 462.04492886802814, "highway_type": "primary", "speed_kph": 55, "oneway": true, "name": "\u0431\u0443\u043b\u044c\u0432\u0430\u0440 \u041b\u0435\u0441\u0456 \u0423\u043a\u0440\u0430\u0457\u043d\u043a\u0438"}}, {"type": "Feature", "geometry": {"type": "LineString", "coordinates": [[30.531412, 50.433937], [30.5311024, 50.4337799]]}, "properties": {"osm_source_id": 1596089296, "osm_target_id": 1596089288, "osm_key": 0, "length_m": 28.0358078191768, "highway_type": "primary_link", "speed_kph": 40, "oneway": false, "name": null}}, {"type": "Feature", "geometry": {"type": "LineString", "coordinates": [[30.531412, 50.433937], [30.5312966, 50.4340322], [30.5312488, 50.4340716], [30.5307579, 50.4344766], [30.5306842, 50.4345373], [30.5293083, 50.4356417], [30.5292046, 50.4357216], [30.5291452, 50.4357674], [30.5280817, 50.4366103], [30.5276068, 50.4369809], [30.526565, 50.4377357]]}, "properties": {"osm_source_id": 1596089296, "osm_target_id": 1596089320, "osm_key": 0, "length_m": 544.4255815926911, "highway_type": "primary", "speed_kph": 55, "oneway": true, "name": "\u0431\u0443\u043b\u044c\u0432\u0430\u0440 \u041b\u0435\u0441\u0456 \u0423\u043a\u0440\u0430\u0457\u043d\u043a\u0438"}}, {"type": "Feature", "geometry": {"type": "LineString", "coordinates": [[30.526565, 50.4377357], [30.5262889, 50.437584]]}, "properties": {"osm_source_id": 1596089320, "osm_target_id": 268546975, "osm_key": 0, "length_m": 25.824356336906668, "highway_type": "primary_link", "speed_kph": 40, "oneway": false, "name": "\u0431\u0443\u043b\u044c\u0432\u0430\u0440 \u041b\u0435\u0441\u0456 \u0423\u043a\u0440\u0430\u0457\u043d\u043a\u0438"}}, {"type": "Feature", "geometry": {"type": "LineString", "coordinates": [[30.526565, 50.4377357], [30.5259626, 50.4381606], [30.5259343, 50.4381806], [30.5257036, 50.4383411], [30.5256745, 50.4383645], [30.5255927, 50.4384303], [30.5255719, 50.4384523]]}, "properties": {"osm_source_id": 1596089320, "osm_target_id": 9915990637, "osm_key": 0, "length_m": 106.35553771677162, "highway_type": "primary", "speed_kph": 55, "oneway": true, "name": "\u0431\u0443\u043b\u044c\u0432\u0430\u0440 \u041b\u0435\u0441\u0456 \u0423\u043a\u0440\u0430\u0457\u043d\u043a\u0438"}}, {"type": "Feature", "geometry": {"type": "LineString", "coordinates": [[30.5246071, 50.4503578], [30.5245011, 50.4504161]]}, "properties": {"osm_source_id": 1605526714, "osm_target_id": 10294230535, "osm_key": 0, "length_m": 9.917253377697838, "highway_type": "secondary", "speed_kph": 45, "oneway": false, "name": "\u043c\u0430\u0439\u0434\u0430\u043d \u041d\u0435\u0437\u0430\u043b\u0435\u0436\u043d\u043e\u0441\u0442\u0456"}}, {"type": "Feature", "geometry": {"type": "LineString", "coordinates": [[30.5246071, 50.4503578], [30.5254489, 50.4509647], [30.5256323, 50.4510969], [30.5258163, 50.4512295], [30.526121, 50.4514491], [30.5266918, 50.4518606]]}, "properties": {"osm_source_id": 1605526714, "osm_target_id": 4352743502, "osm_key": 0, "length_m": 222.9568278941565, "highway_type": "primary", "speed_kph": 55, "oneway": true, "name": "\u0432\u0443\u043b\u0438\u0446\u044f \u0425\u0440\u0435\u0449\u0430\u0442\u0438\u043a"}}, {"type": "Feature", "geometry": {"type": "LineString", "coordinates": [[30.5299323, 50.4498488], [30.5304127, 50.449222], [30.5306845, 50.4488672], [30.5307127, 50.4488431], [30.5307529, 50.4488273], [30.5307993, 50.4488218], [30.5308456, 50.4488276], [30.5308855, 50.4488437], [30.5310547, 50.4489448], [30.531703, 50.4493322], [30.5318045, 50.4493926]]}, "properties": {"osm_source_id": 1625069774, "osm_target_id": 782137157, "osm_key": 0, "length_m": 227.37934357119624, "highway_type": "residential", "speed_kph": 25, "oneway": true, "name": "\u041c\u0443\u0437\u0435\u0439\u043d\u0438\u0439 \u043f\u0440\u043e\u0432\u0443\u043b\u043e\u043a"}}, {"type": "Feature", "geometry": {"type": "LineString", "coordinates": [[30.5299323, 50.4498488], [30.5300932, 50.4499239], [30.5301709, 50.4499602], [30.5302661, 50.4500047], [30.5303823, 50.450059]]}, "properties": {"osm_source_id": 1625069774, "osm_target_id": 2055689370, "osm_key": 0, "length_m": 39.5154688766262, "highway_type": "residential", "speed_kph": 25, "oneway": true, "name": null}}, {"type": "Feature", "geometry": {"type": "LineString", "coordinates": [[30.5171552, 50.4426949], [30.5172593, 50.4426775], [30.519875, 50.442266], [30.5201352, 50.4422217]]}, "properties": {"osm_source_id": 1648670984, "osm_target_id": 6335083628, "osm_key": 0, "length_m": 217.49303792274222, "highway_type": "primary", "speed_kph": 55, "oneway": true, "name": "\u0431\u0443\u043b\u044c\u0432\u0430\u0440 \u0422\u0430\u0440\u0430\u0441\u0430 \u0428\u0435\u0432\u0447\u0435\u043d\u043a\u0430"}}, {"type": "Feature", "geometry": {"type": "LineString", "coordinates": [[30.5171552, 50.4426949], [30.5172071, 50.4428245], [30.517251, 50.4429414]]}, "properties": {"osm_source_id": 1648670984, "osm_target_id": 539997006, "osm_key": 0, "length_m": 28.237437931775577, "highway_type": "residential", "speed_kph": 25, "oneway": true, "name": "\u0432\u0443\u043b\u0438\u0446\u044f \u0404\u0432\u0433\u0435\u043d\u0430 \u0427\u0438\u043a\u0430\u043b\u0435\u043d\u043a\u0430"}}, {"type": "Feature", "geometry": {"type": "LineString", "coordinates": [[30.5282842, 50.454719], [30.5285673, 50.4547233], [30.5285831, 50.4547217], [30.528596, 50.454719], [30.5286095, 50.4547077], [30.5286146, 50.4546958], [30.5286154, 50.4546786], [30.5286278, 50.4544667], [30.5286316, 50.4544033], [30.5286441, 50.4541025]]}, "properties": {"osm_source_id": 1705964397, "osm_target_id": 740862048, "osm_key": 0, "length_m": 91.09856698316746, "highway_type": "living_street", "speed_kph": 15, "oneway": false, "name": null}}, {"type": "Feature", "geometry": {"type": "LineString", "coordinates": [[30.5246006, 50.4342604], [30.524604, 50.4344516], [30.5246045, 50.4345142], [30.5246052, 50.4345787], [30.52461, 50.4349471], [30.5246308, 50.4350021], [30.524656, 50.4350686], [30.5246824, 50.4355791], [30.5246927, 50.4359283], [30.5246921, 50.4359535], [30.5246963, 50.4364085], [30.5246981, 50.4366751], [30.5247107, 50.4367775], [30.5248042, 50.4368968], [30.524985, 50.4370552], [30.5250396, 50.4371048]]}, "properties": {"osm_source_id": 1777991144, "osm_target_id": 26546669, "osm_key": 0, "length_m": 323.6917987311421, "highway_type": "residential", "speed_kph": 25, "oneway": false, "name": "\u0413\u043e\u0441\u043f\u0456\u0442\u0430\u043b\u044c\u043d\u0438\u0439 \u043f\u0440\u043e\u0432\u0443\u043b\u043e\u043a"}}, {"type": "Feature", "geometry": {"type": "LineString", "coordinates": [[30.5417122, 50.444289], [30.5418175, 50.4443896], [30.5423461, 50.444754], [30.5429285, 50.4451556], [30.5429337, 50.4452188], [30.5429244, 50.4452381], [30.5428969, 50.445269], [30.5428665, 50.4453418], [30.5429192, 50.4454102], [30.5434576, 50.4458246], [30.5434732, 50.4458754], [30.5435073, 50.4459525], [30.5436366, 50.4460514], [30.54364, 50.4461112], [30.5436083, 50.4461721], [30.543573, 50.4461984], [30.5434949, 50.4462566], [30.5431575, 50.4464735], [30.5430746, 50.4464927], [30.5429996, 50.4465291], [30.5428321, 50.4466739], [30.5427611, 50.4467297], [30.5427092, 50.4467996], [30.5426762, 50.4469219], [30.5425606, 50.4474309], [30.5425541, 50.4474963], [30.5425595, 50.4475321], [30.5425729, 50.4475637], [30.5426639, 50.4476284]]}, "properties": {"osm_source_id": 1781351346, "osm_target_id": 1781351371, "osm_key": 0, "length_m": 453.4189677276751, "highway_type": "unclassified", "speed_kph": 25, "oneway": false, "name": "\u0432\u0443\u043b\u0438\u0446\u044f \u0410\u043d\u0434\u0440\u0456\u044f \u041f\u0430\u0440\u0443\u0431\u0456\u044f"}}, {"type": "Feature", "geometry": {"type": "LineString", "coordinates": [[30.5417122, 50.444289], [30.5416033, 50.4443362], [30.5408599, 50.4447624], [30.540728, 50.444838], [30.5398227, 50.4453079]]}, "properties": {"osm_source_id": 1781351346, "osm_target_id": 10980710, "osm_key": 0, "length_m": 175.42706159236263, "highway_type": "secondary", "speed_kph": 45, "oneway": false, "name": "\u0432\u0443\u043b\u0438\u0446\u044f \u041c\u0438\u0445\u0430\u0439\u043b\u0430 \u0413\u0440\u0443\u0448\u0435\u0432\u0441\u044c\u043a\u043e\u0433\u043e"}}, {"type": "Feature", "geometry": {"type": "LineString", "coordinates": [[30.5417122, 50.444289], [30.5418665, 50.4442381], [30.5421114, 50.4441694], [30.542608, 50.4440417], [30.5428067, 50.4440032], [30.5430055, 50.4439815], [30.5434791, 50.443947], [30.5441166, 50.4438992], [30.544571, 50.443863], [30.5449255, 50.4438357], [30.5449921, 50.4438306], [30.5452209, 50.4438095], [30.545427, 50.4437681]]}, "properties": {"osm_source_id": 1781351346, "osm_target_id": 10980713, "osm_key": 0, "length_m": 271.51844532036205, "highway_type": "secondary", "speed_kph": 45, "oneway": false, "name": "\u0432\u0443\u043b\u0438\u0446\u044f \u041c\u0438\u0445\u0430\u0439\u043b\u0430 \u0413\u0440\u0443\u0448\u0435\u0432\u0441\u044c\u043a\u043e\u0433\u043e"}}, {"type": "Feature", "geometry": {"type": "LineString", "coordinates": [[30.5426639, 50.4476284], [30.5425729, 50.4475637], [30.5425595, 50.4475321], [30.5425541, 50.4474963], [30.5425606, 50.4474309], [30.5426762, 50.4469219], [30.5427092, 50.4467996], [30.5427611, 50.4467297], [30.5428321, 50.4466739], [30.5429996, 50.4465291], [30.5430746, 50.4464927], [30.5431575, 50.4464735], [30.5434949, 50.4462566], [30.543573, 50.4461984], [30.5436083, 50.4461721], [30.54364, 50.4461112], [30.5436366, 50.4460514], [30.5435073, 50.4459525], [30.5434732, 50.4458754], [30.5434576, 50.4458246], [30.5429192, 50.4454102], [30.5428665, 50.4453418], [30.5428969, 50.445269], [30.5429244, 50.4452381], [30.5429337, 50.4452188], [30.5429285, 50.4451556], [30.5423461, 50.444754], [30.5418175, 50.4443896], [30.5417122, 50.444289]]}, "properties": {"osm_source_id": 1781351371, "osm_target_id": 1781351346, "osm_key": 0, "length_m": 453.41896772767507, "highway_type": "unclassified", "speed_kph": 25, "oneway": false, "name": "\u0432\u0443\u043b\u0438\u0446\u044f \u0410\u043d\u0434\u0440\u0456\u044f \u041f\u0430\u0440\u0443\u0431\u0456\u044f"}}, {"type": "Feature", "geometry": {"type": "LineString", "coordinates": [[30.5426639, 50.4476284], [30.5423027, 50.4480428], [30.5422336, 50.4480776], [30.5421149, 50.4481413], [30.5411777, 50.4485117], [30.5409762, 50.4485845], [30.5405957, 50.4487391], [30.5405469, 50.4487589], [30.540531, 50.4487654], [30.5404644, 50.4487943], [30.5401648, 50.4489244], [30.5399254, 50.4490466], [30.539864, 50.4490923], [30.5397577, 50.4491959], [30.5396575, 50.4493437], [30.5394115, 50.449748], [30.5392742, 50.4499408], [30.5391535, 50.4500593], [30.5386142, 50.4504368], [30.5377369, 50.4509679], [30.5376781, 50.4509999], [30.5369922, 50.4513738], [30.5354649, 50.4522062], [30.5351592, 50.4523728], [30.5349172, 50.4524344], [30.5346568, 50.4524307], [30.5344028, 50.4523721], [30.5342798, 50.4523275], [30.5334301, 50.4520392], [30.5323448, 50.4516939], [30.5317852, 50.4515158], [30.5297788, 50.4508688], [30.5297033, 50.4508457], [30.5293716, 50.4507359]]}, "properties": {"osm_source_id": 1781351371, "osm_target_id": 4427104272, "osm_key": 0, "length_m": 1219.467632456391, "highway_type": "secondary", "speed_kph": 45, "oneway": false, "name": null}}, {"type": "Feature", "geometry": {"type": "LineString", "coordinates": [[30.5412917, 50.4318319], [30.541876, 50.4315083], [30.5419708, 50.4314558]]}, "properties": {"osm_source_id": 1782367722, "osm_target_id": 2610748148, "osm_key": 0, "length_m": 63.739277223283175, "highway_type": "residential", "speed_kph": 25, "oneway": true, "name": "\u043f\u0440\u043e\u0432\u0443\u043b\u043e\u043a \u0404\u0432\u0433\u0435\u043d\u0430 \u0413\u0443\u0446\u0430\u043b\u0430"}}, {"type": "Feature", "geometry": {"type": "LineString", "coordinates": [[30.5373539, 50.4329793], [30.5374967, 50.4334226], [30.537539, 50.4335539], [30.5375853, 50.4336974], [30.5376118, 50.4337796], [30.5376279, 50.4338297]]}, "properties": {"osm_source_id": 1782367768, "osm_target_id": 1782367778, "osm_key": 0, "length_m": 96.53124851328529, "highway_type": "residential", "speed_kph": 25, "oneway": false, "name": "\u043f\u0440\u043e\u0432\u0443\u043b\u043e\u043a \u041f\u0430\u043d\u0430\u0441\u0430 \u041c\u0438\u0440\u043d\u043e\u0433\u043e"}}, {"type": "Feature", "geometry": {"type": "LineString", "coordinates": [[30.5376279, 50.4338297], [30.5385887, 50.4336808], [30.5387925, 50.4336524], [30.539218, 50.4335914], [30.5395896, 50.4335329], [30.5405438, 50.4333939], [30.5405999, 50.4333862]]}, "properties": {"osm_source_id": 1782367778, "osm_target_id": 256239870, "osm_key": 0, "length_m": 216.20969411641408, "highway_type": "residential", "speed_kph": 25, "oneway": false, "name": "\u0432\u0443\u043b\u0438\u0446\u044f \u041f\u0430\u043d\u0430\u0441\u0430 \u041c\u0438\u0440\u043d\u043e\u0433\u043e"}}, {"type": "Feature", "geometry": {"type": "LineString", "coordinates": [[30.5376279, 50.4338297], [30.5362917, 50.4340238], [30.5355258, 50.4341351]]}, "properties": {"osm_source_id": 1782367778, "osm_target_id": 256239869, "osm_key": 0, "length_m": 152.71035407564978, "highway_type": "residential", "speed_kph": 25, "oneway": false, "name": "\u0432\u0443\u043b\u0438\u0446\u044f \u041f\u0430\u043d\u0430\u0441\u0430 \u041c\u0438\u0440\u043d\u043e\u0433\u043e"}}, {"type": "Feature", "geometry": {"type": "LineString", "coordinates": [[30.5376279, 50.4338297], [30.5376118, 50.4337796], [30.5375853, 50.4336974], [30.537539, 50.4335539], [30.5374967, 50.4334226], [30.5373539, 50.4329793]]}, "properties": {"osm_source_id": 1782367778, "osm_target_id": 1782367768, "osm_key": 0, "length_m": 96.53124851328529, "highway_type": "residential", "speed_kph": 25, "oneway": false, "name": "\u043f\u0440\u043e\u0432\u0443\u043b\u043e\u043a \u041f\u0430\u043d\u0430\u0441\u0430 \u041c\u0438\u0440\u043d\u043e\u0433\u043e"}}, {"type": "Feature", "geometry": {"type": "LineString", "coordinates": [[30.5270898, 50.4494577], [30.5271969, 50.4494071], [30.527389, 50.4493165], [30.5274084, 50.4493074], [30.5274586, 50.4492823], [30.5275064, 50.4492555], [30.5275517, 50.449227], [30.5275945, 50.4491969], [30.5276345, 50.4491653], [30.5276717, 50.4491324], [30.5276761, 50.4491279], [30.5277058, 50.4490981], [30.5284234, 50.4483325], [30.5284654, 50.4482903], [30.5285111, 50.4482497], [30.5285179, 50.4482443], [30.5285602, 50.4482108], [30.5286126, 50.4481737], [30.5286682, 50.4481385], [30.5287268, 50.4481053], [30.5287882, 50.4480742], [30.5288522, 50.4480454], [30.5292682, 50.4478688], [30.5293967, 50.4478142], [30.5292967, 50.4477471], [30.5290185, 50.4475596], [30.5281427, 50.4469699], [30.5280525, 50.4469092], [30.52756, 50.4465748], [30.5274627, 50.4465121]]}, "properties": {"osm_source_id": 1826053171, "osm_target_id": 26546297, "osm_key": 0, "length_m": 448.85285295291516, "highway_type": "residential", "speed_kph": 25, "oneway": false, "name": null}}, {"type": "Feature", "geometry": {"type": "LineString", "coordinates": [[30.5462113, 50.4433466], [30.5461549, 50.4433159], [30.5461132, 50.4432975], [30.5457126, 50.4431415], [30.5453546, 50.4430022], [30.5452605, 50.4429702], [30.5451817, 50.4429484], [30.5451624, 50.4429504], [30.5451117, 50.4429555], [30.5450716, 50.4429606], [30.5450063, 50.4429688]]}, "properties": {"osm_source_id": 1835828687, "osm_target_id": 26304257, "osm_key": 0, "length_m": 98.07298694580251, "highway_type": "residential", "speed_kph": 25, "oneway": false, "name": "\u0406\u043d\u0436\u0435\u043d\u0435\u0440\u043d\u0438\u0439 \u043f\u0440\u043e\u0432\u0443\u043b\u043e\u043a"}}, {"type": "Feature", "geometry": {"type": "LineString", "coordinates": [[30.5462113, 50.4433466], [30.5461131, 50.4434133], [30.5460041, 50.4434873], [30.5458917, 50.4435636], [30.5457336, 50.4436709], [30.5456198, 50.4437158], [30.545427, 50.4437681]]}, "properties": {"osm_source_id": 1835828687, "osm_target_id": 10980713, "osm_key": 0, "length_m": 73.76308507917958, "highway_type": "secondary", "speed_kph": 45, "oneway": false, "name": "\u0432\u0443\u043b\u0438\u0446\u044f \u0406\u0432\u0430\u043d\u0430 \u041c\u0430\u0437\u0435\u043f\u0438"}}, {"type": "Feature", "geometry": {"type": "LineString", "coordinates": [[30.5462113, 50.4433466], [30.5467177, 50.4430222], [30.547051, 50.4428129], [30.5476485, 50.4424376], [30.5480157, 50.442199], [30.5484104, 50.4419307]]}, "properties": {"osm_source_id": 1835828687, "osm_target_id": 946606603, "osm_key": 0, "length_m": 221.47032882401646, "highway_type": "secondary", "speed_kph": 45, "oneway": false, "name": "\u0432\u0443\u043b\u0438\u0446\u044f \u0406\u0432\u0430\u043d\u0430 \u041c\u0430\u0437\u0435\u043f\u0438"}}, {"type": "Feature", "geometry": {"type": "LineString", "coordinates": [[30.546411, 50.4385177], [30.5463135, 50.4385171], [30.5448206, 50.4385084], [30.5447872, 50.4385076], [30.5447437, 50.4385071]]}, "properties": {"osm_source_id": 1889465647, "osm_target_id": 268442491, "osm_key": 0, "length_m": 118.08645451929078, "highway_type": "residential", "speed_kph": 25, "oneway": true, "name": "\u0425\u0440\u0435\u0441\u0442\u043e\u0432\u0438\u0439 \u043f\u0440\u043e\u0432\u0443\u043b\u043e\u043a"}}, {"type": "Feature", "geometry": {"type": "LineString", "coordinates": [[30.4976461, 50.4458761], [30.4977019, 50.4458889], [30.4977531, 50.4459043], [30.4977965, 50.4459362], [30.4978144, 50.4459649], [30.4978262, 50.445988], [30.4978257, 50.446015], [30.4978013, 50.4460509], [30.4977388, 50.4460889], [30.4976887, 50.4461131]]}, "properties": {"osm_source_id": 1889465648, "osm_target_id": 546450891, "osm_key": 0, "length_m": 36.96106512780008, "highway_type": "primary_link", "speed_kph": 40, "oneway": true, "name": null}}, {"type": "Feature", "geometry": {"type": "LineString", "coordinates": [[30.4976461, 50.4458761], [30.4979083, 50.4458349], [30.498224, 50.4457854], [30.4985515, 50.4457332], [30.4989218, 50.4456752], [30.5007929, 50.4453725]]}, "properties": {"osm_source_id": 1889465648, "osm_target_id": 546450898, "osm_key": 0, "length_m": 229.7553072499308, "highway_type": "primary", "speed_kph": 55, "oneway": true, "name": "\u0431\u0443\u043b\u044c\u0432\u0430\u0440 \u0422\u0430\u0440\u0430\u0441\u0430 \u0428\u0435\u0432\u0447\u0435\u043d\u043a\u0430"}}, {"type": "Feature", "geometry": {"type": "LineString", "coordinates": [[30.534402, 50.4437618], [30.5345197, 50.4436963], [30.5346286, 50.4436357]]}, "properties": {"osm_source_id": 1909610036, "osm_target_id": 2667092966, "osm_key": 0, "length_m": 21.309382594603164, "highway_type": "residential", "speed_kph": 25, "oneway": false, "name": "\u041b\u0438\u043f\u0441\u044c\u043a\u0438\u0439 \u043f\u0440\u043e\u0432\u0443\u043b\u043e\u043a"}}, {"type": "Feature", "geometry": {"type": "LineString", "coordinates": [[30.534402, 50.4437618], [30.5341207, 50.4435561], [30.533862, 50.4433669], [30.5330979, 50.4428082], [30.5329997, 50.4427363]]}, "properties": {"osm_source_id": 1909610036, "osm_target_id": 601265975, "osm_key": 0, "length_m": 151.20804282623737, "highway_type": "residential", "speed_kph": 25, "oneway": true, "name": "\u041b\u0438\u043f\u0441\u044c\u043a\u0430 \u0432\u0443\u043b\u0438\u0446\u044f"}}, {"type": "Feature", "geometry": {"type": "LineString", "coordinates": [[30.5246218, 50.4671309], [30.5248123, 50.4663572]]}, "properties": {"osm_source_id": 1974989130, "osm_target_id": 26394235, "osm_key": 0, "length_m": 87.08181350211308, "highway_type": "primary", "speed_kph": 55, "oneway": true, "name": "\u041d\u0430\u0431\u0435\u0440\u0435\u0436\u043d\u043e-\u0425\u0440\u0435\u0449\u0430\u0442\u0438\u0446\u044c\u043a\u0430 \u0432\u0443\u043b\u0438\u0446\u044f"}}, {"type": "Feature", "geometry": {"type": "LineString", "coordinates": [[30.5303823, 50.450059], [30.5318045, 50.4493926]]}, "properties": {"osm_source_id": 2055689370, "osm_target_id": 782137157, "osm_key": 0, "length_m": 125.02341599470344, "highway_type": "secondary", "speed_kph": 45, "oneway": false, "name": "\u0432\u0443\u043b\u0438\u0446\u044f \u041c\u0438\u0445\u0430\u0439\u043b\u0430 \u0413\u0440\u0443\u0448\u0435\u0432\u0441\u044c\u043a\u043e\u0433\u043e"}}, {"type": "Feature", "geometry": {"type": "LineString", "coordinates": [[30.5303823, 50.450059], [30.5298318, 50.4503065], [30.5297363, 50.4503521]]}, "properties": {"osm_source_id": 2055689370, "osm_target_id": 2055689372, "osm_key": 0, "length_m": 56.16558409756719, "highway_type": "secondary", "speed_kph": 45, "oneway": false, "name": "\u0432\u0443\u043b\u0438\u0446\u044f \u041c\u0438\u0445\u0430\u0439\u043b\u0430 \u0413\u0440\u0443\u0448\u0435\u0432\u0441\u044c\u043a\u043e\u0433\u043e"}}, {"type": "Feature", "geometry": {"type": "LineString", "coordinates": [[30.5297363, 50.4503521], [30.5296979, 50.4504163], [30.5296523, 50.4504676], [30.5293716, 50.4507359]]}, "properties": {"osm_source_id": 2055689372, "osm_target_id": 4427104272, "osm_key": 0, "length_m": 50.04094937300842, "highway_type": "secondary", "speed_kph": 45, "oneway": true, "name": "\u0432\u0443\u043b\u0438\u0446\u044f \u041c\u0438\u0445\u0430\u0439\u043b\u0430 \u0413\u0440\u0443\u0448\u0435\u0432\u0441\u044c\u043a\u043e\u0433\u043e"}}, {"type": "Feature", "geometry": {"type": "LineString", "coordinates": [[30.5297363, 50.4503521], [30.5298318, 50.4503065], [30.5303823, 50.450059]]}, "properties": {"osm_source_id": 2055689372, "osm_target_id": 2055689370, "osm_key": 0, "length_m": 56.16558409756719, "highway_type": "secondary", "speed_kph": 45, "oneway": false, "name": "\u0432\u0443\u043b\u0438\u0446\u044f \u041c\u0438\u0445\u0430\u0439\u043b\u0430 \u0413\u0440\u0443\u0448\u0435\u0432\u0441\u044c\u043a\u043e\u0433\u043e"}}, {"type": "Feature", "geometry": {"type": "LineString", "coordinates": [[30.5297363, 50.4503521], [30.5296862, 50.4503393], [30.5296507, 50.4503233], [30.5296336, 50.4503133], [30.5296151, 50.4503028], [30.5296048, 50.4502749], [30.5296368, 50.4502345], [30.5299323, 50.4498488]]}, "properties": {"osm_source_id": 2055689372, "osm_target_id": 1625069774, "osm_key": 0, "length_m": 66.2375622349208, "highway_type": "residential", "speed_kph": 25, "oneway": true, "name": "\u041c\u0443\u0437\u0435\u0439\u043d\u0438\u0439 \u043f\u0440\u043e\u0432\u0443\u043b\u043e\u043a"}}, {"type": "Feature", "geometry": {"type": "LineString", "coordinates": [[30.5078137, 50.4625542], [30.5075295, 50.4627202], [30.5075076, 50.4627334], [30.5074522, 50.4627671]]}, "properties": {"osm_source_id": 2074576915, "osm_target_id": 6047288168, "osm_key": 0, "length_m": 34.8609562701766, "highway_type": "living_street", "speed_kph": 15, "oneway": true, "name": "\u0412\u043e\u0437\u0434\u0432\u0438\u0436\u0435\u043d\u0441\u044c\u043a\u0430 \u0432\u0443\u043b\u0438\u0446\u044f"}}, {"type": "Feature", "geometry": {"type": "LineString", "coordinates": [[30.5078137, 50.4625542], [30.5084896, 50.4629834], [30.5088234, 50.4632077], [30.5091643, 50.4634367], [30.5093102, 50.4635347], [30.5098347, 50.4638872], [30.5098986, 50.463929], [30.5099502, 50.4639673], [30.5102006, 50.4641291], [30.5099772, 50.4642717], [30.5099287, 50.4642997], [30.5098709, 50.4643386]]}, "properties": {"osm_source_id": 2074576915, "osm_target_id": 3473013144, "osm_key": 0, "length_m": 276.3476407212931, "highway_type": "living_street", "speed_kph": 15, "oneway": false, "name": "\u0412\u043e\u0437\u0434\u0432\u0438\u0436\u0435\u043d\u0441\u044c\u043a\u0438\u0439 \u043f\u0440\u043e\u0432\u0443\u043b\u043e\u043a"}}, {"type": "Feature", "geometry": {"type": "LineString", "coordinates": [[30.5181036, 50.4579106], [30.5188164, 50.4580434]]}, "properties": {"osm_source_id": 2074579749, "osm_target_id": 784035319, "osm_key": 0, "length_m": 52.57659741528291, "highway_type": "residential", "speed_kph": 25, "oneway": true, "name": null}}, {"type": "Feature", "geometry": {"type": "LineString", "coordinates": [[30.5181036, 50.4579106], [30.5182689, 50.4583403]]}, "properties": {"osm_source_id": 2074579749, "osm_target_id": 26201544, "osm_key": 0, "length_m": 49.192596908220764, "highway_type": "residential", "speed_kph": 25, "oneway": false, "name": "\u0412\u043e\u043b\u043e\u0434\u0438\u043c\u0438\u0440\u0441\u044c\u043a\u0430 \u0432\u0443\u043b\u0438\u0446\u044f"}}, {"type": "Feature", "geometry": {"type": "LineString", "coordinates": [[30.5181036, 50.4579106], [30.518066, 50.4578249], [30.5179603, 50.4575578], [30.5178984, 50.4574015], [30.5178106, 50.4571817], [30.5177865, 50.457121], [30.5177602, 50.4570548], [30.5177316, 50.4569782], [30.5176175, 50.4566868], [30.5176042, 50.4566515], [30.5173814, 50.4560597], [30.5173654, 50.45602], [30.5172896, 50.4558314], [30.5171673, 50.455527], [30.5171211, 50.4554032]]}, "properties": {"osm_source_id": 2074579749, "osm_target_id": 26201292, "osm_key": 0, "length_m": 287.36542285787516, "highway_type": "residential", "speed_kph": 25, "oneway": false, "name": "\u0412\u043e\u043b\u043e\u0434\u0438\u043c\u0438\u0440\u0441\u044c\u043a\u0430 \u0432\u0443\u043b\u0438\u0446\u044f"}}, {"type": "Feature", "geometry": {"type": "LineString", "coordinates": [[30.520524, 50.4550842], [30.5206259, 50.4550119], [30.5209779, 50.4545862], [30.5210693, 50.4544679], [30.5211012, 50.4544249], [30.5212769, 50.4541887], [30.5215717, 50.4537876], [30.5216228, 50.45372]]}, "properties": {"osm_source_id": 2283050232, "osm_target_id": 26303123, "osm_key": 0, "length_m": 170.88950329275167, "highway_type": "secondary", "speed_kph": 45, "oneway": false, "name": "\u041c\u0438\u0445\u0430\u0439\u043b\u0456\u0432\u0441\u044c\u043a\u0430 \u0432\u0443\u043b\u0438\u0446\u044f"}}, {"type": "Feature", "geometry": {"type": "LineString", "coordinates": [[30.520524, 50.4550842], [30.5203776, 50.4551516], [30.5201772, 50.4552165], [30.5199672, 50.455261]]}, "properties": {"osm_source_id": 2283050232, "osm_target_id": 26201546, "osm_key": 0, "length_m": 44.37663464362942, "highway_type": "secondary", "speed_kph": 45, "oneway": false, "name": "\u041c\u0438\u0445\u0430\u0439\u043b\u0456\u0432\u0441\u044c\u043a\u0430 \u043f\u043b\u043e\u0449\u0430"}}, {"type": "Feature", "geometry": {"type": "LineString", "coordinates": [[30.5247802, 50.4590972], [30.5245753, 50.4592325]]}, "properties": {"osm_source_id": 2439276436, "osm_target_id": 12674028764, "osm_key": 0, "length_m": 20.898171071635698, "highway_type": "primary", "speed_kph": 55, "oneway": false, "name": "\u0432\u0443\u043b\u0438\u0446\u044f \u041f\u0435\u0442\u0440\u0430 \u0421\u0430\u0433\u0430\u0439\u0434\u0430\u0447\u043d\u043e\u0433\u043e"}}, {"type": "Feature", "geometry": {"type": "LineString", "coordinates": [[30.5247802, 50.4590972], [30.5247781, 50.4592243], [30.5247876, 50.4592929], [30.5248026, 50.4593284], [30.5248408, 50.4593718], [30.5261543, 50.460181], [30.5262053, 50.4602163], [30.5262495, 50.4602533], [30.5262897, 50.4602954], [30.5263259, 50.4603426], [30.5263567, 50.460389], [30.5263808, 50.4604354], [30.5263969, 50.4604869], [30.5264062, 50.4605367], [30.5263961, 50.4606425], [30.5263779, 50.460747], [30.5263389, 50.4609522], [30.5262947, 50.4611726], [30.5260607, 50.4622998], [30.5258988, 50.4628037], [30.5256657, 50.4633504]]}, "properties": {"osm_source_id": 2439276436, "osm_target_id": 970413195, "osm_key": 0, "length_m": 522.8492439499026, "highway_type": "primary_link", "speed_kph": 40, "oneway": true, "name": "\u0411\u043e\u0440\u0438\u0447\u0456\u0432 \u0443\u0437\u0432\u0456\u0437"}}, {"type": "Feature", "geometry": {"type": "LineString", "coordinates": [[30.5247802, 50.4590972], [30.5247205, 50.4591723], [30.5246792, 50.4592253], [30.5246706, 50.4592578], [30.5246701, 50.4592971], [30.5246863, 50.459333], [30.5247025, 50.4593638], [30.5247281, 50.4593937], [30.5247591, 50.459422], [30.5255887, 50.4599387], [30.5256718, 50.4599669], [30.5257685, 50.4599747], [30.5258662, 50.4599602], [30.5259429, 50.4599379], [30.5259819, 50.4599206], [30.5260023, 50.4599095], [30.5260499, 50.4598762], [30.5261042, 50.4598247], [30.5261347, 50.4597822]]}, "properties": {"osm_source_id": 2439276436, "osm_target_id": 11554754511, "osm_key": 0, "length_m": 170.51842615059047, "highway_type": "primary_link", "speed_kph": 40, "oneway": true, "name": "\u0411\u043e\u0440\u0438\u0447\u0456\u0432 \u0443\u0437\u0432\u0456\u0437"}}, {"type": "Feature", "geometry": {"type": "LineString", "coordinates": [[30.5247802, 50.4590972], [30.5249326, 50.4589966], [30.5250849, 50.4588959], [30.5251461, 50.4588555], [30.5255564, 50.4585872], [30.525873, 50.4583802], [30.5260502, 50.4582585], [30.526298, 50.4580807], [30.5267025, 50.4577507], [30.5269494, 50.4575408], [30.5272239, 50.4572974], [30.5275287, 50.4570257], [30.5276823, 50.4568612], [30.5278113, 50.4567124], [30.5279231, 50.456567], [30.5280048, 50.4564198], [30.528057, 50.4562887], [30.5280694, 50.4562101], [30.5280726, 50.4561168], [30.5280567, 50.4560231], [30.5280144, 50.4559175], [30.5279456, 50.4557999], [30.5278342, 50.4556555], [30.5277284, 50.4555163], [30.5276563, 50.4553737], [30.5275959, 50.4552013], [30.5275691, 50.4550666], [30.52755, 50.4549237], [30.5275522, 50.4546299], [30.5275578, 50.4545184], [30.5275855, 50.4543685], [30.5276245, 50.4541531], [30.527757, 50.4535442]]}, "properties": {"osm_source_id": 2439276436, "osm_target_id": 740862084, "osm_key": 0, "length_m": 705.1617129983122, "highway_type": "primary", "speed_kph": 55, "oneway": false, "name": null}}, {"type": "Feature", "geometry": {"type": "LineString", "coordinates": [[30.5260064, 50.4605697], [30.525935, 50.460364], [30.5258798, 50.4602718], [30.5258469, 50.4602299], [30.5258032, 50.4601932], [30.5254337, 50.4599663], [30.5247159, 50.459546]]}, "properties": {"osm_source_id": 2439280164, "osm_target_id": 12674028765, "osm_key": 0, "length_m": 150.10424546877385, "highway_type": "primary", "speed_kph": 55, "oneway": true, "name": "\u0411\u043e\u0440\u0438\u0447\u0456\u0432 \u0443\u0437\u0432\u0456\u0437"}}, {"type": "Feature", "geometry": {"type": "LineString", "coordinates": [[30.5260064, 50.4605697], [30.5261128, 50.4599129], [30.5261347, 50.4597822]]}, "properties": {"osm_source_id": 2439280164, "osm_target_id": 11554754511, "osm_key": 0, "length_m": 88.03593289780075, "highway_type": "primary", "speed_kph": 55, "oneway": true, "name": "\u041d\u0430\u0431\u0435\u0440\u0435\u0436\u043d\u043e-\u0425\u0440\u0435\u0449\u0430\u0442\u0438\u0446\u044c\u043a\u0430 \u0432\u0443\u043b\u0438\u0446\u044f"}}, {"type": "Feature", "geometry": {"type": "LineString", "coordinates": [[30.5086564, 50.4551606], [30.5081116, 50.4551653]]}, "properties": {"osm_source_id": 2462504913, "osm_target_id": 1069210700, "osm_key": 0, "length_m": 38.573143127046464, "highway_type": "secondary", "speed_kph": 45, "oneway": false, "name": "\u0412\u0435\u043b\u0438\u043a\u0430 \u0416\u0438\u0442\u043e\u043c\u0438\u0440\u0441\u044c\u043a\u0430 \u0432\u0443\u043b\u0438\u0446\u044f"}}, {"type": "Feature", "geometry": {"type": "LineString", "coordinates": [[30.5086564, 50.4551606], [30.5086968, 50.4552325], [30.5086989, 50.455384]]}, "properties": {"osm_source_id": 2462504913, "osm_target_id": 2462504917, "osm_key": 0, "length_m": 25.337843035041836, "highway_type": "living_street", "speed_kph": 15, "oneway": false, "name": "\u041f\u0435\u0439\u0437\u0430\u0436\u043d\u0430 \u0430\u043b\u0435\u044f"}}, {"type": "Feature", "geometry": {"type": "LineString", "coordinates": [[30.5086564, 50.4551606], [30.5090932, 50.4551752], [30.5098057, 50.4552124], [30.5103455, 50.4552481], [30.5109701, 50.4552895], [30.5115733, 50.4553316], [30.5116468, 50.4553343]]}, "properties": {"osm_source_id": 2462504913, "osm_target_id": 26546063, "osm_key": 0, "length_m": 212.6286798830803, "highway_type": "secondary", "speed_kph": 45, "oneway": false, "name": "\u0412\u0435\u043b\u0438\u043a\u0430 \u0416\u0438\u0442\u043e\u043c\u0438\u0440\u0441\u044c\u043a\u0430 \u0432\u0443\u043b\u0438\u0446\u044f"}}, {"type": "Feature", "geometry": {"type": "LineString", "coordinates": [[30.5086989, 50.455384], [30.5086968, 50.4552325], [30.5086564, 50.4551606]]}, "properties": {"osm_source_id": 2462504917, "osm_target_id": 2462504913, "osm_key": 0, "length_m": 25.337843035041836, "highway_type": "living_street", "speed_kph": 15, "oneway": false, "name": "\u041f\u0435\u0439\u0437\u0430\u0436\u043d\u0430 \u0430\u043b\u0435\u044f"}}, {"type": "Feature", "geometry": {"type": "LineString", "coordinates": [[30.5053398, 50.4576599], [30.505908, 50.4575212], [30.5059675, 50.4575072]]}, "properties": {"osm_source_id": 2477465554, "osm_target_id": 648875004, "osm_key": 0, "length_m": 47.57012699993674, "highway_type": "residential", "speed_kph": 25, "oneway": false, "name": "\u041a\u0443\u0434\u0440\u044f\u0432\u0441\u044c\u043a\u0430 \u0432\u0443\u043b\u0438\u0446\u044f"}}, {"type": "Feature", "geometry": {"type": "LineString", "coordinates": [[30.5052433, 50.4576812], [30.5052122, 50.4576903], [30.5051093, 50.4577364], [30.5050677, 50.4577551], [30.5050659, 50.4578916], [30.5049996, 50.4580538], [30.5044452, 50.4583191], [30.5040422, 50.4585236], [30.5039658, 50.458562], [30.5035151, 50.4587952], [30.5031691, 50.4588106], [30.5030648, 50.4588397], [30.5028975, 50.4589223], [30.5017786, 50.4594742], [30.5009933, 50.4591784], [30.5009019, 50.459144], [30.5003689, 50.4590007], [30.5004786, 50.4587899], [30.5006708, 50.4584247], [30.5007881, 50.458195], [30.5008028, 50.4581667], [30.5009413, 50.4579004], [30.5012264, 50.4575198], [30.5013966, 50.4572756], [30.5014363, 50.4572191], [30.5014872, 50.4571397]]}, "properties": {"osm_source_id": 2477471665, "osm_target_id": 9273369976, "osm_key": 0, "length_m": 665.0995677818875, "highway_type": "residential", "speed_kph": 25, "oneway": false, "name": "\u041a\u0443\u0434\u0440\u044f\u0432\u0441\u044c\u043a\u0430 \u0432\u0443\u043b\u0438\u0446\u044f"}}, {"type": "Feature", "geometry": {"type": "LineString", "coordinates": [[30.5242451, 50.4594409], [30.5244022, 50.4593468]]}, "properties": {"osm_source_id": 2509773981, "osm_target_id": 26201571, "osm_key": 0, "length_m": 15.269625811944284, "highway_type": "tertiary", "speed_kph": 40, "oneway": false, "name": "\u0432\u0443\u043b\u0438\u0446\u044f \u041f\u0435\u0442\u0440\u0430 \u0421\u0430\u0433\u0430\u0439\u0434\u0430\u0447\u043d\u043e\u0433\u043e"}}, {"type": "Feature", "geometry": {"type": "LineString", "coordinates": [[30.5242451, 50.4594409], [30.5231094, 50.4601873], [30.5230304, 50.4602387]]}, "properties": {"osm_source_id": 2509773981, "osm_target_id": 10252932949, "osm_key": 0, "length_m": 123.5457524529256, "highway_type": "tertiary", "speed_kph": 40, "oneway": false, "name": "\u0432\u0443\u043b\u0438\u0446\u044f \u041f\u0435\u0442\u0440\u0430 \u0421\u0430\u0433\u0430\u0439\u0434\u0430\u0447\u043d\u043e\u0433\u043e"}}, {"type": "Feature", "geometry": {"type": "LineString", "coordinates": [[30.5054865, 50.434111], [30.5055719, 50.4339943]]}, "properties": {"osm_source_id": 2522195122, "osm_target_id": 26546563, "osm_key": 0, "length_m": 14.316949660741411, "highway_type": "secondary", "speed_kph": 45, "oneway": true, "name": "\u041a\u043e\u0440\u043e\u043b\u0435\u043d\u043a\u0456\u0432\u0441\u044c\u043a\u0430 \u0432\u0443\u043b\u0438\u0446\u044f"}}, {"type": "Feature", "geometry": {"type": "LineString", "coordinates": [[30.5054865, 50.434111], [30.5055291, 50.4340958], [30.5055443, 50.4340915], [30.505557, 50.4340915], [30.505572, 50.4340925], [30.5055899, 50.4341001], [30.5056122, 50.4341137]]}, "properties": {"osm_source_id": 2522195122, "osm_target_id": 2522195124, "osm_key": 0, "length_m": 10.314419774628199, "highway_type": "secondary_link", "speed_kph": 35, "oneway": true, "name": null}}, {"type": "Feature", "geometry": {"type": "LineString", "coordinates": [[30.5056122, 50.4341137], [30.5057864, 50.4344925], [30.5058143, 50.434553]]}, "properties": {"osm_source_id": 2522195124, "osm_target_id": 10980674, "osm_key": 0, "length_m": 50.90208410025925, "highway_type": "secondary", "speed_kph": 45, "oneway": true, "name": "\u0422\u0430\u0440\u0430\u0441\u0456\u0432\u0441\u044c\u043a\u0430 \u0432\u0443\u043b\u0438\u0446\u044f"}}, {"type": "Feature", "geometry": {"type": "LineString", "coordinates": [[30.5132696, 50.4572417], [30.5133488, 50.4575761]]}, "properties": {"osm_source_id": 2534325468, "osm_target_id": 355413638, "osm_key": 0, "length_m": 37.60397105769491, "highway_type": "living_street", "speed_kph": 15, "oneway": false, "name": "\u0413\u043e\u043d\u0447\u0430\u0440\u043d\u0430 \u0432\u0443\u043b\u0438\u0446\u044f"}}, {"type": "Feature", "geometry": {"type": "LineString", "coordinates": [[30.5362881, 50.4403324], [30.5368237, 50.4407638], [30.5365208, 50.4409201], [30.5364929, 50.4409344], [30.5364091, 50.4409776], [30.5362643, 50.4410523], [30.5351329, 50.4416359], [30.5350342, 50.4416869], [30.5349376, 50.4417366]]}, "properties": {"osm_source_id": 2582051572, "osm_target_id": 256367088, "osm_key": 0, "length_m": 233.0289411487136, "highway_type": "residential", "speed_kph": 25, "oneway": false, "name": null}}, {"type": "Feature", "geometry": {"type": "LineString", "coordinates": [[30.5362881, 50.4403324], [30.5361685, 50.4403129], [30.5360254, 50.440236], [30.536014, 50.4401948], [30.5360653, 50.4401097]]}, "properties": {"osm_source_id": 2582051572, "osm_target_id": 26546727, "osm_key": 0, "length_m": 36.79057245443902, "highway_type": "residential", "speed_kph": 25, "oneway": true, "name": "\u043f\u0440\u043e\u0432\u0443\u043b\u043e\u043a \u041a\u043e\u0441\u0442\u044f \u0413\u043e\u0440\u0434\u0456\u0454\u043d\u043a\u0430"}}, {"type": "Feature", "geometry": {"type": "LineString", "coordinates": [[30.5235224, 50.4547808], [30.5242803, 50.4545432], [30.5245144, 50.4544688], [30.5245747, 50.4544481], [30.5246161, 50.4544319], [30.524651, 50.4544132], [30.5246762, 50.4543997], [30.524715, 50.4543749], [30.5247498, 50.4543472], [30.5249178, 50.454161], [30.5253979, 50.453576], [30.525482, 50.4534734]]}, "properties": {"osm_source_id": 2607878567, "osm_target_id": 26303179, "osm_key": 0, "length_m": 210.1607611296897, "highway_type": "residential", "speed_kph": 25, "oneway": false, "name": "\u0422\u0440\u044c\u043e\u0445\u0441\u0432\u044f\u0442\u0438\u0442\u0435\u043b\u044c\u0441\u044c\u043a\u0430 \u0432\u0443\u043b\u0438\u0446\u044f"}}, {"type": "Feature", "geometry": {"type": "LineString", "coordinates": [[30.5419708, 50.4314558], [30.5424351, 50.4312029], [30.542683, 50.4310628], [30.5429303, 50.4309248], [30.5429579, 50.4309098], [30.543036, 50.4308674]]}, "properties": {"osm_source_id": 2610748148, "osm_target_id": 256239961, "osm_key": 0, "length_m": 99.87022639992256, "highway_type": "residential", "speed_kph": 25, "oneway": true, "name": "\u043f\u0440\u043e\u0432\u0443\u043b\u043e\u043a \u0404\u0432\u0433\u0435\u043d\u0430 \u0413\u0443\u0446\u0430\u043b\u0430"}}, {"type": "Feature", "geometry": {"type": "LineString", "coordinates": [[30.5419708, 50.4314558], [30.5420128, 50.4314878], [30.5420298, 50.4315674], [30.5420491, 50.4316579], [30.5421286, 50.4320028], [30.5421849, 50.432261]]}, "properties": {"osm_source_id": 2610748148, "osm_target_id": 256239862, "osm_key": 0, "length_m": 91.47482867775656, "highway_type": "residential", "speed_kph": 25, "oneway": false, "name": "\u041f\u0435\u0447\u0435\u0440\u0441\u044c\u043a\u0430 \u043f\u043b\u043e\u0449\u0430"}}, {"type": "Feature", "geometry": {"type": "LineString", "coordinates": [[30.5346286, 50.4436357], [30.5345197, 50.4436963], [30.534402, 50.4437618]]}, "properties": {"osm_source_id": 2667092966, "osm_target_id": 1909610036, "osm_key": 0, "length_m": 21.309382594603164, "highway_type": "residential", "speed_kph": 25, "oneway": false, "name": "\u041b\u0438\u043f\u0441\u044c\u043a\u0438\u0439 \u043f\u0440\u043e\u0432\u0443\u043b\u043e\u043a"}}, {"type": "Feature", "geometry": {"type": "LineString", "coordinates": [[30.5346286, 50.4436357], [30.5346906, 50.4436826], [30.5347508, 50.4437296], [30.5352598, 50.4441265], [30.5353563, 50.4442017], [30.535516, 50.4443262], [30.5360615, 50.4447515], [30.5362226, 50.4448772], [30.5363266, 50.4449555]]}, "properties": {"osm_source_id": 2667092966, "osm_target_id": 601265997, "osm_key": 0, "length_m": 189.7244814218451, "highway_type": "residential", "speed_kph": 25, "oneway": true, "name": "\u041b\u0438\u043f\u0441\u044c\u043a\u0430 \u0432\u0443\u043b\u0438\u0446\u044f"}}, {"type": "Feature", "geometry": {"type": "LineString", "coordinates": [[30.5260699, 50.440034], [30.5253443, 50.4404289], [30.5252031, 50.4405063], [30.5251311, 50.4405417], [30.5250592, 50.4406166], [30.5249276, 50.4408236], [30.5248765, 50.4409018], [30.5247633, 50.4410915], [30.5240363, 50.4423976], [30.5239801, 50.4424986], [30.5239522, 50.4425507]]}, "properties": {"osm_source_id": 2683070237, "osm_target_id": 601265505, "osm_key": 0, "length_m": 325.9278867751578, "highway_type": "residential", "speed_kph": 25, "oneway": false, "name": "\u0432\u0443\u043b\u0438\u0446\u044f \u041a\u0440\u043e\u043f\u0438\u0432\u043d\u0438\u0446\u044c\u043a\u043e\u0433\u043e"}}, {"type": "Feature", "geometry": {"type": "LineString", "coordinates": [[30.5141916, 50.461928], [30.5145699, 50.4621808], [30.514989, 50.4624552], [30.5150341, 50.4624847]]}, "properties": {"osm_source_id": 2763664955, "osm_target_id": 26318793, "osm_key": 0, "length_m": 85.9570733730926, "highway_type": "residential", "speed_kph": 25, "oneway": false, "name": "\u0424\u0440\u043e\u043b\u0456\u0432\u0441\u044c\u043a\u0430 \u0432\u0443\u043b\u0438\u0446\u044f"}}, {"type": "Feature", "geometry": {"type": "LineString", "coordinates": [[30.5144909, 50.4569559], [30.5142372, 50.4570957], [30.5136313, 50.4574199], [30.5133488, 50.4575761]]}, "properties": {"osm_source_id": 2773309260, "osm_target_id": 355413638, "osm_key": 0, "length_m": 106.27183907411289, "highway_type": "living_street", "speed_kph": 15, "oneway": false, "name": "\u0413\u043e\u043d\u0447\u0430\u0440\u043d\u0430 \u0432\u0443\u043b\u0438\u0446\u044f"}}, {"type": "Feature", "geometry": {"type": "LineString", "coordinates": [[30.5279034, 50.435622], [30.527565, 50.4358964], [30.527328, 50.4360886], [30.5265154, 50.4364517], [30.525274, 50.4370064], [30.5250396, 50.4371048]]}, "properties": {"osm_source_id": 2875388411, "osm_target_id": 26546669, "osm_key": 0, "length_m": 263.55723730204477, "highway_type": "residential", "speed_kph": 25, "oneway": false, "name": "\u0413\u043e\u0441\u043f\u0456\u0442\u0430\u043b\u044c\u043d\u0430 \u0432\u0443\u043b\u0438\u0446\u044f"}}, {"type": "Feature", "geometry": {"type": "LineString", "coordinates": [[30.5447707, 50.4419037], [30.544834, 50.4419018], [30.5449017, 50.4418996], [30.5452541, 50.4418845], [30.5454949, 50.4418742], [30.5456146, 50.4418318], [30.5457257, 50.4416209], [30.5458303, 50.4414223]]}, "properties": {"osm_source_id": 2933850361, "osm_target_id": 601726410, "osm_key": 0, "length_m": 109.11859083836521, "highway_type": "residential", "speed_kph": 25, "oneway": true, "name": "\u041b\u0435\u0432\u0430\u043d\u0434\u043e\u0432\u0441\u044c\u043a\u0430 \u0432\u0443\u043b\u0438\u0446\u044f"}}, {"type": "Feature", "geometry": {"type": "LineString", "coordinates": [[30.5447707, 50.4419037], [30.5447713, 50.4418192], [30.544755, 50.4414479], [30.5447443, 50.4410628], [30.5447335, 50.4408214], [30.5447135, 50.4403872], [30.5447143, 50.4402095], [30.544714, 50.4400825], [30.5447137, 50.4399436], [30.5447091, 50.439361], [30.5447213, 50.4392187]]}, "properties": {"osm_source_id": 2933850361, "osm_target_id": 268442486, "osm_key": 0, "length_m": 298.6378990378022, "highway_type": "secondary", "speed_kph": 45, "oneway": true, "name": "\u0432\u0443\u043b\u0438\u0446\u044f \u041a\u043d\u044f\u0437\u0456\u0432 \u041e\u0441\u0442\u0440\u043e\u0437\u044c\u043a\u0438\u0445"}}, {"type": "Feature", "geometry": {"type": "LineString", "coordinates": [[30.5484751, 50.4411045], [30.5486736, 50.4408278], [30.548716, 50.4407695], [30.549087, 50.440259], [30.5491327, 50.440195]]}, "properties": {"osm_source_id": 2933873159, "osm_target_id": 601726690, "osm_key": 0, "length_m": 111.33949614487847, "highway_type": "residential", "speed_kph": 25, "oneway": false, "name": "\u041c\u0438\u043a\u0456\u043b\u044c\u0441\u044c\u043a\u0438\u0439 \u043f\u0440\u043e\u0432\u0443\u043b\u043e\u043a"}}, {"type": "Feature", "geometry": {"type": "LineString", "coordinates": [[30.5326357, 50.4386335], [30.533535, 50.4388613], [30.5336645, 50.4389153], [30.5339075, 50.4390167], [30.53393, 50.4390261], [30.5339939, 50.4391381], [30.5352769, 50.4394513], [30.5353767, 50.439424], [30.5354361, 50.439392], [30.5356612, 50.4392686], [30.5357096, 50.439242], [30.5357457, 50.4392222], [30.5361358, 50.4390848], [30.5363613, 50.439034], [30.5369119, 50.4389579], [30.5370599, 50.4389396], [30.5370834, 50.4389367], [30.5372724, 50.4389058], [30.5374553, 50.4388651], [30.5375214, 50.4388317], [30.5376434, 50.4387628], [30.5376891, 50.4387375], [30.5378527, 50.4386582], [30.5379124, 50.4386293]]}, "properties": {"osm_source_id": 3096614311, "osm_target_id": 26228439, "osm_key": 0, "length_m": 424.6822105089156, "highway_type": "residential", "speed_kph": 25, "oneway": false, "name": "\u043f\u0440\u043e\u0432\u0443\u043b\u043e\u043a \u0406\u0432\u0430\u043d\u0430 \u041c\u0430\u0440\u02bc\u044f\u043d\u0435\u043d\u043a\u0430"}}, {"type": "Feature", "geometry": {"type": "LineString", "coordinates": [[30.5377703, 50.4378215], [30.5376552, 50.4378277]]}, "properties": {"osm_source_id": 3143528697, "osm_target_id": 9150383630, "osm_key": 0, "length_m": 8.18069446151902, "highway_type": "residential", "speed_kph": 25, "oneway": false, "name": null}}, {"type": "Feature", "geometry": {"type": "LineString", "coordinates": [[30.5377703, 50.4378215], [30.5377838, 50.4377443], [30.5378143, 50.4376608], [30.5378712, 50.4375672], [30.537933, 50.4374988], [30.5380375, 50.4374083], [30.5381178, 50.4373543], [30.5382533, 50.4372952], [30.5384008, 50.4372502], [30.5391648, 50.4370892], [30.5392624, 50.4370693], [30.53979, 50.4369528], [30.541394, 50.436616], [30.5414324, 50.436609], [30.542053, 50.4364798]]}, "properties": {"osm_source_id": 3143528697, "osm_target_id": 256343532, "osm_key": 0, "length_m": 354.566003014675, "highway_type": "tertiary", "speed_kph": 40, "oneway": false, "name": "\u041a\u043b\u043e\u0432\u0441\u044c\u043a\u0438\u0439 \u0443\u0437\u0432\u0456\u0437"}}, {"type": "Feature", "geometry": {"type": "LineString", "coordinates": [[30.5377703, 50.4378215], [30.5377776, 50.4379182], [30.5378087, 50.4380879], [30.5378589, 50.4383509], [30.5378692, 50.4384088], [30.5378875, 50.4385015], [30.5379124, 50.4386293]]}, "properties": {"osm_source_id": 3143528697, "osm_target_id": 26228439, "osm_key": 0, "length_m": 90.41057696643746, "highway_type": "tertiary", "speed_kph": 40, "oneway": false, "name": "\u041a\u043b\u043e\u0432\u0441\u044c\u043a\u0438\u0439 \u0443\u0437\u0432\u0456\u0437"}}, {"type": "Feature", "geometry": {"type": "LineString", "coordinates": [[30.5230265, 50.4588882], [30.523087, 50.4588712], [30.5231336, 50.4588581], [30.5232538, 50.4588214], [30.5233669, 50.4588086], [30.5234796, 50.4588223], [30.5235473, 50.458843], [30.5236016, 50.4588659], [30.5236686, 50.4589031], [30.5237126, 50.4589264], [30.5237458, 50.4589487], [30.5242426, 50.4592705], [30.5242897, 50.4592892], [30.5244022, 50.4593468]]}, "properties": {"osm_source_id": 3213880643, "osm_target_id": 26201571, "osm_key": 0, "length_m": 121.98844380772795, "highway_type": "residential", "speed_kph": 25, "oneway": true, "name": "\u0411\u043e\u0440\u0438\u0447\u0456\u0432 \u0443\u0437\u0432\u0456\u0437"}}, {"type": "Feature", "geometry": {"type": "LineString", "coordinates": [[30.5230265, 50.4588882], [30.5229583, 50.4589248], [30.5227429, 50.4590233], [30.5224394, 50.459162], [30.5218471, 50.4593205], [30.5214562, 50.4594615], [30.5211605, 50.4595645], [30.5205167, 50.4598161], [30.5197514, 50.4601415], [30.5188989, 50.4604255], [30.5178668, 50.4608008], [30.5178492, 50.4608076], [30.5169778, 50.4611411], [30.5167098, 50.4613615], [30.5166424, 50.4614169], [30.5166048, 50.4614478], [30.5165478, 50.4614865]]}, "properties": {"osm_source_id": 3213880643, "osm_target_id": 4574269179, "osm_key": 0, "length_m": 546.0143344047548, "highway_type": "residential", "speed_kph": 25, "oneway": false, "name": "\u0432\u0443\u043b\u0438\u0446\u044f \u0411\u043e\u0440\u0438\u0447\u0456\u0432 \u0422\u0456\u043a"}}, {"type": "Feature", "geometry": {"type": "LineString", "coordinates": [[30.5059279, 50.4599724], [30.5057843, 50.4600332], [30.5054643, 50.4601354], [30.5051399, 50.4602737], [30.5049332, 50.4604282], [30.5046111, 50.4607654], [30.5045755, 50.4608454], [30.5045595, 50.4609255], [30.50456, 50.4610007], [30.5046157, 50.4611143], [30.504683, 50.4612109], [30.5050177, 50.4616588], [30.5052953, 50.4619756], [30.5055453, 50.462134], [30.5062035, 50.4624664], [30.5064546, 50.4625897], [30.5065191, 50.4626195], [30.5066321, 50.4626811]]}, "properties": {"osm_source_id": 3404945344, "osm_target_id": 4971158780, "osm_key": 0, "length_m": 401.7552528403414, "highway_type": "residential", "speed_kph": 25, "oneway": true, "name": "\u0412\u043e\u0437\u043d\u0435\u0441\u0435\u043d\u0441\u044c\u043a\u0438\u0439 \u0443\u0437\u0432\u0456\u0437"}}, {"type": "Feature", "geometry": {"type": "LineString", "coordinates": [[30.5059279, 50.4599724], [30.5060054, 50.4599275], [30.5060175, 50.4599166], [30.5060274, 50.4599077], [30.5061666, 50.4597819], [30.5062599, 50.4596356], [30.5062961, 50.4595596], [30.5063154, 50.4594822], [30.5063524, 50.4588938], [30.5063835, 50.4584076], [30.5063899, 50.4583077], [30.5063688, 50.4581469], [30.5062883, 50.4580096], [30.5062303, 50.4579106], [30.5060423, 50.457622], [30.5059675, 50.4575072]]}, "properties": {"osm_source_id": 3404945344, "osm_target_id": 648875004, "osm_key": 0, "length_m": 287.58146355457745, "highway_type": "residential", "speed_kph": 25, "oneway": false, "name": "\u0412\u043e\u0437\u043d\u0435\u0441\u0435\u043d\u0441\u044c\u043a\u0438\u0439 \u0443\u0437\u0432\u0456\u0437"}}, {"type": "Feature", "geometry": {"type": "LineString", "coordinates": [[30.5098709, 50.4643386], [30.5099413, 50.4643846], [30.5102949, 50.4646127], [30.5107023, 50.4648715], [30.5108149, 50.4649412], [30.5109573, 50.4650335]]}, "properties": {"osm_source_id": 3473013144, "osm_target_id": 26322889, "osm_key": 0, "length_m": 109.01536619144413, "highway_type": "secondary", "speed_kph": 45, "oneway": true, "name": "\u0432\u0443\u043b\u0438\u0446\u044f \u0412\u0435\u0440\u0445\u043d\u0456\u0439 \u0412\u0430\u043b"}}, {"type": "Feature", "geometry": {"type": "LineString", "coordinates": [[30.5098709, 50.4643386], [30.5099287, 50.4642997], [30.5099772, 50.4642717], [30.5102006, 50.4641291], [30.5099502, 50.4639673], [30.5098986, 50.463929], [30.5098347, 50.4638872], [30.5093102, 50.4635347], [30.5091643, 50.4634367], [30.5088234, 50.4632077], [30.5084896, 50.4629834], [30.5078137, 50.4625542]]}, "properties": {"osm_source_id": 3473013144, "osm_target_id": 2074576915, "osm_key": 0, "length_m": 276.34764072129303, "highway_type": "living_street", "speed_kph": 15, "oneway": false, "name": "\u0412\u043e\u0437\u0434\u0432\u0438\u0436\u0435\u043d\u0441\u044c\u043a\u0438\u0439 \u043f\u0440\u043e\u0432\u0443\u043b\u043e\u043a"}}, {"type": "Feature", "geometry": {"type": "LineString", "coordinates": [[30.5004251, 50.4605975], [30.5004295, 50.4606066], [30.5005122, 50.4607796], [30.5005151, 50.4608384], [30.5005004, 50.4608948], [30.5004056, 50.461175], [30.5003183, 50.4614333], [30.5002939, 50.4615054], [30.5002538, 50.4617237], [30.5002346, 50.4618282], [30.5001886, 50.4620707], [30.500181, 50.4621211], [30.500174, 50.4621685]]}, "properties": {"osm_source_id": 3509227008, "osm_target_id": 4971158759, "osm_key": 0, "length_m": 177.73953936965515, "highway_type": "residential", "speed_kph": 25, "oneway": false, "name": "\u041a\u043e\u0441\u043e\u0433\u0456\u0440\u043d\u0438\u0439 \u043f\u0440\u043e\u0432\u0443\u043b\u043e\u043a"}}, {"type": "Feature", "geometry": {"type": "LineString", "coordinates": [[30.5367401, 50.4431065], [30.5361349, 50.4426632], [30.5360794, 50.4426217], [30.5356792, 50.4423098], [30.5350008, 50.4417886], [30.5349376, 50.4417366]]}, "properties": {"osm_source_id": 3531827483, "osm_target_id": 256367088, "osm_key": 0, "length_m": 198.75757767938885, "highway_type": "living_street", "speed_kph": 15, "oneway": false, "name": "\u0412\u0438\u043d\u043e\u0433\u0440\u0430\u0434\u043d\u0438\u0439 \u043f\u0440\u043e\u0432\u0443\u043b\u043e\u043a"}}, {"type": "Feature", "geometry": {"type": "LineString", "coordinates": [[30.4960367, 50.4386947], [30.4961283, 50.4387384], [30.4961787, 50.4387589], [30.4962816, 50.4388002], [30.4965127, 50.4388829], [30.496661, 50.4388979], [30.4967314, 50.4388546], [30.4985238, 50.4374821], [30.4991063, 50.437036]]}, "properties": {"osm_source_id": 3747484368, "osm_target_id": 312691048, "osm_key": 0, "length_m": 320.31724927487903, "highway_type": "residential", "speed_kph": 25, "oneway": false, "name": "\u0432\u0443\u043b\u0438\u0446\u044f \u0421\u0456\u043c\u02bc\u0457 \u041f\u0440\u0430\u0445\u043e\u0432\u0438\u0445"}}, {"type": "Feature", "geometry": {"type": "LineString", "coordinates": [[30.5125183, 50.4665199], [30.5126631, 50.4664353], [30.5128079, 50.4663539], [30.5128839, 50.4663101]]}, "properties": {"osm_source_id": 3791161363, "osm_target_id": 26201587, "osm_key": 0, "length_m": 34.84148764290345, "highway_type": "secondary", "speed_kph": 45, "oneway": true, "name": "\u041a\u043e\u0441\u0442\u044f\u043d\u0442\u0438\u043d\u0456\u0432\u0441\u044c\u043a\u0430 \u0432\u0443\u043b\u0438\u0446\u044f"}}, {"type": "Feature", "geometry": {"type": "LineString", "coordinates": [[30.5125183, 50.4665199], [30.5118789, 50.4660973], [30.511513, 50.4658549], [30.5111148, 50.4655915], [30.5106807, 50.4653043], [30.5106042, 50.4652555]]}, "properties": {"osm_source_id": 3791161363, "osm_target_id": 305980443, "osm_key": 0, "length_m": 195.24907550629558, "highway_type": "secondary", "speed_kph": 45, "oneway": true, "name": "\u0432\u0443\u043b\u0438\u0446\u044f \u041d\u0438\u0436\u043d\u0456\u0439 \u0412\u0430\u043b"}}, {"type": "Feature", "geometry": {"type": "LineString", "coordinates": [[30.5106762, 50.4600443], [30.5106034, 50.4598201], [30.5105166, 50.4596015]]}, "properties": {"osm_source_id": 3847379059, "osm_target_id": 4771636983, "osm_key": 0, "length_m": 50.52884985154749, "highway_type": "living_street", "speed_kph": 15, "oneway": false, "name": "\u0414\u0435\u0433\u0442\u044f\u0440\u043d\u0430 \u0432\u0443\u043b\u0438\u0446\u044f"}}, {"type": "Feature", "geometry": {"type": "LineString", "coordinates": [[30.5106762, 50.4600443], [30.5107055, 50.46011], [30.5107779, 50.46016], [30.5108901, 50.460229], [30.5111372, 50.4603914]]}, "properties": {"osm_source_id": 3847379059, "osm_target_id": 3847379062, "osm_key": 0, "length_m": 51.339598539062266, "highway_type": "living_street", "speed_kph": 15, "oneway": true, "name": "\u0414\u0435\u0433\u0442\u044f\u0440\u043d\u0430 \u0432\u0443\u043b\u0438\u0446\u044f"}}, {"type": "Feature", "geometry": {"type": "LineString", "coordinates": [[30.5111372, 50.4603914], [30.5111258, 50.4603974], [30.5105083, 50.4607376]]}, "properties": {"osm_source_id": 3847379062, "osm_target_id": 1592490498, "osm_key": 0, "length_m": 58.854441393199345, "highway_type": "living_street", "speed_kph": 15, "oneway": false, "name": "\u0412\u043e\u0437\u0434\u0432\u0438\u0436\u0435\u043d\u0441\u044c\u043a\u0430 \u0432\u0443\u043b\u0438\u0446\u044f"}}, {"type": "Feature", "geometry": {"type": "LineString", "coordinates": [[30.5111372, 50.4603914], [30.5121224, 50.4598151], [30.5129082, 50.4593559], [30.5131659, 50.45928]]}, "properties": {"osm_source_id": 3847379062, "osm_target_id": 346920637, "osm_key": 0, "length_m": 190.31973223928685, "highway_type": "living_street", "speed_kph": 15, "oneway": false, "name": "\u0412\u043e\u0437\u0434\u0432\u0438\u0436\u0435\u043d\u0441\u044c\u043a\u0430 \u0432\u0443\u043b\u0438\u0446\u044f"}}, {"type": "Feature", "geometry": {"type": "LineString", "coordinates": [[30.5001478, 50.4638144], [30.4992365, 50.4636589], [30.4991489, 50.4636701], [30.4990855, 50.4637087], [30.4989292, 50.4638679], [30.4988764, 50.4639279], [30.4988558, 50.4639812], [30.4988792, 50.4644233]]}, "properties": {"osm_source_id": 4190304277, "osm_target_id": 26409171, "osm_key": 0, "length_m": 163.12899178207448, "highway_type": "living_street", "speed_kph": 15, "oneway": false, "name": "\u041b\u0443\u043a\u02bc\u044f\u043d\u0456\u0432\u0441\u044c\u043a\u0438\u0439 \u043f\u0440\u043e\u0432\u0443\u043b\u043e\u043a"}}, {"type": "Feature", "geometry": {"type": "LineString", "coordinates": [[30.5006749, 50.4639024], [30.5015053, 50.4640669], [30.5014283, 50.4642262], [30.5012764, 50.4645692], [30.5011774, 50.4648037]]}, "properties": {"osm_source_id": 4190304279, "osm_target_id": 26409172, "osm_key": 0, "length_m": 146.71809329060738, "highway_type": "living_street", "speed_kph": 15, "oneway": false, "name": "\u041b\u0443\u043a\u02bc\u044f\u043d\u0456\u0432\u0441\u044c\u043a\u0438\u0439 \u043f\u0440\u043e\u0432\u0443\u043b\u043e\u043a"}}, {"type": "Feature", "geometry": {"type": "LineString", "coordinates": [[30.5081481, 50.4617218], [30.5082796, 50.4616288], [30.5084468, 50.4615082], [30.5085486, 50.4614319], [30.5089749, 50.4611412]]}, "properties": {"osm_source_id": 4333004033, "osm_target_id": 1592490501, "osm_key": 0, "length_m": 87.15176852798976, "highway_type": "living_street", "speed_kph": 15, "oneway": false, "name": "\u041a\u043e\u0436\u0443\u043c\u02bc\u044f\u0446\u044c\u043a\u0430 \u0432\u0443\u043b\u0438\u0446\u044f"}}, {"type": "Feature", "geometry": {"type": "LineString", "coordinates": [[30.5068137, 50.431271], [30.5070378, 50.4313652], [30.5074868, 50.4315384], [30.5075786, 50.4315713], [30.5076318, 50.431592], [30.507689, 50.431615], [30.5079798, 50.4317309], [30.5082716, 50.4318399], [30.5085023, 50.4319266], [30.5086747, 50.4319913]]}, "properties": {"osm_source_id": 4334519582, "osm_target_id": 255019687, "osm_key": 0, "length_m": 154.26827359277178, "highway_type": "residential", "speed_kph": 25, "oneway": false, "name": "\u0432\u0443\u043b\u0438\u0446\u044f \u0424\u0456\u0437\u043a\u0443\u043b\u044c\u0442\u0443\u0440\u0438"}}, {"type": "Feature", "geometry": {"type": "LineString", "coordinates": [[30.5044639, 50.4656824], [30.5043932, 50.4656813], [30.5043071, 50.4656656], [30.5040154, 50.4655697], [30.5036343, 50.4654422], [30.5028831, 50.4651724], [30.5027382, 50.4651208], [30.5021042, 50.4649036]]}, "properties": {"osm_source_id": 4335405500, "osm_target_id": 1297814425, "osm_key": 0, "length_m": 188.81975042363925, "highway_type": "residential", "speed_kph": 25, "oneway": false, "name": "\u041e\u043b\u0435\u0433\u0456\u0432\u0441\u044c\u043a\u0430 \u0432\u0443\u043b\u0438\u0446\u044f"}}, {"type": "Feature", "geometry": {"type": "LineString", "coordinates": [[30.5266918, 50.4518606], [30.5267702, 50.4518802], [30.5268105, 50.4518856], [30.5268509, 50.4518881], [30.5279556, 50.4517977]]}, "properties": {"osm_source_id": 4352743502, "osm_target_id": 355596892, "osm_key": 0, "length_m": 90.60992045615441, "highway_type": "secondary", "speed_kph": 45, "oneway": true, "name": "\u0404\u0432\u0440\u043e\u043f\u0435\u0439\u0441\u044c\u043a\u0430 \u043f\u043b\u043e\u0449\u0430"}}, {"type": "Feature", "geometry": {"type": "LineString", "coordinates": [[30.5266918, 50.4518606], [30.5270923, 50.452151], [30.5272535, 50.4522655]]}, "properties": {"osm_source_id": 4352743502, "osm_target_id": 599414035, "osm_key": 0, "length_m": 60.072320413800526, "highway_type": "primary", "speed_kph": 55, "oneway": true, "name": "\u0432\u0443\u043b\u0438\u0446\u044f \u0425\u0440\u0435\u0449\u0430\u0442\u0438\u043a"}}, {"type": "Feature", "geometry": {"type": "LineString", "coordinates": [[30.5293716, 50.4507359], [30.5292691, 50.4506994]]}, "properties": {"osm_source_id": 4427104272, "osm_target_id": 11255209281, "osm_key": 0, "length_m": 8.31506083881077, "highway_type": "secondary", "speed_kph": 45, "oneway": false, "name": "\u0430\u043b\u0435\u044f \u041c\u0430\u0433\u0434\u0435\u0431\u0443\u0440\u0437\u044c\u043a\u043e\u0433\u043e \u043f\u0440\u0430\u0432\u0430"}}, {"type": "Feature", "geometry": {"type": "LineString", "coordinates": [[30.5293716, 50.4507359], [30.5297033, 50.4508457], [30.5297788, 50.4508688], [30.5317852, 50.4515158], [30.5323448, 50.4516939], [30.5334301, 50.4520392], [30.5342798, 50.4523275], [30.5344028, 50.4523721], [30.5346568, 50.4524307], [30.5349172, 50.4524344], [30.5351592, 50.4523728], [30.5354649, 50.4522062], [30.5369922, 50.4513738], [30.5376781, 50.4509999], [30.5377369, 50.4509679], [30.5386142, 50.4504368], [30.5391535, 50.4500593], [30.5392742, 50.4499408], [30.5394115, 50.449748], [30.5396575, 50.4493437], [30.5397577, 50.4491959], [30.539864, 50.4490923], [30.5399254, 50.4490466], [30.5401648, 50.4489244], [30.5404644, 50.4487943], [30.540531, 50.4487654], [30.5405469, 50.4487589], [30.5405957, 50.4487391], [30.5409762, 50.4485845], [30.5411777, 50.4485117], [30.5421149, 50.4481413], [30.5422336, 50.4480776], [30.5423027, 50.4480428], [30.5426639, 50.4476284]]}, "properties": {"osm_source_id": 4427104272, "osm_target_id": 1781351371, "osm_key": 0, "length_m": 1219.4676324563907, "highway_type": "secondary", "speed_kph": 45, "oneway": false, "name": null}}, {"type": "Feature", "geometry": {"type": "LineString", "coordinates": [[30.5293716, 50.4507359], [30.5290469, 50.4510557], [30.528246, 50.4519134]]}, "properties": {"osm_source_id": 4427104272, "osm_target_id": 26228424, "osm_key": 0, "length_m": 153.30047592997596, "highway_type": "secondary", "speed_kph": 45, "oneway": true, "name": "\u0432\u0443\u043b\u0438\u0446\u044f \u041c\u0438\u0445\u0430\u0439\u043b\u0430 \u0413\u0440\u0443\u0448\u0435\u0432\u0441\u044c\u043a\u043e\u0433\u043e"}}, {"type": "Feature", "geometry": {"type": "LineString", "coordinates": [[30.5180662, 50.4583548], [30.5177927, 50.4585832], [30.5175111, 50.4588393], [30.51745, 50.4589066], [30.5173971, 50.4589648], [30.5173662, 50.4590331], [30.5173367, 50.4593004], [30.5173018, 50.4593627], [30.517258, 50.4594159], [30.5171349, 50.4595021], [30.5169558, 50.4596077], [30.5168177, 50.459659], [30.5166045, 50.4597128], [30.5164167, 50.4597554], [30.5162195, 50.4597804], [30.5161491, 50.4597869], [30.5159312, 50.4597973], [30.5156523, 50.4598144], [30.5154055, 50.459828], [30.5153362, 50.459834], [30.5151775, 50.4598579], [30.5150273, 50.4599168], [30.514857, 50.4599996], [30.5147001, 50.4601243], [30.5146456, 50.4601704], [30.5145606, 50.4602711], [30.5144855, 50.4603608], [30.5144185, 50.4604726], [30.5143957, 50.4605247], [30.5144024, 50.4606126], [30.5144332, 50.4606886], [30.5144869, 50.4607706], [30.5145861, 50.4608474], [30.5146679, 50.4608952], [30.5147765, 50.4609371], [30.5149428, 50.4609797], [30.5149918, 50.4609885], [30.5152231, 50.4610301], [30.5159326, 50.4611266], [30.5160067, 50.4611494], [30.5160654, 50.4611872], [30.5162705, 50.4613187], [30.5165478, 50.4614865]]}, "properties": {"osm_source_id": 4430909203, "osm_target_id": 4574269179, "osm_key": 0, "length_m": 590.6104068709882, "highway_type": "residential", "speed_kph": 25, "oneway": false, "name": null}}, {"type": "Feature", "geometry": {"type": "LineString", "coordinates": [[30.5165478, 50.4614865], [30.5166048, 50.4614478], [30.5166424, 50.4614169], [30.5167098, 50.4613615], [30.5169778, 50.4611411], [30.5178492, 50.4608076], [30.5178668, 50.4608008], [30.5188989, 50.4604255], [30.5197514, 50.4601415], [30.5205167, 50.4598161], [30.5211605, 50.4595645], [30.5214562, 50.4594615], [30.5218471, 50.4593205], [30.5224394, 50.459162], [30.5227429, 50.4590233], [30.5229583, 50.4589248], [30.5230265, 50.4588882]]}, "properties": {"osm_source_id": 4574269179, "osm_target_id": 3213880643, "osm_key": 0, "length_m": 546.0143344047549, "highway_type": "residential", "speed_kph": 25, "oneway": false, "name": "\u0432\u0443\u043b\u0438\u0446\u044f \u0411\u043e\u0440\u0438\u0447\u0456\u0432 \u0422\u0456\u043a"}}, {"type": "Feature", "geometry": {"type": "LineString", "coordinates": [[30.5165478, 50.4614865], [30.5164317, 50.4615653], [30.5150341, 50.4624847]]}, "properties": {"osm_source_id": 4574269179, "osm_target_id": 26318793, "osm_key": 0, "length_m": 154.2758760965202, "highway_type": "residential", "speed_kph": 25, "oneway": false, "name": "\u0432\u0443\u043b\u0438\u0446\u044f \u0411\u043e\u0440\u0438\u0447\u0456\u0432 \u0422\u0456\u043a"}}, {"type": "Feature", "geometry": {"type": "LineString", "coordinates": [[30.5165478, 50.4614865], [30.5166278, 50.4615258], [30.5171329, 50.4618124], [30.5178533, 50.4622404]]}, "properties": {"osm_source_id": 4574269179, "osm_target_id": 4574269184, "osm_key": 0, "length_m": 124.80020314464232, "highway_type": "residential", "speed_kph": 25, "oneway": false, "name": null}}, {"type": "Feature", "geometry": {"type": "LineString", "coordinates": [[30.5165478, 50.4614865], [30.5162705, 50.4613187], [30.5160654, 50.4611872], [30.5160067, 50.4611494], [30.5159326, 50.4611266], [30.5152231, 50.4610301], [30.5149918, 50.4609885], [30.5149428, 50.4609797], [30.5147765, 50.4609371], [30.5146679, 50.4608952], [30.5145861, 50.4608474], [30.5144869, 50.4607706], [30.5144332, 50.4606886], [30.5144024, 50.4606126], [30.5143957, 50.4605247], [30.5144185, 50.4604726], [30.5144855, 50.4603608], [30.5145606, 50.4602711], [30.5146456, 50.4601704], [30.5147001, 50.4601243], [30.514857, 50.4599996], [30.5150273, 50.4599168], [30.5151775, 50.4598579], [30.5153362, 50.459834], [30.5154055, 50.459828], [30.5156523, 50.4598144], [30.5159312, 50.4597973], [30.5161491, 50.4597869], [30.5162195, 50.4597804], [30.5164167, 50.4597554], [30.5166045, 50.4597128], [30.5168177, 50.459659], [30.5169558, 50.4596077], [30.5171349, 50.4595021], [30.517258, 50.4594159], [30.5173018, 50.4593627], [30.5173367, 50.4593004], [30.5173662, 50.4590331], [30.5173971, 50.4589648], [30.51745, 50.4589066], [30.5175111, 50.4588393], [30.5177927, 50.4585832], [30.5180662, 50.4583548]]}, "properties": {"osm_source_id": 4574269179, "osm_target_id": 4430909203, "osm_key": 0, "length_m": 590.6104068709882, "highway_type": "residential", "speed_kph": 25, "oneway": false, "name": null}}, {"type": "Feature", "geometry": {"type": "LineString", "coordinates": [[30.5178533, 50.4622404], [30.5171329, 50.4618124], [30.5166278, 50.4615258], [30.5165478, 50.4614865]]}, "properties": {"osm_source_id": 4574269184, "osm_target_id": 4574269179, "osm_key": 0, "length_m": 124.80020314464234, "highway_type": "residential", "speed_kph": 25, "oneway": false, "name": null}}, {"type": "Feature", "geometry": {"type": "LineString", "coordinates": [[30.5041569, 50.4492871], [30.5038068, 50.4492637], [30.5037741, 50.4492624], [30.5036977, 50.4492541], [30.5036534, 50.4492493]]}, "properties": {"osm_source_id": 4711603571, "osm_target_id": 26546182, "osm_key": 0, "length_m": 35.914117092618696, "highway_type": "residential", "speed_kph": 25, "oneway": false, "name": "\u0432\u0443\u043b\u0438\u0446\u044f \u0412\u02bc\u044f\u0447\u0435\u0441\u043b\u0430\u0432\u0430 \u041b\u0438\u043f\u0438\u043d\u0441\u044c\u043a\u043e\u0433\u043e"}}, {"type": "Feature", "geometry": {"type": "LineString", "coordinates": [[30.5180997, 50.4651105], [30.5180125, 50.4650889], [30.5179259, 50.4650561], [30.517825, 50.4650156], [30.5177705, 50.4649573]]}, "properties": {"osm_source_id": 4758233839, "osm_target_id": 1473114351, "osm_key": 0, "length_m": 29.74231300272043, "highway_type": "tertiary", "speed_kph": 40, "oneway": true, "name": "\u041a\u043e\u043d\u0442\u0440\u0430\u043a\u0442\u043e\u0432\u0430 \u043f\u043b\u043e\u0449\u0430"}}, {"type": "Feature", "geometry": {"type": "LineString", "coordinates": [[30.5180997, 50.4651105], [30.5180756, 50.4650756], [30.5180711, 50.4650376], [30.5180865, 50.4650009], [30.5181199, 50.4649694], [30.5181681, 50.4649468], [30.5182251, 50.4649354]]}, "properties": {"osm_source_id": 4758233839, "osm_target_id": 6949509194, "osm_key": 0, "length_m": 25.39248322275184, "highway_type": "tertiary", "speed_kph": 40, "oneway": true, "name": null}}, {"type": "Feature", "geometry": {"type": "LineString", "coordinates": [[30.5498109, 50.44084], [30.5497251, 50.4409185], [30.5495775, 50.4410342], [30.5492844, 50.4412639], [30.5492651, 50.441279], [30.5491793, 50.4413441], [30.5489134, 50.4415456], [30.5484104, 50.4419307]]}, "properties": {"osm_source_id": 4762745683, "osm_target_id": 946606603, "osm_key": 0, "length_m": 156.7069253990779, "highway_type": "secondary", "speed_kph": 45, "oneway": false, "name": "\u0432\u0443\u043b\u0438\u0446\u044f \u0406\u0432\u0430\u043d\u0430 \u041c\u0430\u0437\u0435\u043f\u0438"}}, {"type": "Feature", "geometry": {"type": "LineString", "coordinates": [[30.5250382, 50.4390718], [30.5249236, 50.4391384], [30.5240917, 50.4396375]]}, "properties": {"osm_source_id": 4763029292, "osm_target_id": 255137399, "osm_key": 0, "length_m": 91.9246113407069, "highway_type": "primary", "speed_kph": 55, "oneway": true, "name": "\u0411\u0430\u0441\u0435\u0439\u043d\u0430 \u0432\u0443\u043b\u0438\u0446\u044f"}}, {"type": "Feature", "geometry": {"type": "LineString", "coordinates": [[30.5222423, 50.4424562], [30.5222309, 50.4425], [30.5221912, 50.4425516], [30.5221409, 50.442604], [30.5220443, 50.4426641], [30.5219343, 50.4427054], [30.5218065, 50.4427272], [30.5214824, 50.4427756], [30.521164, 50.4428213], [30.5210665, 50.4428357]]}, "properties": {"osm_source_id": 4763029296, "osm_target_id": 539997021, "osm_key": 0, "length_m": 99.9042416119763, "highway_type": "primary", "speed_kph": 55, "oneway": true, "name": "\u0411\u0435\u0441\u0441\u0430\u0440\u0430\u0431\u0441\u044c\u043a\u0430 \u043f\u043b\u043e\u0449\u0430"}}, {"type": "Feature", "geometry": {"type": "LineString", "coordinates": [[30.508268, 50.4408442], [30.5083331, 50.4408341]]}, "properties": {"osm_source_id": 4764593122, "osm_target_id": 385975739, "osm_key": 0, "length_m": 4.7450294758254685, "highway_type": "secondary", "speed_kph": 45, "oneway": false, "name": "\u0432\u0443\u043b\u0438\u0446\u044f \u0413\u0435\u0442\u044c\u043c\u0430\u043d\u0430 \u041f\u0430\u0432\u043b\u0430 \u0421\u043a\u043e\u0440\u043e\u043f\u0430\u0434\u0441\u044c\u043a\u043e\u0433\u043e"}}, {"type": "Feature", "geometry": {"type": "LineString", "coordinates": [[30.508268, 50.4408442], [30.5082222, 50.4409018], [30.5029264, 50.4417643], [30.502745, 50.4417389]]}, "properties": {"osm_source_id": 4764593122, "osm_target_id": 4764593125, "osm_key": 0, "length_m": 407.43128392785025, "highway_type": "secondary", "speed_kph": 45, "oneway": true, "name": "\u0432\u0443\u043b\u0438\u0446\u044f \u0413\u0435\u0442\u044c\u043c\u0430\u043d\u0430 \u041f\u0430\u0432\u043b\u0430 \u0421\u043a\u043e\u0440\u043e\u043f\u0430\u0434\u0441\u044c\u043a\u043e\u0433\u043e"}}, {"type": "Feature", "geometry": {"type": "LineString", "coordinates": [[30.502745, 50.4417389], [30.5029089, 50.4416754], [30.503894, 50.441512]]}, "properties": {"osm_source_id": 4764593125, "osm_target_id": 649484194, "osm_key": 0, "length_m": 85.67406698377607, "highway_type": "secondary", "speed_kph": 45, "oneway": true, "name": "\u0432\u0443\u043b\u0438\u0446\u044f \u0413\u0435\u0442\u044c\u043c\u0430\u043d\u0430 \u041f\u0430\u0432\u043b\u0430 \u0421\u043a\u043e\u0440\u043e\u043f\u0430\u0434\u0441\u044c\u043a\u043e\u0433\u043e"}}, {"type": "Feature", "geometry": {"type": "LineString", "coordinates": [[30.502745, 50.4417389], [30.5025414, 50.4417714], [30.502226, 50.4418218], [30.5021321, 50.4418363], [30.5014998, 50.4419303]]}, "properties": {"osm_source_id": 4764593125, "osm_target_id": 26546430, "osm_key": 0, "length_m": 90.71468629270132, "highway_type": "secondary", "speed_kph": 45, "oneway": false, "name": "\u0432\u0443\u043b\u0438\u0446\u044f \u0413\u0435\u0442\u044c\u043c\u0430\u043d\u0430 \u041f\u0430\u0432\u043b\u0430 \u0421\u043a\u043e\u0440\u043e\u043f\u0430\u0434\u0441\u044c\u043a\u043e\u0433\u043e"}}, {"type": "Feature", "geometry": {"type": "LineString", "coordinates": [[30.5105166, 50.4596015], [30.5104625, 50.4594515], [30.5104635, 50.4591467], [30.5105566, 50.458623], [30.5105749, 50.4581951], [30.5105621, 50.4581461], [30.5105178, 50.4580837]]}, "properties": {"osm_source_id": 4771636983, "osm_target_id": 1533854211, "osm_key": 0, "length_m": 170.3460206354132, "highway_type": "living_street", "speed_kph": 15, "oneway": false, "name": "\u0414\u0435\u0433\u0442\u044f\u0440\u043d\u0430 \u0432\u0443\u043b\u0438\u0446\u044f"}}, {"type": "Feature", "geometry": {"type": "LineString", "coordinates": [[30.5105166, 50.4596015], [30.5100751, 50.4595938], [30.5099693, 50.4595909]]}, "properties": {"osm_source_id": 4771636983, "osm_target_id": 5372968019, "osm_key": 0, "length_m": 38.76162534750494, "highway_type": "living_street", "speed_kph": 15, "oneway": false, "name": "\u0414\u0435\u0433\u0442\u044f\u0440\u043d\u0430 \u0432\u0443\u043b\u0438\u0446\u044f"}}, {"type": "Feature", "geometry": {"type": "LineString", "coordinates": [[30.5105166, 50.4596015], [30.5106034, 50.4598201], [30.5106762, 50.4600443]]}, "properties": {"osm_source_id": 4771636983, "osm_target_id": 3847379059, "osm_key": 0, "length_m": 50.52884985154749, "highway_type": "living_street", "speed_kph": 15, "oneway": false, "name": "\u0414\u0435\u0433\u0442\u044f\u0440\u043d\u0430 \u0432\u0443\u043b\u0438\u0446\u044f"}}, {"type": "Feature", "geometry": {"type": "LineString", "coordinates": [[30.5450216, 50.435491], [30.5449091, 50.4359492]]}, "properties": {"osm_source_id": 4872630756, "osm_target_id": 26304258, "osm_key": 0, "length_m": 51.568851679182956, "highway_type": "secondary", "speed_kph": 45, "oneway": false, "name": "\u0432\u0443\u043b\u0438\u0446\u044f \u041a\u043d\u044f\u0437\u0456\u0432 \u041e\u0441\u0442\u0440\u043e\u0437\u044c\u043a\u0438\u0445"}}, {"type": "Feature", "geometry": {"type": "LineString", "coordinates": [[30.5450216, 50.435491], [30.5450951, 50.4356462], [30.545153, 50.4357539], [30.5452269, 50.4358499], [30.5453213, 50.4359538]]}, "properties": {"osm_source_id": 4872630756, "osm_target_id": 5549538916, "osm_key": 0, "length_m": 55.920968849348036, "highway_type": "secondary", "speed_kph": 45, "oneway": true, "name": "\u0432\u0443\u043b\u0438\u0446\u044f \u041c\u0438\u0445\u0430\u0439\u043b\u0430 \u041e\u043c\u0435\u043b\u044f\u043d\u043e\u0432\u0438\u0447\u0430-\u041f\u0430\u0432\u043b\u0435\u043d\u043a\u0430"}}, {"type": "Feature", "geometry": {"type": "LineString", "coordinates": [[30.5450216, 50.435491], [30.5450472, 50.4350971], [30.5450522, 50.4350014]]}, "properties": {"osm_source_id": 4872630756, "osm_target_id": 256415996, "osm_key": 0, "length_m": 54.48451609769642, "highway_type": "secondary", "speed_kph": 45, "oneway": false, "name": "\u0432\u0443\u043b\u0438\u0446\u044f \u041a\u043d\u044f\u0437\u0456\u0432 \u041e\u0441\u0442\u0440\u043e\u0437\u044c\u043a\u0438\u0445"}}, {"type": "Feature", "geometry": {"type": "LineString", "coordinates": [[30.5229785, 50.4512492], [30.5230089, 50.4512345], [30.5230545, 50.451211], [30.5231455, 50.451163], [30.524244, 50.4505578], [30.5245011, 50.4504161]]}, "properties": {"osm_source_id": 4898190102, "osm_target_id": 10294230535, "osm_key": 0, "length_m": 142.14672572793165, "highway_type": "secondary", "speed_kph": 45, "oneway": false, "name": "\u043c\u0430\u0439\u0434\u0430\u043d \u041d\u0435\u0437\u0430\u043b\u0435\u0436\u043d\u043e\u0441\u0442\u0456"}}, {"type": "Feature", "geometry": {"type": "LineString", "coordinates": [[30.5229785, 50.4512492], [30.5230893, 50.451339], [30.5234792, 50.4516782], [30.5237755, 50.4519359], [30.5240526, 50.4521767], [30.5242958, 50.4523884]]}, "properties": {"osm_source_id": 4898190102, "osm_target_id": 355596890, "osm_key": 0, "length_m": 157.31127656765332, "highway_type": "residential", "speed_kph": 25, "oneway": false, "name": "\u041a\u043e\u0441\u0442\u0435\u043b\u044c\u043d\u0430 \u0432\u0443\u043b\u0438\u0446\u044f"}}, {"type": "Feature", "geometry": {"type": "LineString", "coordinates": [[30.5229785, 50.4512492], [30.5229056, 50.4512844], [30.5228077, 50.4513263], [30.5226451, 50.4513914], [30.5226083, 50.4514093], [30.5225707, 50.4514298], [30.5225576, 50.451438], [30.5225463, 50.4514471], [30.5225369, 50.4514571], [30.5225296, 50.4514678], [30.5225246, 50.4514789], [30.5224319, 50.4517497], [30.5223201, 50.4520767], [30.5222204, 50.4523536], [30.5222006, 50.4524142], [30.5221047, 50.4527067], [30.5220828, 50.4527736], [30.5220674, 50.4528156], [30.5219951, 50.4530135], [30.5219825, 50.453046], [30.5219241, 50.4531998], [30.5218498, 50.4533766], [30.5218253, 50.4534245], [30.5217898, 50.453481], [30.5216828, 50.4536374], [30.5216228, 50.45372]]}, "properties": {"osm_source_id": 4898190102, "osm_target_id": 26303123, "osm_key": 0, "length_m": 299.5200183660052, "highway_type": "secondary", "speed_kph": 45, "oneway": false, "name": null}}, {"type": "Feature", "geometry": {"type": "LineString", "coordinates": [[30.5274722, 50.4524232], [30.5279623, 50.4527853]]}, "properties": {"osm_source_id": 4899059359, "osm_target_id": 599414041, "osm_key": 0, "length_m": 53.152473600265616, "highway_type": "primary", "speed_kph": 55, "oneway": true, "name": "\u0432\u0443\u043b\u0438\u0446\u044f \u0425\u0440\u0435\u0449\u0430\u0442\u0438\u043a"}}, {"type": "Feature", "geometry": {"type": "LineString", "coordinates": [[30.5274722, 50.4524232], [30.5273384, 50.4524181], [30.5272046, 50.4524013]]}, "properties": {"osm_source_id": 4899059359, "osm_target_id": 6335290736, "osm_key": 0, "length_m": 19.145475618797555, "highway_type": "secondary", "speed_kph": 45, "oneway": true, "name": "\u0404\u0432\u0440\u043e\u043f\u0435\u0439\u0441\u044c\u043a\u0430 \u043f\u043b\u043e\u0449\u0430"}}, {"type": "Feature", "geometry": {"type": "LineString", "coordinates": [[30.524246, 50.4456133], [30.5243092, 50.4456726], [30.5249031, 50.446243], [30.5252392, 50.4465659], [30.5252894, 50.4466141], [30.5253831, 50.4467042]]}, "properties": {"osm_source_id": 4931511367, "osm_target_id": 26546300, "osm_key": 0, "length_m": 145.5936825176044, "highway_type": "residential", "speed_kph": 25, "oneway": false, "name": "\u0432\u0443\u043b\u0438\u0446\u044f \u0417\u0430\u043d\u044c\u043a\u043e\u0432\u0435\u0446\u044c\u043a\u043e\u0457"}}, {"type": "Feature", "geometry": {"type": "LineString", "coordinates": [[30.524246, 50.4456133], [30.523921, 50.4457492], [30.5236166, 50.4458699], [30.5234059, 50.4459534], [30.5230836, 50.4460812], [30.5226681, 50.4462556]]}, "properties": {"osm_source_id": 4931511367, "osm_target_id": 8149092778, "osm_key": 0, "length_m": 132.61755008341177, "highway_type": "residential", "speed_kph": 25, "oneway": false, "name": "\u041b\u044e\u0442\u0435\u0440\u0430\u043d\u0441\u044c\u043a\u0430 \u0432\u0443\u043b\u0438\u0446\u044f"}}, {"type": "Feature", "geometry": {"type": "LineString", "coordinates": [[30.524246, 50.4456133], [30.5243529, 50.4455679], [30.5243974, 50.4455486], [30.5246435, 50.4454417], [30.5248608, 50.4453485], [30.5250009, 50.4452884], [30.5252822, 50.445161], [30.5254117, 50.4450916], [30.5254681, 50.4450614], [30.5255593, 50.4449924], [30.5257327, 50.4448548], [30.5259226, 50.444704], [30.526088, 50.4445728], [30.5263891, 50.4443474], [30.5264923, 50.4442701], [30.5266262, 50.4441698], [30.5266873, 50.444124], [30.5267517, 50.4440851], [30.5271767, 50.4438287], [30.5272417, 50.4437942]]}, "properties": {"osm_source_id": 4931511367, "osm_target_id": 256409793, "osm_key": 0, "length_m": 295.2554780182462, "highway_type": "residential", "speed_kph": 25, "oneway": false, "name": "\u041b\u044e\u0442\u0435\u0440\u0430\u043d\u0441\u044c\u043a\u0430 \u0432\u0443\u043b\u0438\u0446\u044f"}}, {"type": "Feature", "geometry": {"type": "LineString", "coordinates": [[30.5011031, 50.4455543], [30.5007929, 50.4453725]]}, "properties": {"osm_source_id": 4963512573, "osm_target_id": 546450898, "osm_key": 0, "length_m": 29.85188907473381, "highway_type": "secondary", "speed_kph": 45, "oneway": true, "name": "\u0432\u0443\u043b\u0438\u0446\u044f \u0421\u0438\u043c\u043e\u043d\u0430 \u041f\u0435\u0442\u043b\u044e\u0440\u0438"}}, {"type": "Feature", "geometry": {"type": "LineString", "coordinates": [[30.5011031, 50.4455543], [30.500942, 50.4455797], [30.4994985, 50.4458162], [30.4991918, 50.4458688], [30.4984286, 50.4459914], [30.4980052, 50.446061], [30.4976887, 50.4461131]]}, "properties": {"osm_source_id": 4963512573, "osm_target_id": 546450891, "osm_key": 0, "length_m": 249.63252156318487, "highway_type": "primary", "speed_kph": 55, "oneway": true, "name": "\u0431\u0443\u043b\u044c\u0432\u0430\u0440 \u0422\u0430\u0440\u0430\u0441\u0430 \u0428\u0435\u0432\u0447\u0435\u043d\u043a\u0430"}}, {"type": "Feature", "geometry": {"type": "LineString", "coordinates": [[30.500174, 50.4621685], [30.500181, 50.4621211], [30.5001886, 50.4620707], [30.5002346, 50.4618282], [30.5002538, 50.4617237], [30.5002939, 50.4615054], [30.5003183, 50.4614333], [30.5004056, 50.461175], [30.5005004, 50.4608948], [30.5005151, 50.4608384], [30.5005122, 50.4607796], [30.5004295, 50.4606066], [30.5004251, 50.4605975]]}, "properties": {"osm_source_id": 4971158759, "osm_target_id": 3509227008, "osm_key": 0, "length_m": 177.7395393696552, "highway_type": "residential", "speed_kph": 25, "oneway": false, "name": "\u041a\u043e\u0441\u043e\u0433\u0456\u0440\u043d\u0438\u0439 \u043f\u0440\u043e\u0432\u0443\u043b\u043e\u043a"}}, {"type": "Feature", "geometry": {"type": "LineString", "coordinates": [[30.500174, 50.4621685], [30.5001683, 50.4622064], [30.5001644, 50.4622329], [30.5001597, 50.4622667]]}, "properties": {"osm_source_id": 4971158759, "osm_target_id": 6025466615, "osm_key": 0, "length_m": 10.966227078982662, "highway_type": "residential", "speed_kph": 25, "oneway": false, "name": "\u041a\u043e\u0441\u043e\u0433\u0456\u0440\u043d\u0438\u0439 \u043f\u0440\u043e\u0432\u0443\u043b\u043e\u043a"}}, {"type": "Feature", "geometry": {"type": "LineString", "coordinates": [[30.500174, 50.4621685], [30.5003925, 50.4621794], [30.5012646, 50.4622124], [30.5014689, 50.4622319], [30.5016209, 50.4622626], [30.501778, 50.4623124], [30.5022216, 50.4624861], [30.5023383, 50.4625339], [30.5026773, 50.462665], [30.5029607, 50.4627551], [30.5032667, 50.4628455], [30.5035723, 50.4629267], [30.5038685, 50.4629968], [30.504225, 50.4630679], [30.5045635, 50.463126], [30.5047714, 50.463146], [30.5049193, 50.4631519], [30.5050854, 50.4631485], [30.5052559, 50.4631322], [30.505458, 50.4630937], [30.5055597, 50.4630624], [30.5057332, 50.4629996], [30.5063023, 50.4627873], [30.5064341, 50.4627396], [30.5066321, 50.4626811]]}, "properties": {"osm_source_id": 4971158759, "osm_target_id": 4971158780, "osm_key": 0, "length_m": 493.0938029814383, "highway_type": "secondary", "speed_kph": 45, "oneway": true, "name": "\u0413\u043b\u0438\u0431\u043e\u0447\u0438\u0446\u044c\u043a\u0430 \u0432\u0443\u043b\u0438\u0446\u044f"}}, {"type": "Feature", "geometry": {"type": "LineString", "coordinates": [[30.5066321, 50.4626811], [30.50687, 50.46266]]}, "properties": {"osm_source_id": 4971158780, "osm_target_id": 1469178437, "osm_key": 0, "length_m": 17.002329655851998, "highway_type": "secondary", "speed_kph": 45, "oneway": true, "name": "\u0413\u043b\u0438\u0431\u043e\u0447\u0438\u0446\u044c\u043a\u0430 \u0432\u0443\u043b\u0438\u0446\u044f"}}, {"type": "Feature", "geometry": {"type": "LineString", "coordinates": [[30.4960052, 50.4620931], [30.4959731, 50.4620242], [30.495958, 50.4619202], [30.4959607, 50.461484], [30.4959626, 50.4611779], [30.4959627, 50.461165], [30.4959949, 50.4606777], [30.4960358, 50.4605387], [30.4961633, 50.46038], [30.4969255, 50.4593564], [30.497173, 50.4590306], [30.4973818, 50.4588732], [30.4974769, 50.4587923], [30.4978154, 50.4586883], [30.4979587, 50.4586466], [30.4989627, 50.4583813], [30.499144, 50.4583209], [30.4992053, 50.458278], [30.4995575, 50.4578308], [30.4996421, 50.4577246], [30.4997748, 50.4575578], [30.4998912, 50.4573993], [30.4999835, 50.4573379], [30.5000688, 50.4572939], [30.5002393, 50.4572262], [30.5003554, 50.4571871], [30.5004989, 50.4571377], [30.5005475, 50.4571226], [30.5008121, 50.457053], [30.5010138, 50.4570099], [30.5012879, 50.456971]]}, "properties": {"osm_source_id": 4971158782, "osm_target_id": 10742243404, "osm_key": 0, "length_m": 749.8005218938167, "highway_type": "residential", "speed_kph": 25, "oneway": false, "name": "\u041a\u0443\u0434\u0440\u044f\u0432\u0441\u044c\u043a\u0438\u0439 \u0443\u0437\u0432\u0456\u0437"}}, {"type": "Feature", "geometry": {"type": "LineString", "coordinates": [[30.4960052, 50.4620931], [30.4960305, 50.4621253], [30.496054, 50.4621512], [30.4960847, 50.462187]]}, "properties": {"osm_source_id": 4971158782, "osm_target_id": 298150586, "osm_key": 0, "length_m": 11.864536561263447, "highway_type": "residential", "speed_kph": 25, "oneway": false, "name": "\u041a\u0443\u0434\u0440\u044f\u0432\u0441\u044c\u043a\u0438\u0439 \u0443\u0437\u0432\u0456\u0437"}}, {"type": "Feature", "geometry": {"type": "LineString", "coordinates": [[30.4960052, 50.4620931], [30.496116, 50.4620589], [30.496223, 50.4620273], [30.4963153, 50.4620073], [30.4963878, 50.4620006], [30.496485, 50.4619924], [30.4966006, 50.4619897], [30.4976373, 50.4620366], [30.4978588, 50.4620473], [30.4989786, 50.4621063], [30.4990392, 50.4621093], [30.4996704, 50.4621412], [30.5000071, 50.4621586], [30.500174, 50.4621685]]}, "properties": {"osm_source_id": 4971158782, "osm_target_id": 4971158759, "osm_key": 0, "length_m": 298.0113998363985, "highway_type": "secondary", "speed_kph": 45, "oneway": true, "name": "\u0413\u043b\u0438\u0431\u043e\u0447\u0438\u0446\u044c\u043a\u0430 \u0432\u0443\u043b\u0438\u0446\u044f"}}, {"type": "Feature", "geometry": {"type": "LineString", "coordinates": [[30.5139733, 50.4652861], [30.5138272, 50.4652194], [30.5138184, 50.4652173], [30.5137556, 50.4652023], [30.5136232, 50.4651982]]}, "properties": {"osm_source_id": 5371387042, "osm_target_id": 26336879, "osm_key": 0, "length_m": 27.521118103113643, "highway_type": "residential", "speed_kph": 25, "oneway": true, "name": "\u0432\u0443\u043b\u0438\u0446\u044f \u0425\u043e\u0440\u0438\u0432\u0430"}}, {"type": "Feature", "geometry": {"type": "LineString", "coordinates": [[30.5139733, 50.4652861], [30.5141451, 50.4654039], [30.5141841, 50.4654339], [30.5142413, 50.465478], [30.5142471, 50.465482]]}, "properties": {"osm_source_id": 5371387042, "osm_target_id": 26323186, "osm_key": 0, "length_m": 29.167308279716554, "highway_type": "residential", "speed_kph": 25, "oneway": false, "name": "\u0432\u0443\u043b\u0438\u0446\u044f \u0425\u043e\u0440\u0438\u0432\u0430"}}, {"type": "Feature", "geometry": {"type": "LineString", "coordinates": [[30.5138092, 50.4650636], [30.5137627, 50.4651376], [30.5137109, 50.4651749], [30.5136232, 50.4651982]]}, "properties": {"osm_source_id": 5371389103, "osm_target_id": 26336879, "osm_key": 0, "length_m": 21.124558087086488, "highway_type": "residential", "speed_kph": 25, "oneway": true, "name": null}}, {"type": "Feature", "geometry": {"type": "LineString", "coordinates": [[30.5138092, 50.4650636], [30.5138241, 50.4651423], [30.5138632, 50.4651947], [30.5139733, 50.4652861]]}, "properties": {"osm_source_id": 5371389103, "osm_target_id": 5371387042, "osm_key": 0, "length_m": 28.071951877157723, "highway_type": "residential", "speed_kph": 25, "oneway": true, "name": "\u0432\u0443\u043b\u0438\u0446\u044f \u0425\u043e\u0440\u0438\u0432\u0430"}}, {"type": "Feature", "geometry": {"type": "LineString", "coordinates": [[30.5099693, 50.4595909], [30.5099656, 50.4596559], [30.5099221, 50.4603694]]}, "properties": {"osm_source_id": 5372968019, "osm_target_id": 1533851822, "osm_key": 0, "length_m": 86.62985242253846, "highway_type": "living_street", "speed_kph": 15, "oneway": false, "name": "\u041a\u043e\u0436\u0443\u043c\u02bc\u044f\u0446\u044c\u043a\u0430 \u0432\u0443\u043b\u0438\u0446\u044f"}}, {"type": "Feature", "geometry": {"type": "LineString", "coordinates": [[30.5099693, 50.4595909], [30.5100751, 50.4595938], [30.5105166, 50.4596015]]}, "properties": {"osm_source_id": 5372968019, "osm_target_id": 4771636983, "osm_key": 0, "length_m": 38.76162534750494, "highway_type": "living_street", "speed_kph": 15, "oneway": false, "name": "\u0414\u0435\u0433\u0442\u044f\u0440\u043d\u0430 \u0432\u0443\u043b\u0438\u0446\u044f"}}, {"type": "Feature", "geometry": {"type": "LineString", "coordinates": [[30.5099693, 50.4595909], [30.5099693, 50.4594282], [30.5099723, 50.4587278], [30.5100113, 50.4586089], [30.5100827, 50.458506], [30.5103197, 50.4583019], [30.5105178, 50.4580837]]}, "properties": {"osm_source_id": 5372968019, "osm_target_id": 1533854211, "osm_key": 0, "length_m": 178.23485076075707, "highway_type": "living_street", "speed_kph": 15, "oneway": true, "name": "\u041a\u043e\u0436\u0443\u043c\u02bc\u044f\u0446\u044c\u043a\u0430 \u0432\u0443\u043b\u0438\u0446\u044f"}}, {"type": "Feature", "geometry": {"type": "LineString", "coordinates": [[30.5202862, 50.4422001], [30.5203388, 50.4423284], [30.5204006, 50.4424489], [30.520463, 50.4425805]]}, "properties": {"osm_source_id": 5433718713, "osm_target_id": 5433718714, "osm_key": 0, "length_m": 44.12609429003811, "highway_type": "primary", "speed_kph": 55, "oneway": true, "name": "\u0432\u0443\u043b\u0438\u0446\u044f \u0425\u0440\u0435\u0449\u0430\u0442\u0438\u043a"}}, {"type": "Feature", "geometry": {"type": "LineString", "coordinates": [[30.520463, 50.4425805], [30.5202725, 50.4425259]]}, "properties": {"osm_source_id": 5433718714, "osm_target_id": 10294230519, "osm_key": 0, "length_m": 14.793441854037649, "highway_type": "primary", "speed_kph": 55, "oneway": true, "name": "\u0431\u0443\u043b\u044c\u0432\u0430\u0440 \u0422\u0430\u0440\u0430\u0441\u0430 \u0428\u0435\u0432\u0447\u0435\u043d\u043a\u0430"}}, {"type": "Feature", "geometry": {"type": "LineString", "coordinates": [[30.520463, 50.4425805], [30.5204956, 50.4426525], [30.5206024, 50.4429803]]}, "properties": {"osm_source_id": 5433718714, "osm_target_id": 599413915, "osm_key": 0, "length_m": 45.55834244269475, "highway_type": "primary", "speed_kph": 55, "oneway": true, "name": "\u0432\u0443\u043b\u0438\u0446\u044f \u0425\u0440\u0435\u0449\u0430\u0442\u0438\u043a"}}, {"type": "Feature", "geometry": {"type": "LineString", "coordinates": [[30.5453213, 50.4359538], [30.5458133, 50.4364792], [30.5459948, 50.436673], [30.546325, 50.4370256], [30.5465287, 50.4372433]]}, "properties": {"osm_source_id": 5549538916, "osm_target_id": 268442494, "osm_key": 0, "length_m": 166.94894660466528, "highway_type": "secondary", "speed_kph": 45, "oneway": true, "name": "\u0432\u0443\u043b\u0438\u0446\u044f \u041c\u0438\u0445\u0430\u0439\u043b\u0430 \u041e\u043c\u0435\u043b\u044f\u043d\u043e\u0432\u0438\u0447\u0430-\u041f\u0430\u0432\u043b\u0435\u043d\u043a\u0430"}}, {"type": "Feature", "geometry": {"type": "LineString", "coordinates": [[30.5203364, 50.4622052], [30.5209763, 50.4626043], [30.5211491, 50.4627121], [30.5217801, 50.4631056], [30.5218736, 50.4631639]]}, "properties": {"osm_source_id": 5557758232, "osm_target_id": 26318785, "osm_key": 0, "length_m": 152.32789820583326, "highway_type": "residential", "speed_kph": 25, "oneway": false, "name": "\u0411\u043e\u0440\u0438\u0441\u043e\u0433\u043b\u0456\u0431\u0441\u044c\u043a\u0430 \u0432\u0443\u043b\u0438\u0446\u044f"}}, {"type": "Feature", "geometry": {"type": "LineString", "coordinates": [[30.4959009, 50.4379366], [30.4959794, 50.4378815], [30.4980686, 50.4365146], [30.4985274, 50.4367451], [30.4986765, 50.4368201], [30.4991063, 50.437036]]}, "properties": {"osm_source_id": 5587877752, "osm_target_id": 312691048, "osm_key": 0, "length_m": 314.00187942519295, "highway_type": "living_street", "speed_kph": 15, "oneway": false, "name": "\u041b\u0438\u0431\u0456\u0434\u0441\u044c\u043a\u0430 \u0432\u0443\u043b\u0438\u0446\u044f"}}, {"type": "Feature", "geometry": {"type": "LineString", "coordinates": [[30.5201352, 50.4637742], [30.5204897, 50.4639176], [30.520617, 50.4639836]]}, "properties": {"osm_source_id": 5600659146, "osm_target_id": 26318791, "osm_key": 0, "length_m": 41.351429603272955, "highway_type": "residential", "speed_kph": 25, "oneway": false, "name": "\u0406\u043b\u043b\u0456\u043d\u0441\u044c\u043a\u0430 \u0432\u0443\u043b\u0438\u0446\u044f"}}, {"type": "Feature", "geometry": {"type": "LineString", "coordinates": [[30.5137898, 50.4398715], [30.5137946, 50.4399501]]}, "properties": {"osm_source_id": 5900409316, "osm_target_id": 5900409317, "osm_key": 0, "length_m": 8.746541674883083, "highway_type": "tertiary", "speed_kph": 40, "oneway": true, "name": "\u0432\u0443\u043b\u0438\u0446\u044f \u0410\u043d\u0442\u043e\u043d\u043e\u0432\u0438\u0447\u0430"}}, {"type": "Feature", "geometry": {"type": "LineString", "coordinates": [[30.5137898, 50.4398715], [30.5138894, 50.4398551], [30.5142712, 50.4397917], [30.5159059, 50.439529]]}, "properties": {"osm_source_id": 5900409316, "osm_target_id": 26201257, "osm_key": 0, "length_m": 154.62444528022792, "highway_type": "secondary", "speed_kph": 45, "oneway": true, "name": "\u0432\u0443\u043b\u0438\u0446\u044f \u0413\u0435\u0442\u044c\u043c\u0430\u043d\u0430 \u041f\u0430\u0432\u043b\u0430 \u0421\u043a\u043e\u0440\u043e\u043f\u0430\u0434\u0441\u044c\u043a\u043e\u0433\u043e"}}, {"type": "Feature", "geometry": {"type": "LineString", "coordinates": [[30.5137946, 50.4399501], [30.5137066, 50.4399645], [30.5136011, 50.4399504]]}, "properties": {"osm_source_id": 5900409317, "osm_target_id": 581386856, "osm_key": 0, "length_m": 14.068554525438344, "highway_type": "secondary", "speed_kph": 45, "oneway": true, "name": "\u0432\u0443\u043b\u0438\u0446\u044f \u0413\u0435\u0442\u044c\u043c\u0430\u043d\u0430 \u041f\u0430\u0432\u043b\u0430 \u0421\u043a\u043e\u0440\u043e\u043f\u0430\u0434\u0441\u044c\u043a\u043e\u0433\u043e"}}, {"type": "Feature", "geometry": {"type": "LineString", "coordinates": [[30.5001597, 50.4622667], [30.5001644, 50.4622329], [30.5001683, 50.4622064], [30.500174, 50.4621685]]}, "properties": {"osm_source_id": 6025466615, "osm_target_id": 4971158759, "osm_key": 0, "length_m": 10.966227078982662, "highway_type": "residential", "speed_kph": 25, "oneway": false, "name": "\u041a\u043e\u0441\u043e\u0433\u0456\u0440\u043d\u0438\u0439 \u043f\u0440\u043e\u0432\u0443\u043b\u043e\u043a"}}, {"type": "Feature", "geometry": {"type": "LineString", "coordinates": [[30.5001597, 50.4622667], [30.4999909, 50.462258], [30.4996737, 50.4622436], [30.4990272, 50.4622129], [30.4989731, 50.4622092], [30.4978484, 50.4621544], [30.4976154, 50.462143], [30.4967445, 50.462096], [30.496573, 50.4620964], [30.4964233, 50.4621061], [30.4963099, 50.4621226], [30.4962054, 50.4621486], [30.4960847, 50.462187]]}, "properties": {"osm_source_id": 6025466615, "osm_target_id": 298150586, "osm_key": 0, "length_m": 291.01274702357745, "highway_type": "secondary", "speed_kph": 45, "oneway": true, "name": "\u0413\u043b\u0438\u0431\u043e\u0447\u0438\u0446\u044c\u043a\u0430 \u0432\u0443\u043b\u0438\u0446\u044f"}}, {"type": "Feature", "geometry": {"type": "LineString", "coordinates": [[30.4951448, 50.4624072], [30.4951828, 50.4624388], [30.4952101, 50.4624614], [30.4952482, 50.462493]]}, "properties": {"osm_source_id": 6025466621, "osm_target_id": 26409153, "osm_key": 0, "length_m": 12.024649415835029, "highway_type": "residential", "speed_kph": 25, "oneway": false, "name": "\u0421\u0442\u0443\u0434\u0435\u043d\u0442\u0441\u044c\u043a\u0430 \u0432\u0443\u043b\u0438\u0446\u044f"}}, {"type": "Feature", "geometry": {"type": "LineString", "coordinates": [[30.4951448, 50.4624072], [30.4953403, 50.4623366], [30.4956211, 50.4622281], [30.4958959, 50.4621302], [30.4960052, 50.4620931]]}, "properties": {"osm_source_id": 6025466621, "osm_target_id": 4971158782, "osm_key": 0, "length_m": 70.22034693368882, "highway_type": "secondary", "speed_kph": 45, "oneway": true, "name": "\u0413\u043b\u0438\u0431\u043e\u0447\u0438\u0446\u044c\u043a\u0430 \u0432\u0443\u043b\u0438\u0446\u044f"}}, {"type": "Feature", "geometry": {"type": "LineString", "coordinates": [[30.5074522, 50.4627671], [30.5075411, 50.4628223], [30.5084724, 50.4634134], [30.5089717, 50.4637504], [30.5096129, 50.464169], [30.5097581, 50.4642658], [30.5098709, 50.4643386]]}, "properties": {"osm_source_id": 6047288168, "osm_target_id": 3473013144, "osm_key": 0, "length_m": 244.65353304331913, "highway_type": "secondary", "speed_kph": 45, "oneway": true, "name": "\u0432\u0443\u043b\u0438\u0446\u044f \u0412\u0435\u0440\u0445\u043d\u0456\u0439 \u0412\u0430\u043b"}}, {"type": "Feature", "geometry": {"type": "LineString", "coordinates": [[30.5199091, 50.4410196], [30.5201308, 50.4417292], [30.5202279, 50.4420402], [30.5202862, 50.4422001]]}, "properties": {"osm_source_id": 6072619901, "osm_target_id": 5433718713, "osm_key": 0, "length_m": 133.96263646467986, "highway_type": "primary", "speed_kph": 55, "oneway": true, "name": "\u0412\u0435\u043b\u0438\u043a\u0430 \u0412\u0430\u0441\u0438\u043b\u044c\u043a\u0456\u0432\u0441\u044c\u043a\u0430 \u0432\u0443\u043b\u0438\u0446\u044f"}}, {"type": "Feature", "geometry": {"type": "LineString", "coordinates": [[30.5201255, 50.4407815], [30.521201, 50.4407733], [30.5221869, 50.4407657]]}, "properties": {"osm_source_id": 6302278919, "osm_target_id": 417531970, "osm_key": 0, "length_m": 145.99361193791833, "highway_type": "primary", "speed_kph": 55, "oneway": true, "name": "\u0411\u0435\u0441\u0441\u0430\u0440\u0430\u0431\u0441\u044c\u043a\u0438\u0439 \u043f\u0440\u043e\u0457\u0437\u0434"}}, {"type": "Feature", "geometry": {"type": "LineString", "coordinates": [[30.5159136, 50.43959], [30.5159485, 50.4396774], [30.5161385, 50.4401525], [30.5162427, 50.4404131], [30.5162661, 50.4404716], [30.5163389, 50.4406536], [30.5163624, 50.4407122], [30.5163772, 50.4407494], [30.5164897, 50.4410306], [30.5166081, 50.4413268], [30.5167101, 50.4415819], [30.5168198, 50.4418562], [30.5169417, 50.4421611], [30.5171132, 50.4425899], [30.5171552, 50.4426949]]}, "properties": {"osm_source_id": 6303032269, "osm_target_id": 1648670984, "osm_key": 0, "length_m": 356.2700141874577, "highway_type": "residential", "speed_kph": 25, "oneway": true, "name": "\u0432\u0443\u043b\u0438\u0446\u044f \u0404\u0432\u0433\u0435\u043d\u0430 \u0427\u0438\u043a\u0430\u043b\u0435\u043d\u043a\u0430"}}, {"type": "Feature", "geometry": {"type": "LineString", "coordinates": [[30.5159136, 50.43959], [30.5158574, 50.4395998], [30.5151131, 50.4397245], [30.5138624, 50.439937], [30.5137946, 50.4399501]]}, "properties": {"osm_source_id": 6303032269, "osm_target_id": 5900409317, "osm_key": 0, "length_m": 155.31879746947402, "highway_type": "secondary", "speed_kph": 45, "oneway": true, "name": "\u0432\u0443\u043b\u0438\u0446\u044f \u0413\u0435\u0442\u044c\u043c\u0430\u043d\u0430 \u041f\u0430\u0432\u043b\u0430 \u0421\u043a\u043e\u0440\u043e\u043f\u0430\u0434\u0441\u044c\u043a\u043e\u0433\u043e"}}, {"type": "Feature", "geometry": {"type": "LineString", "coordinates": [[30.5168942, 50.4393497], [30.5168207, 50.4394166]]}, "properties": {"osm_source_id": 6303032270, "osm_target_id": 6335019538, "osm_key": 0, "length_m": 9.079231846093169, "highway_type": "secondary", "speed_kph": 45, "oneway": true, "name": "\u043f\u043b\u043e\u0449\u0430 \u0423\u043a\u0440\u0430\u0457\u043d\u0441\u044c\u043a\u0438\u0445 \u0413\u0435\u0440\u043e\u0457\u0432"}}, {"type": "Feature", "geometry": {"type": "LineString", "coordinates": [[30.5168942, 50.4393497], [30.517054, 50.4394098], [30.5171451, 50.4394504], [30.5181342, 50.4398911], [30.5190882, 50.4403207]]}, "properties": {"osm_source_id": 6303032270, "osm_target_id": 248772012, "osm_key": 0, "length_m": 189.24657168055228, "highway_type": "primary", "speed_kph": 55, "oneway": true, "name": "\u0412\u0435\u043b\u0438\u043a\u0430 \u0412\u0430\u0441\u0438\u043b\u044c\u043a\u0456\u0432\u0441\u044c\u043a\u0430 \u0432\u0443\u043b\u0438\u0446\u044f"}}, {"type": "Feature", "geometry": {"type": "LineString", "coordinates": [[30.5168207, 50.4394166], [30.516687, 50.4393704]]}, "properties": {"osm_source_id": 6335019538, "osm_target_id": 6338068758, "osm_key": 0, "length_m": 10.77240431680387, "highway_type": "primary", "speed_kph": 55, "oneway": true, "name": "\u0412\u0435\u043b\u0438\u043a\u0430 \u0412\u0430\u0441\u0438\u043b\u044c\u043a\u0456\u0432\u0441\u044c\u043a\u0430 \u0432\u0443\u043b\u0438\u0446\u044f"}}, {"type": "Feature", "geometry": {"type": "LineString", "coordinates": [[30.5168207, 50.4394166], [30.5162469, 50.4395287], [30.5159563, 50.4395818], [30.5159136, 50.43959]]}, "properties": {"osm_source_id": 6335019538, "osm_target_id": 6303032269, "osm_key": 0, "length_m": 67.07375149674641, "highway_type": "secondary", "speed_kph": 45, "oneway": true, "name": "\u043f\u043b\u043e\u0449\u0430 \u0423\u043a\u0440\u0430\u0457\u043d\u0441\u044c\u043a\u0438\u0445 \u0413\u0435\u0440\u043e\u0457\u0432"}}, {"type": "Feature", "geometry": {"type": "LineString", "coordinates": [[30.5201352, 50.4422217], [30.5202862, 50.4422001]]}, "properties": {"osm_source_id": 6335083628, "osm_target_id": 5433718713, "osm_key": 0, "length_m": 10.959527151113413, "highway_type": "primary", "speed_kph": 55, "oneway": true, "name": "\u0431\u0443\u043b\u044c\u0432\u0430\u0440 \u0422\u0430\u0440\u0430\u0441\u0430 \u0428\u0435\u0432\u0447\u0435\u043d\u043a\u0430"}}, {"type": "Feature", "geometry": {"type": "LineString", "coordinates": [[30.5201352, 50.4422217], [30.5199727, 50.441754], [30.5198142, 50.4412661], [30.5197209, 50.440973]]}, "properties": {"osm_source_id": 6335083628, "osm_target_id": 6335327556, "osm_key": 0, "length_m": 141.91919772009817, "highway_type": "primary", "speed_kph": 55, "oneway": true, "name": "\u0412\u0435\u043b\u0438\u043a\u0430 \u0412\u0430\u0441\u0438\u043b\u044c\u043a\u0456\u0432\u0441\u044c\u043a\u0430 \u0432\u0443\u043b\u0438\u0446\u044f"}}, {"type": "Feature", "geometry": {"type": "LineString", "coordinates": [[30.5272046, 50.4524013], [30.5272215, 50.4523545], [30.5272535, 50.4522655]]}, "properties": {"osm_source_id": 6335290736, "osm_target_id": 599414035, "osm_key": 0, "length_m": 15.492101082804329, "highway_type": "secondary", "speed_kph": 45, "oneway": true, "name": "\u0404\u0432\u0440\u043e\u043f\u0435\u0439\u0441\u044c\u043a\u0430 \u043f\u043b\u043e\u0449\u0430"}}, {"type": "Feature", "geometry": {"type": "LineString", "coordinates": [[30.5272046, 50.4524013], [30.5270283, 50.4524975], [30.5269832, 50.4525228], [30.5265492, 50.4527581], [30.5265271, 50.4527714], [30.5261382, 50.4529844], [30.5259738, 50.4530766], [30.5257494, 50.4532274], [30.5256792, 50.4532836], [30.5256079, 50.4533412], [30.525482, 50.4534734]]}, "properties": {"osm_source_id": 6335290736, "osm_target_id": 26303179, "osm_key": 0, "length_m": 171.46441740627608, "highway_type": "residential", "speed_kph": 25, "oneway": false, "name": "\u0422\u0440\u044c\u043e\u0445\u0441\u0432\u044f\u0442\u0438\u0442\u0435\u043b\u044c\u0441\u044c\u043a\u0430 \u0432\u0443\u043b\u0438\u0446\u044f"}}, {"type": "Feature", "geometry": {"type": "LineString", "coordinates": [[30.5272046, 50.4524013], [30.5266165, 50.4519721], [30.5263024, 50.4517421], [30.5261014, 50.4515942], [30.5257106, 50.4513065], [30.5253664, 50.4510531], [30.5247133, 50.4505723], [30.5245011, 50.4504161]]}, "properties": {"osm_source_id": 6335290736, "osm_target_id": 10294230535, "osm_key": 0, "length_m": 292.1761599027669, "highway_type": "primary", "speed_kph": 55, "oneway": true, "name": "\u0432\u0443\u043b\u0438\u0446\u044f \u0425\u0440\u0435\u0449\u0430\u0442\u0438\u043a"}}, {"type": "Feature", "geometry": {"type": "LineString", "coordinates": [[30.5197209, 50.440973], [30.5197347, 50.4409121], [30.5197544, 50.440887], [30.5197907, 50.4408541], [30.5198529, 50.4408232]]}, "properties": {"osm_source_id": 6335327556, "osm_target_id": 26228435, "osm_key": 0, "length_m": 20.019815391275955, "highway_type": "primary", "speed_kph": 55, "oneway": true, "name": "\u0411\u0435\u0441\u0441\u0430\u0440\u0430\u0431\u0441\u044c\u043a\u0438\u0439 \u043f\u0440\u043e\u0457\u0437\u0434"}}, {"type": "Feature", "geometry": {"type": "LineString", "coordinates": [[30.5197209, 50.440973], [30.5196354, 50.4407879], [30.5195706, 50.4407014], [30.5195086, 50.4406355], [30.519407, 50.4405656], [30.5192289, 50.440478], [30.5183953, 50.4401135], [30.5180501, 50.4399597], [30.5173507, 50.4396432], [30.5169779, 50.4394781], [30.5168207, 50.4394166]]}, "properties": {"osm_source_id": 6335327556, "osm_target_id": 6335019538, "osm_key": 0, "length_m": 274.6073289854761, "highway_type": "primary", "speed_kph": 55, "oneway": true, "name": "\u0412\u0435\u043b\u0438\u043a\u0430 \u0412\u0430\u0441\u0438\u043b\u044c\u043a\u0456\u0432\u0441\u044c\u043a\u0430 \u0432\u0443\u043b\u0438\u0446\u044f"}}, {"type": "Feature", "geometry": {"type": "LineString", "coordinates": [[30.516687, 50.4393704], [30.5168942, 50.4393497]]}, "properties": {"osm_source_id": 6338068758, "osm_target_id": 6303032270, "osm_key": 0, "length_m": 14.853237390258387, "highway_type": "secondary", "speed_kph": 45, "oneway": true, "name": "\u043f\u043b\u043e\u0449\u0430 \u0423\u043a\u0440\u0430\u0457\u043d\u0441\u044c\u043a\u0438\u0445 \u0413\u0435\u0440\u043e\u0457\u0432"}}, {"type": "Feature", "geometry": {"type": "LineString", "coordinates": [[30.516687, 50.4393704], [30.5164686, 50.4392769], [30.5162838, 50.4391831], [30.5161516, 50.439104], [30.5160209, 50.4389889], [30.5159386, 50.4389109]]}, "properties": {"osm_source_id": 6338068758, "osm_target_id": 26228436, "osm_key": 0, "length_m": 74.46226407228967, "highway_type": "primary", "speed_kph": 55, "oneway": true, "name": "\u0412\u0435\u043b\u0438\u043a\u0430 \u0412\u0430\u0441\u0438\u043b\u044c\u043a\u0456\u0432\u0441\u044c\u043a\u0430 \u0432\u0443\u043b\u0438\u0446\u044f"}}, {"type": "Feature", "geometry": {"type": "LineString", "coordinates": [[30.5136163, 50.4359616], [30.5137046, 50.4360904], [30.5137347, 50.4361342], [30.5137541, 50.4366172], [30.513767, 50.4369395], [30.5137741, 50.4372575], [30.5137738, 50.4373266], [30.5137793, 50.4385519], [30.5137794, 50.4385761], [30.5137809, 50.4388893], [30.5137851, 50.4397722], [30.5137898, 50.4398715]]}, "properties": {"osm_source_id": 6451543711, "osm_target_id": 5900409316, "osm_key": 0, "length_m": 436.55266012277673, "highway_type": "tertiary", "speed_kph": 40, "oneway": true, "name": "\u0432\u0443\u043b\u0438\u0446\u044f \u0410\u043d\u0442\u043e\u043d\u043e\u0432\u0438\u0447\u0430"}}, {"type": "Feature", "geometry": {"type": "LineString", "coordinates": [[30.5136163, 50.4359616], [30.5136156, 50.4358511], [30.5136132, 50.4355166], [30.5136117, 50.4352963], [30.5136105, 50.4351196], [30.51361, 50.4350439], [30.5136091, 50.4349135], [30.5136077, 50.4347127], [30.5136065, 50.4345344], [30.5135935, 50.4341323], [30.5135914, 50.4339919]]}, "properties": {"osm_source_id": 6451543711, "osm_target_id": 372980685, "osm_key": 0, "length_m": 219.0326640798216, "highway_type": "primary", "speed_kph": 55, "oneway": true, "name": "\u0432\u0443\u043b\u0438\u0446\u044f \u0410\u043d\u0442\u043e\u043d\u043e\u0432\u0438\u0447\u0430"}}, {"type": "Feature", "geometry": {"type": "LineString", "coordinates": [[30.5136163, 50.4359616], [30.5133999, 50.4359621], [30.5131178, 50.4359626], [30.5129653, 50.4359629], [30.512618, 50.4359636], [30.5123511, 50.4359642], [30.5120993, 50.4359647], [30.5108947, 50.4359671], [30.5106431, 50.4359676], [30.5099558, 50.4359689], [30.5094742, 50.4359808], [30.5093674, 50.4359968]]}, "properties": {"osm_source_id": 6451543711, "osm_target_id": 26201251, "osm_key": 0, "length_m": 301.1600611762061, "highway_type": "primary", "speed_kph": 55, "oneway": true, "name": "\u0432\u0443\u043b\u0438\u0446\u044f \u0421\u0430\u043a\u0441\u0430\u0433\u0430\u043d\u0441\u044c\u043a\u043e\u0433\u043e"}}, {"type": "Feature", "geometry": {"type": "LineString", "coordinates": [[30.5249245, 50.4386302], [30.5250152, 50.4385938], [30.5250881, 50.4385763], [30.5251682, 50.4385706], [30.525226, 50.4385705], [30.5252838, 50.4385705], [30.5254789, 50.438591]]}, "properties": {"osm_source_id": 6471879771, "osm_target_id": 12943422553, "osm_key": 0, "length_m": 41.008471633698576, "highway_type": "primary_link", "speed_kph": 40, "oneway": true, "name": null}}, {"type": "Feature", "geometry": {"type": "LineString", "coordinates": [[30.5249245, 50.4386302], [30.5250354, 50.4386106], [30.5251592, 50.4386102], [30.525196, 50.4386175], [30.5252135, 50.438621], [30.5252584, 50.4386392], [30.5252911, 50.4386667], [30.5253168, 50.4387233], [30.5253254, 50.4387967], [30.5253129, 50.4388403]]}, "properties": {"osm_source_id": 6471879771, "osm_target_id": 12844674707, "osm_key": 0, "length_m": 48.21647980245454, "highway_type": "primary_link", "speed_kph": 40, "oneway": true, "name": null}}, {"type": "Feature", "geometry": {"type": "LineString", "coordinates": [[30.5498922, 50.4428713], [30.549687, 50.4427611], [30.5494736, 50.4426325], [30.5491446, 50.4424262], [30.5490356, 50.4423562], [30.5489666, 50.4423119], [30.5489267, 50.4422865], [30.5485893, 50.4420438], [30.5484904, 50.4419814], [30.5484579, 50.4419608], [30.5484104, 50.4419307]]}, "properties": {"osm_source_id": 6475220001, "osm_target_id": 946606603, "osm_key": 0, "length_m": 148.2996226816941, "highway_type": "residential", "speed_kph": 25, "oneway": false, "name": "\u0410\u0441\u043a\u043e\u043b\u044c\u0434\u0456\u0432 \u043f\u0440\u043e\u0432\u0443\u043b\u043e\u043a"}}, {"type": "Feature", "geometry": {"type": "LineString", "coordinates": [[30.5094502, 50.4573324], [30.509563, 50.4575809], [30.5095945, 50.4576487], [30.5096314, 50.4576995], [30.5096867, 50.4577367], [30.5097722, 50.4577798], [30.509934, 50.4578344], [30.5100343, 50.4578668], [30.5101239, 50.4579017], [30.5102071, 50.4579341], [30.5103273, 50.4579749], [30.5105178, 50.4580837]]}, "properties": {"osm_source_id": 6503338629, "osm_target_id": 1533854211, "osm_key": 0, "length_m": 119.28990448998933, "highway_type": "living_street", "speed_kph": 15, "oneway": false, "name": "\u0414\u0435\u0433\u0442\u044f\u0440\u043d\u0430 \u0432\u0443\u043b\u0438\u0446\u044f"}}, {"type": "Feature", "geometry": {"type": "LineString", "coordinates": [[30.5182251, 50.4649354], [30.518283, 50.4649365], [30.5183373, 50.4649491], [30.5183821, 50.4649725], [30.5184133, 50.4650034], [30.518427, 50.4650392]]}, "properties": {"osm_source_id": 6949509194, "osm_target_id": 11237795971, "osm_key": 0, "length_m": 20.47438365632355, "highway_type": "tertiary", "speed_kph": 40, "oneway": true, "name": null}}, {"type": "Feature", "geometry": {"type": "LineString", "coordinates": [[30.5230959, 50.449178], [30.5232323, 50.4493117], [30.5233088, 50.4493786], [30.5233895, 50.4494557]]}, "properties": {"osm_source_id": 7069482037, "osm_target_id": 10294245838, "osm_key": 0, "length_m": 37.23314121657565, "highway_type": "primary", "speed_kph": 55, "oneway": true, "name": "\u0432\u0443\u043b\u0438\u0446\u044f \u0425\u0440\u0435\u0449\u0430\u0442\u0438\u043a"}}, {"type": "Feature", "geometry": {"type": "LineString", "coordinates": [[30.5230959, 50.449178], [30.5231862, 50.4491909], [30.5232433, 50.4491989], [30.5232987, 50.4492035], [30.5233584, 50.4492043], [30.5234182, 50.4492017], [30.5235318, 50.4491819]]}, "properties": {"osm_source_id": 7069482037, "osm_target_id": 10294245842, "osm_key": 0, "length_m": 31.45934258326955, "highway_type": "residential", "speed_kph": 25, "oneway": true, "name": "\u0432\u0443\u043b\u0438\u0446\u044f \u0410\u0440\u0445\u0456\u0442\u0435\u043a\u0442\u043e\u0440\u0430 \u0413\u043e\u0440\u043e\u0434\u0435\u0446\u044c\u043a\u043e\u0433\u043e"}}, {"type": "Feature", "geometry": {"type": "LineString", "coordinates": [[30.5226681, 50.4462556], [30.5230836, 50.4460812], [30.5234059, 50.4459534], [30.5236166, 50.4458699], [30.523921, 50.4457492], [30.524246, 50.4456133]]}, "properties": {"osm_source_id": 8149092778, "osm_target_id": 4931511367, "osm_key": 0, "length_m": 132.61755008341177, "highway_type": "residential", "speed_kph": 25, "oneway": false, "name": "\u041b\u044e\u0442\u0435\u0440\u0430\u043d\u0441\u044c\u043a\u0430 \u0432\u0443\u043b\u0438\u0446\u044f"}}, {"type": "Feature", "geometry": {"type": "LineString", "coordinates": [[30.515332, 50.4597601], [30.5153186, 50.459523], [30.5153053, 50.4594578], [30.5150331, 50.4593812], [30.5145364, 50.4592765], [30.5141492, 50.4592049], [30.5139311, 50.4591862], [30.5137089, 50.459181], [30.5134791, 50.4592229], [30.5131659, 50.45928]]}, "properties": {"osm_source_id": 9036711548, "osm_target_id": 346920637, "osm_key": 0, "length_m": 191.64378839691264, "highway_type": "living_street", "speed_kph": 15, "oneway": false, "name": "\u0412\u043e\u0437\u0434\u0432\u0438\u0436\u0435\u043d\u0441\u044c\u043a\u0430 \u0432\u0443\u043b\u0438\u0446\u044f"}}, {"type": "Feature", "geometry": {"type": "LineString", "coordinates": [[30.5376552, 50.4378277], [30.5377703, 50.4378215]]}, "properties": {"osm_source_id": 9150383630, "osm_target_id": 3143528697, "osm_key": 0, "length_m": 8.18069446151902, "highway_type": "residential", "speed_kph": 25, "oneway": false, "name": null}}, {"type": "Feature", "geometry": {"type": "LineString", "coordinates": [[30.5017204, 50.4570326], [30.5016037, 50.4570649], [30.5015412, 50.4570923], [30.5014872, 50.4571397]]}, "properties": {"osm_source_id": 9273369975, "osm_target_id": 9273369976, "osm_key": 0, "length_m": 20.891625996096526, "highway_type": "residential", "speed_kph": 25, "oneway": true, "name": "\u041d\u0435\u0441\u0442\u043e\u0440\u0456\u0432\u0441\u044c\u043a\u0438\u0439 \u043f\u0440\u043e\u0432\u0443\u043b\u043e\u043a"}}, {"type": "Feature", "geometry": {"type": "LineString", "coordinates": [[30.5017204, 50.4570326], [30.501574, 50.4570212], [30.5014349, 50.4570103]]}, "properties": {"osm_source_id": 9273369975, "osm_target_id": 11132228805, "osm_key": 0, "length_m": 20.36297537276618, "highway_type": "residential", "speed_kph": 25, "oneway": true, "name": "\u041d\u0435\u0441\u0442\u043e\u0440\u0456\u0432\u0441\u044c\u043a\u0438\u0439 \u043f\u0440\u043e\u0432\u0443\u043b\u043e\u043a"}}, {"type": "Feature", "geometry": {"type": "LineString", "coordinates": [[30.5014872, 50.4571397], [30.5014363, 50.4572191], [30.5013966, 50.4572756], [30.5012264, 50.4575198], [30.5009413, 50.4579004], [30.5008028, 50.4581667], [30.5007881, 50.458195], [30.5006708, 50.4584247], [30.5004786, 50.4587899], [30.5003689, 50.4590007], [30.5009019, 50.459144], [30.5009933, 50.4591784], [30.5017786, 50.4594742], [30.5028975, 50.4589223], [30.5030648, 50.4588397], [30.5031691, 50.4588106], [30.5035151, 50.4587952], [30.5039658, 50.458562], [30.5040422, 50.4585236], [30.5044452, 50.4583191], [30.5049996, 50.4580538], [30.5050659, 50.4578916], [30.5050677, 50.4577551], [30.5051093, 50.4577364], [30.5052122, 50.4576903], [30.5052433, 50.4576812]]}, "properties": {"osm_source_id": 9273369976, "osm_target_id": 2477471665, "osm_key": 0, "length_m": 665.0995677818875, "highway_type": "residential", "speed_kph": 25, "oneway": false, "name": "\u041a\u0443\u0434\u0440\u044f\u0432\u0441\u044c\u043a\u0430 \u0432\u0443\u043b\u0438\u0446\u044f"}}, {"type": "Feature", "geometry": {"type": "LineString", "coordinates": [[30.5014872, 50.4571397], [30.5014906, 50.4571017], [30.5014704, 50.4570522], [30.5014349, 50.4570103]]}, "properties": {"osm_source_id": 9273369976, "osm_target_id": 11132228805, "osm_key": 0, "length_m": 15.212818896954182, "highway_type": "residential", "speed_kph": 25, "oneway": false, "name": "\u041a\u0443\u0434\u0440\u044f\u0432\u0441\u044c\u043a\u0430 \u0432\u0443\u043b\u0438\u0446\u044f"}}, {"type": "Feature", "geometry": {"type": "LineString", "coordinates": [[30.5255719, 50.4384523], [30.5255713, 50.4384852], [30.5255899, 50.4385218], [30.5256217, 50.4385601], [30.5257082, 50.4386131]]}, "properties": {"osm_source_id": 9915990637, "osm_target_id": 12844654236, "osm_key": 0, "length_m": 21.25430170409593, "highway_type": "primary_link", "speed_kph": 40, "oneway": true, "name": null}}, {"type": "Feature", "geometry": {"type": "LineString", "coordinates": [[30.5255719, 50.4384523], [30.5255389, 50.438492], [30.525506, 50.4385396], [30.5254789, 50.438591]]}, "properties": {"osm_source_id": 9915990637, "osm_target_id": 12943422553, "osm_key": 0, "length_m": 16.80703183120463, "highway_type": "primary", "speed_kph": 55, "oneway": true, "name": "\u0431\u0443\u043b\u044c\u0432\u0430\u0440 \u041b\u0435\u0441\u0456 \u0423\u043a\u0440\u0430\u0457\u043d\u043a\u0438"}}, {"type": "Feature", "geometry": {"type": "LineString", "coordinates": [[30.5230304, 50.4602387], [30.5231215, 50.4602951], [30.5233322, 50.4604265], [30.5238674, 50.4607596], [30.5240676, 50.4608929], [30.5245368, 50.4612052], [30.5245643, 50.4612237], [30.5246073, 50.4612526], [30.5246728, 50.4612973]]}, "properties": {"osm_source_id": 10252932949, "osm_target_id": 26318788, "osm_key": 0, "length_m": 165.47280817309374, "highway_type": "residential", "speed_kph": 25, "oneway": true, "name": "\u0406\u0433\u043e\u0440\u0456\u0432\u0441\u044c\u043a\u0430 \u0432\u0443\u043b\u0438\u0446\u044f"}}, {"type": "Feature", "geometry": {"type": "LineString", "coordinates": [[30.5230304, 50.4602387], [30.5231094, 50.4601873], [30.5242451, 50.4594409]]}, "properties": {"osm_source_id": 10252932949, "osm_target_id": 2509773981, "osm_key": 0, "length_m": 123.5457524529256, "highway_type": "tertiary", "speed_kph": 40, "oneway": false, "name": "\u0432\u0443\u043b\u0438\u0446\u044f \u041f\u0435\u0442\u0440\u0430 \u0421\u0430\u0433\u0430\u0439\u0434\u0430\u0447\u043d\u043e\u0433\u043e"}}, {"type": "Feature", "geometry": {"type": "LineString", "coordinates": [[30.5230304, 50.4602387], [30.5229463, 50.4602934], [30.5220546, 50.4608731], [30.5217778, 50.4610531], [30.5216861, 50.4611127]]}, "properties": {"osm_source_id": 10252932949, "osm_target_id": 26322726, "osm_key": 0, "length_m": 136.01551632290008, "highway_type": "tertiary", "speed_kph": 40, "oneway": false, "name": "\u0432\u0443\u043b\u0438\u0446\u044f \u041f\u0435\u0442\u0440\u0430 \u0421\u0430\u0433\u0430\u0439\u0434\u0430\u0447\u043d\u043e\u0433\u043e"}}, {"type": "Feature", "geometry": {"type": "LineString", "coordinates": [[30.5230304, 50.4602387], [30.522925, 50.4601822], [30.5228912, 50.4601631], [30.5222714, 50.4598135], [30.5218166, 50.4595583], [30.521766, 50.4595373]]}, "properties": {"osm_source_id": 10252932949, "osm_target_id": 305445934, "osm_key": 0, "length_m": 118.76366498741228, "highway_type": "residential", "speed_kph": 25, "oneway": false, "name": "\u0406\u0433\u043e\u0440\u0456\u0432\u0441\u044c\u043a\u0430 \u0432\u0443\u043b\u0438\u0446\u044f"}}, {"type": "Feature", "geometry": {"type": "LineString", "coordinates": [[30.5220178, 50.4477583], [30.5221798, 50.447734]]}, "properties": {"osm_source_id": 10294196188, "osm_target_id": 599413919, "osm_key": 0, "length_m": 11.784682094183843, "highway_type": "tertiary", "speed_kph": 40, "oneway": true, "name": "\u041f\u0440\u043e\u0440\u0456\u0437\u043d\u0430 \u0432\u0443\u043b\u0438\u0446\u044f"}}, {"type": "Feature", "geometry": {"type": "LineString", "coordinates": [[30.5220178, 50.4477583], [30.5219972, 50.4476958], [30.5218357, 50.4472058], [30.5217828, 50.4470421], [30.5216602, 50.4466716], [30.5213395, 50.4456952], [30.5210822, 50.4449122], [30.5210436, 50.4447969]]}, "properties": {"osm_source_id": 10294196188, "osm_target_id": 10294230522, "osm_key": 0, "length_m": 336.44120035956007, "highway_type": "primary", "speed_kph": 55, "oneway": true, "name": "\u0432\u0443\u043b\u0438\u0446\u044f \u0425\u0440\u0435\u0449\u0430\u0442\u0438\u043a"}}, {"type": "Feature", "geometry": {"type": "LineString", "coordinates": [[30.5279168, 50.4529181], [30.527757, 50.4535442]]}, "properties": {"osm_source_id": 10294230515, "osm_target_id": 740862084, "osm_key": 0, "length_m": 70.53252742192733, "highway_type": "primary", "speed_kph": 55, "oneway": false, "name": "\u0412\u043e\u043b\u043e\u0434\u0438\u043c\u0438\u0440\u0441\u044c\u043a\u0438\u0439 \u0443\u0437\u0432\u0456\u0437"}}, {"type": "Feature", "geometry": {"type": "LineString", "coordinates": [[30.5279168, 50.4529181], [30.5274241, 50.4525617], [30.5272046, 50.4524013]]}, "properties": {"osm_source_id": 10294230515, "osm_target_id": 6335290736, "osm_key": 0, "length_m": 76.4516753843293, "highway_type": "primary", "speed_kph": 55, "oneway": true, "name": "\u0432\u0443\u043b\u0438\u0446\u044f \u0425\u0440\u0435\u0449\u0430\u0442\u0438\u043a"}}, {"type": "Feature", "geometry": {"type": "LineString", "coordinates": [[30.5202725, 50.4425259], [30.5201832, 50.4425036], [30.5201233, 50.4424945], [30.5200492, 50.4424921], [30.5189375, 50.4426718], [30.5181272, 50.4428027], [30.5174615, 50.4429074], [30.5173529, 50.4429247], [30.517251, 50.4429414]]}, "properties": {"osm_source_id": 10294230519, "osm_target_id": 539997006, "osm_key": 0, "length_m": 220.76267531025877, "highway_type": "primary", "speed_kph": 55, "oneway": true, "name": "\u0431\u0443\u043b\u044c\u0432\u0430\u0440 \u0422\u0430\u0440\u0430\u0441\u0430 \u0428\u0435\u0432\u0447\u0435\u043d\u043a\u0430"}}, {"type": "Feature", "geometry": {"type": "LineString", "coordinates": [[30.5202725, 50.4425259], [30.5202151, 50.4424115], [30.5201755, 50.4423212], [30.5201352, 50.4422217]]}, "properties": {"osm_source_id": 10294230519, "osm_target_id": 6335083628, "osm_key": 0, "length_m": 35.20557312468813, "highway_type": "primary", "speed_kph": 55, "oneway": true, "name": "\u0432\u0443\u043b\u0438\u0446\u044f \u0425\u0440\u0435\u0449\u0430\u0442\u0438\u043a"}}, {"type": "Feature", "geometry": {"type": "LineString", "coordinates": [[30.5211233, 50.4445466], [30.5211275, 50.4446437], [30.521123, 50.4447016], [30.5211199, 50.444715], [30.5211159, 50.444728], [30.5211096, 50.4447393], [30.5211026, 50.4447493], [30.5210886, 50.4447635], [30.5210747, 50.4447762], [30.5210595, 50.4447873], [30.5210436, 50.4447969]]}, "properties": {"osm_source_id": 10294230521, "osm_target_id": 10294230522, "osm_key": 0, "length_m": 29.5520066943765, "highway_type": "tertiary", "speed_kph": 40, "oneway": true, "name": "\u0432\u0443\u043b\u0438\u0446\u044f \u0411\u043e\u0433\u0434\u0430\u043d\u0430 \u0425\u043c\u0435\u043b\u044c\u043d\u0438\u0446\u044c\u043a\u043e\u0433\u043e"}}, {"type": "Feature", "geometry": {"type": "LineString", "coordinates": [[30.5211233, 50.4445466], [30.5211689, 50.4446189], [30.5212144, 50.444698], [30.5212773, 50.4448866], [30.5213009, 50.4449571], [30.5213323, 50.4451056], [30.5213896, 50.4453526], [30.5219847, 50.4471461], [30.5221598, 50.4476737], [30.5221798, 50.447734]]}, "properties": {"osm_source_id": 10294230521, "osm_target_id": 599413919, "osm_key": 0, "length_m": 362.5570058143649, "highway_type": "primary", "speed_kph": 55, "oneway": true, "name": "\u0432\u0443\u043b\u0438\u0446\u044f \u0425\u0440\u0435\u0449\u0430\u0442\u0438\u043a"}}, {"type": "Feature", "geometry": {"type": "LineString", "coordinates": [[30.5210436, 50.4447969], [30.5208252, 50.4448323], [30.520183, 50.4449363], [30.5199604, 50.4449726], [30.5198292, 50.444994], [30.5195313, 50.4450426], [30.5193057, 50.4450794], [30.5187807, 50.445165], [30.5181913, 50.4452609]]}, "properties": {"osm_source_id": 10294230522, "osm_target_id": 26201277, "osm_key": 0, "length_m": 208.460229407955, "highway_type": "tertiary", "speed_kph": 40, "oneway": false, "name": "\u0432\u0443\u043b\u0438\u0446\u044f \u0411\u043e\u0433\u0434\u0430\u043d\u0430 \u0425\u043c\u0435\u043b\u044c\u043d\u0438\u0446\u044c\u043a\u043e\u0433\u043e"}}, {"type": "Feature", "geometry": {"type": "LineString", "coordinates": [[30.5210436, 50.4447969], [30.5208482, 50.4442388], [30.5207208, 50.4438582], [30.520631, 50.4435857], [30.5206166, 50.4435448], [30.5204655, 50.4430836], [30.5203097, 50.4426334], [30.5202725, 50.4425259]]}, "properties": {"osm_source_id": 10294230522, "osm_target_id": 10294230519, "osm_key": 0, "length_m": 258.3642674532118, "highway_type": "primary", "speed_kph": 55, "oneway": true, "name": "\u0432\u0443\u043b\u0438\u0446\u044f \u0425\u0440\u0435\u0449\u0430\u0442\u0438\u043a"}}, {"type": "Feature", "geometry": {"type": "LineString", "coordinates": [[30.5245011, 50.4504161], [30.5246071, 50.4503578]]}, "properties": {"osm_source_id": 10294230535, "osm_target_id": 1605526714, "osm_key": 0, "length_m": 9.917253377697838, "highway_type": "secondary", "speed_kph": 45, "oneway": false, "name": "\u043c\u0430\u0439\u0434\u0430\u043d \u041d\u0435\u0437\u0430\u043b\u0435\u0436\u043d\u043e\u0441\u0442\u0456"}}, {"type": "Feature", "geometry": {"type": "LineString", "coordinates": [[30.5245011, 50.4504161], [30.524244, 50.4505578], [30.5231455, 50.451163], [30.5230545, 50.451211], [30.5230089, 50.4512345], [30.5229785, 50.4512492]]}, "properties": {"osm_source_id": 10294230535, "osm_target_id": 4898190102, "osm_key": 0, "length_m": 142.14672572793168, "highway_type": "secondary", "speed_kph": 45, "oneway": false, "name": "\u043c\u0430\u0439\u0434\u0430\u043d \u041d\u0435\u0437\u0430\u043b\u0435\u0436\u043d\u043e\u0441\u0442\u0456"}}, {"type": "Feature", "geometry": {"type": "LineString", "coordinates": [[30.5245011, 50.4504161], [30.5234393, 50.449654], [30.5232824, 50.4495302], [30.523108, 50.4493833], [30.5229574, 50.449237], [30.5228475, 50.4491221], [30.5226879, 50.4489402], [30.5225418, 50.4487538], [30.5224094, 50.4485633], [30.522291, 50.4483691], [30.5221868, 50.4481716], [30.5220972, 50.4479712], [30.5220178, 50.4477583]]}, "properties": {"osm_source_id": 10294230535, "osm_target_id": 10294196188, "osm_key": 0, "length_m": 349.1908033975769, "highway_type": "primary", "speed_kph": 55, "oneway": true, "name": "\u0432\u0443\u043b\u0438\u0446\u044f \u0425\u0440\u0435\u0449\u0430\u0442\u0438\u043a"}}, {"type": "Feature", "geometry": {"type": "LineString", "coordinates": [[30.5233895, 50.4494557], [30.5234887, 50.4495368], [30.5235922, 50.4496128], [30.5243736, 50.4501864], [30.5246071, 50.4503578]]}, "properties": {"osm_source_id": 10294245838, "osm_target_id": 1605526714, "osm_key": 0, "length_m": 132.28014819812716, "highway_type": "primary", "speed_kph": 55, "oneway": true, "name": "\u0432\u0443\u043b\u0438\u0446\u044f \u0425\u0440\u0435\u0449\u0430\u0442\u0438\u043a"}}, {"type": "Feature", "geometry": {"type": "LineString", "coordinates": [[30.5235318, 50.4491819], [30.5234544, 50.4492388], [30.5234248, 50.4492722], [30.523401, 50.4493093], [30.5233875, 50.4493482], [30.5233846, 50.4493924], [30.5233895, 50.4494557]]}, "properties": {"osm_source_id": 10294245842, "osm_target_id": 10294245838, "osm_key": 0, "length_m": 33.48731433963681, "highway_type": "residential", "speed_kph": 25, "oneway": true, "name": "\u0432\u0443\u043b\u0438\u0446\u044f \u0410\u0440\u0445\u0456\u0442\u0435\u043a\u0442\u043e\u0440\u0430 \u0413\u043e\u0440\u043e\u0434\u0435\u0446\u044c\u043a\u043e\u0433\u043e"}}, {"type": "Feature", "geometry": {"type": "LineString", "coordinates": [[30.5235318, 50.4491819], [30.5236148, 50.4491523], [30.5240321, 50.4489888], [30.5242547, 50.4489016], [30.5250353, 50.4485958], [30.5256246, 50.4483631], [30.5256463, 50.4483535], [30.5256663, 50.448343], [30.5256847, 50.4483313], [30.5257013, 50.4483186], [30.5257162, 50.4483047], [30.5259872, 50.448066], [30.5262363, 50.4478042], [30.5263594, 50.4476591], [30.5263972, 50.447614]]}, "properties": {"osm_source_id": 10294245842, "osm_target_id": 26546299, "osm_key": 0, "length_m": 273.99156308525374, "highway_type": "residential", "speed_kph": 25, "oneway": false, "name": "\u0432\u0443\u043b\u0438\u0446\u044f \u0410\u0440\u0445\u0456\u0442\u0435\u043a\u0442\u043e\u0440\u0430 \u0413\u043e\u0440\u043e\u0434\u0435\u0446\u044c\u043a\u043e\u0433\u043e"}}, {"type": "Feature", "geometry": {"type": "LineString", "coordinates": [[30.5225041, 50.4408355], [30.5225459, 50.4408737], [30.5225634, 50.4409047], [30.5225798, 50.4409549]]}, "properties": {"osm_source_id": 10556697459, "osm_target_id": 10556697468, "osm_key": 0, "length_m": 14.541960545175316, "highway_type": "primary", "speed_kph": 55, "oneway": true, "name": "\u0411\u0435\u0441\u0441\u0430\u0440\u0430\u0431\u0441\u044c\u043a\u0438\u0439 \u043f\u0440\u043e\u0457\u0437\u0434"}}, {"type": "Feature", "geometry": {"type": "LineString", "coordinates": [[30.5225041, 50.4408355], [30.5224141, 50.4408586], [30.522301, 50.440874], [30.5218273, 50.4408769], [30.520353, 50.4408859], [30.5202147, 50.440887], [30.5201744, 50.4408896], [30.5200493, 50.4409033], [30.5199806, 50.4409312], [30.5199409, 50.4409716], [30.5199091, 50.4410196]]}, "properties": {"osm_source_id": 10556697459, "osm_target_id": 6072619901, "osm_key": 0, "length_m": 191.53571264944944, "highway_type": "primary", "speed_kph": 55, "oneway": true, "name": "\u0411\u0435\u0441\u0441\u0430\u0440\u0430\u0431\u0441\u044c\u043a\u0438\u0439 \u043f\u0440\u043e\u0457\u0437\u0434"}}, {"type": "Feature", "geometry": {"type": "LineString", "coordinates": [[30.5225798, 50.4409549], [30.5225741, 50.4409827], [30.5225472, 50.4410825], [30.5225002, 50.4412633], [30.5224412, 50.4415039], [30.5223513, 50.4418817], [30.5223342, 50.4419592], [30.5223181, 50.442038], [30.5223065, 50.4420971], [30.5222857, 50.4422029], [30.5222686, 50.4422859]]}, "properties": {"osm_source_id": 10556697468, "osm_target_id": 416093625, "osm_key": 0, "length_m": 149.64745871758248, "highway_type": "primary", "speed_kph": 55, "oneway": true, "name": "\u0411\u0430\u0441\u0435\u0439\u043d\u0430 \u0432\u0443\u043b\u0438\u0446\u044f"}}, {"type": "Feature", "geometry": {"type": "LineString", "coordinates": [[30.501373, 50.4568925], [30.5014076, 50.4568321], [30.501409, 50.4567932], [30.50124, 50.4565472], [30.5012315, 50.4565055], [30.501227, 50.4564685]]}, "properties": {"osm_source_id": 10742243402, "osm_target_id": 648874994, "osm_key": 0, "length_m": 50.13379182979966, "highway_type": "residential", "speed_kph": 25, "oneway": true, "name": "\u041a\u0443\u0434\u0440\u044f\u0432\u0441\u044c\u043a\u0438\u0439 \u0443\u0437\u0432\u0456\u0437"}}, {"type": "Feature", "geometry": {"type": "LineString", "coordinates": [[30.501373, 50.4568925], [30.5014055, 50.4568934], [30.5014371, 50.4569015], [30.5014625, 50.4569159], [30.5014641, 50.4569178], [30.5014789, 50.4569349], [30.5014843, 50.4569563], [30.5014801, 50.4569776], [30.5014638, 50.4569979], [30.5014349, 50.4570103]]}, "properties": {"osm_source_id": 10742243402, "osm_target_id": 11132228805, "osm_key": 0, "length_m": 19.332399952754468, "highway_type": "residential", "speed_kph": 25, "oneway": true, "name": "\u041a\u0443\u0434\u0440\u044f\u0432\u0441\u044c\u043a\u0438\u0439 \u0443\u0437\u0432\u0456\u0437"}}, {"type": "Feature", "geometry": {"type": "LineString", "coordinates": [[30.5012879, 50.456971], [30.5010138, 50.4570099], [30.5008121, 50.457053], [30.5005475, 50.4571226], [30.5004989, 50.4571377], [30.5003554, 50.4571871], [30.5002393, 50.4572262], [30.5000688, 50.4572939], [30.4999835, 50.4573379], [30.4998912, 50.4573993], [30.4997748, 50.4575578], [30.4996421, 50.4577246], [30.4995575, 50.4578308], [30.4992053, 50.458278], [30.499144, 50.4583209], [30.4989627, 50.4583813], [30.4979587, 50.4586466], [30.4978154, 50.4586883], [30.4974769, 50.4587923], [30.4973818, 50.4588732], [30.497173, 50.4590306], [30.4969255, 50.4593564], [30.4961633, 50.46038], [30.4960358, 50.4605387], [30.4959949, 50.4606777], [30.4959627, 50.461165], [30.4959626, 50.4611779], [30.4959607, 50.461484], [30.495958, 50.4619202], [30.4959731, 50.4620242], [30.4960052, 50.4620931]]}, "properties": {"osm_source_id": 10742243404, "osm_target_id": 4971158782, "osm_key": 0, "length_m": 749.8005218938166, "highway_type": "residential", "speed_kph": 25, "oneway": false, "name": "\u041a\u0443\u0434\u0440\u044f\u0432\u0441\u044c\u043a\u0438\u0439 \u0443\u0437\u0432\u0456\u0437"}}, {"type": "Feature", "geometry": {"type": "LineString", "coordinates": [[30.5012879, 50.456971], [30.501285, 50.456952], [30.5012927, 50.4569307], [30.5013114, 50.4569123], [30.5013387, 50.4568991], [30.501373, 50.4568925]]}, "properties": {"osm_source_id": 10742243404, "osm_target_id": 10742243402, "osm_key": 0, "length_m": 11.953483810961677, "highway_type": "residential", "speed_kph": 25, "oneway": true, "name": "\u041a\u0443\u0434\u0440\u044f\u0432\u0441\u044c\u043a\u0438\u0439 \u0443\u0437\u0432\u0456\u0437"}}, {"type": "Feature", "geometry": {"type": "LineString", "coordinates": [[30.5014349, 50.4570103], [30.5014704, 50.4570522], [30.5014906, 50.4571017], [30.5014872, 50.4571397]]}, "properties": {"osm_source_id": 11132228805, "osm_target_id": 9273369976, "osm_key": 0, "length_m": 15.212818896954182, "highway_type": "residential", "speed_kph": 25, "oneway": false, "name": "\u041a\u0443\u0434\u0440\u044f\u0432\u0441\u044c\u043a\u0430 \u0432\u0443\u043b\u0438\u0446\u044f"}}, {"type": "Feature", "geometry": {"type": "LineString", "coordinates": [[30.5014349, 50.4570103], [30.501403, 50.4570179], [30.501373, 50.4570186], [30.5013441, 50.4570135], [30.5013188, 50.4570032], [30.5012995, 50.4569886], [30.5012879, 50.456971]]}, "properties": {"osm_source_id": 11132228805, "osm_target_id": 10742243404, "osm_key": 0, "length_m": 13.029696859785512, "highway_type": "residential", "speed_kph": 25, "oneway": true, "name": "\u041a\u0443\u0434\u0440\u044f\u0432\u0441\u044c\u043a\u0438\u0439 \u0443\u0437\u0432\u0456\u0437"}}, {"type": "Feature", "geometry": {"type": "LineString", "coordinates": [[30.518427, 50.4650392], [30.5184219, 50.465076], [30.518399, 50.4651098], [30.5183601, 50.465137], [30.5183094, 50.4651551]]}, "properties": {"osm_source_id": 11237795971, "osm_target_id": 11237795986, "osm_key": 0, "length_m": 16.40541613583703, "highway_type": "tertiary", "speed_kph": 40, "oneway": true, "name": null}}, {"type": "Feature", "geometry": {"type": "LineString", "coordinates": [[30.5183094, 50.4651551], [30.518225, 50.46519]]}, "properties": {"osm_source_id": 11237795986, "osm_target_id": 26322811, "osm_key": 0, "length_m": 7.123727011236306, "highway_type": "tertiary", "speed_kph": 40, "oneway": false, "name": "\u041a\u043e\u043d\u0442\u0440\u0430\u043a\u0442\u043e\u0432\u0430 \u043f\u043b\u043e\u0449\u0430"}}, {"type": "Feature", "geometry": {"type": "LineString", "coordinates": [[30.5183094, 50.4651551], [30.5182526, 50.4651617], [30.5181934, 50.4651561], [30.5181404, 50.4651384], [30.5180997, 50.4651105]]}, "properties": {"osm_source_id": 11237795986, "osm_target_id": 4758233839, "osm_key": 0, "length_m": 16.792985720689668, "highway_type": "tertiary", "speed_kph": 40, "oneway": true, "name": null}}, {"type": "Feature", "geometry": {"type": "LineString", "coordinates": [[30.5292691, 50.4506994], [30.5293716, 50.4507359]]}, "properties": {"osm_source_id": 11255209281, "osm_target_id": 4427104272, "osm_key": 0, "length_m": 8.31506083881077, "highway_type": "secondary", "speed_kph": 45, "oneway": false, "name": "\u0430\u043b\u0435\u044f \u041c\u0430\u0433\u0434\u0435\u0431\u0443\u0440\u0437\u044c\u043a\u043e\u0433\u043e \u043f\u0440\u0430\u0432\u0430"}}, {"type": "Feature", "geometry": {"type": "LineString", "coordinates": [[30.5292691, 50.4506994], [30.5295865, 50.4504277], [30.5296633, 50.4503844], [30.5297363, 50.4503521]]}, "properties": {"osm_source_id": 11255209281, "osm_target_id": 2055689372, "osm_key": 0, "length_m": 51.21024867285955, "highway_type": "secondary", "speed_kph": 45, "oneway": true, "name": "\u0432\u0443\u043b\u0438\u0446\u044f \u041c\u0438\u0445\u0430\u0439\u043b\u0430 \u0413\u0440\u0443\u0448\u0435\u0432\u0441\u044c\u043a\u043e\u0433\u043e"}}, {"type": "Feature", "geometry": {"type": "LineString", "coordinates": [[30.5160612, 50.4632864], [30.5160382, 50.4632817], [30.5160183, 50.4632732], [30.5160029, 50.4632614], [30.5159935, 50.4632473], [30.5159907, 50.4632321]]}, "properties": {"osm_source_id": 11895718532, "osm_target_id": 11895718544, "osm_key": 0, "length_m": 8.516935644436089, "highway_type": "residential", "speed_kph": 25, "oneway": true, "name": null}}, {"type": "Feature", "geometry": {"type": "LineString", "coordinates": [[30.5159907, 50.4632321], [30.5159923, 50.4632229], [30.5159963, 50.4632141], [30.5160027, 50.4632059], [30.5160112, 50.4631984], [30.5160215, 50.463192], [30.5160335, 50.4631868]]}, "properties": {"osm_source_id": 11895718544, "osm_target_id": 11895718550, "osm_key": 0, "length_m": 6.140734369871733, "highway_type": "residential", "speed_kph": 25, "oneway": true, "name": null}}, {"type": "Feature", "geometry": {"type": "LineString", "coordinates": [[30.5160335, 50.4631868], [30.5160524, 50.4631819], [30.5160727, 50.46318], [30.5160931, 50.4631812], [30.5161124, 50.4631856], [30.5161295, 50.4631928], [30.5161433, 50.4632024], [30.5161531, 50.4632139]]}, "properties": {"osm_source_id": 11895718550, "osm_target_id": 256568234, "osm_key": 0, "length_m": 10.151067726034277, "highway_type": "residential", "speed_kph": 25, "oneway": true, "name": null}}, {"type": "Feature", "geometry": {"type": "LineString", "coordinates": [[30.5161465, 50.4632615], [30.5161225, 50.4633124]]}, "properties": {"osm_source_id": 11895718561, "osm_target_id": 256568254, "osm_key": 0, "length_m": 5.9092831276312054, "highway_type": "residential", "speed_kph": 25, "oneway": true, "name": "\u041a\u043e\u043d\u0442\u0440\u0430\u043a\u0442\u043e\u0432\u0430 \u043f\u043b\u043e\u0449\u0430"}}, {"type": "Feature", "geometry": {"type": "LineString", "coordinates": [[30.5161465, 50.4632615], [30.5161342, 50.4632714], [30.5161186, 50.4632792], [30.5161005, 50.4632845], [30.516081, 50.4632869], [30.5160612, 50.4632864]]}, "properties": {"osm_source_id": 11895718561, "osm_target_id": 11895718532, "osm_key": 0, "length_m": 7.026330949154481, "highway_type": "residential", "speed_kph": 25, "oneway": true, "name": null}}, {"type": "Feature", "geometry": {"type": "LineString", "coordinates": [[30.5245753, 50.4592325], [30.5247802, 50.4590972]]}, "properties": {"osm_source_id": 12674028764, "osm_target_id": 2439276436, "osm_key": 0, "length_m": 20.898171071635698, "highway_type": "primary", "speed_kph": 55, "oneway": false, "name": "\u0432\u0443\u043b\u0438\u0446\u044f \u041f\u0435\u0442\u0440\u0430 \u0421\u0430\u0433\u0430\u0439\u0434\u0430\u0447\u043d\u043e\u0433\u043e"}}, {"type": "Feature", "geometry": {"type": "LineString", "coordinates": [[30.5245753, 50.4592325], [30.5244022, 50.4593468]]}, "properties": {"osm_source_id": 12674028764, "osm_target_id": 26201571, "osm_key": 0, "length_m": 17.654660794478037, "highway_type": "tertiary", "speed_kph": 40, "oneway": false, "name": "\u0432\u0443\u043b\u0438\u0446\u044f \u041f\u0435\u0442\u0440\u0430 \u0421\u0430\u0433\u0430\u0439\u0434\u0430\u0447\u043d\u043e\u0433\u043e"}}, {"type": "Feature", "geometry": {"type": "LineString", "coordinates": [[30.5247159, 50.459546], [30.5245904, 50.4594891], [30.5244875, 50.4594514], [30.52437, 50.4594392], [30.5242981, 50.4594375], [30.5242451, 50.4594409]]}, "properties": {"osm_source_id": 12674028765, "osm_target_id": 2509773981, "osm_key": 0, "length_m": 36.60291513410122, "highway_type": "tertiary", "speed_kph": 40, "oneway": true, "name": null}}, {"type": "Feature", "geometry": {"type": "LineString", "coordinates": [[30.5247159, 50.459546], [30.5246024, 50.4594064], [30.5245535, 50.4593174], [30.5245552, 50.459281], [30.5245753, 50.4592325]]}, "properties": {"osm_source_id": 12674028765, "osm_target_id": 12674028764, "osm_key": 0, "length_m": 37.59004354085664, "highway_type": "primary", "speed_kph": 55, "oneway": true, "name": "\u0411\u043e\u0440\u0438\u0447\u0456\u0432 \u0443\u0437\u0432\u0456\u0437"}}, {"type": "Feature", "geometry": {"type": "LineString", "coordinates": [[30.5259678, 50.4386129], [30.5257901, 50.4387329]]}, "properties": {"osm_source_id": 12844654231, "osm_target_id": 12844654239, "osm_key": 0, "length_m": 18.34186903067347, "highway_type": "tertiary", "speed_kph": 40, "oneway": true, "name": "\u0432\u0443\u043b\u0438\u0446\u044f \u041c\u0435\u0447\u043d\u0438\u043a\u043e\u0432\u0430"}}, {"type": "Feature", "geometry": {"type": "LineString", "coordinates": [[30.5259678, 50.4386129], [30.5259875, 50.4386014], [30.5260062, 50.4385901], [30.5260363, 50.4385716], [30.5262083, 50.4384661], [30.5265105, 50.4382807], [30.5266721, 50.4381989], [30.5268764, 50.4381107], [30.527353, 50.437954], [30.5275104, 50.4379022], [30.5276705, 50.437851], [30.5282999, 50.4376496], [30.528502, 50.4375875], [30.5287041, 50.4375238], [30.5289178, 50.4374674], [30.5294469, 50.4373769], [30.5295221, 50.4373636], [30.5296382, 50.4373449], [30.5306473, 50.4371837], [30.5310411, 50.4371198], [30.5315436, 50.4370383], [30.5316074, 50.4370348], [30.5316698, 50.4370382], [30.5317372, 50.4370477], [30.5318001, 50.43706]]}, "properties": {"osm_source_id": 12844654231, "osm_target_id": 26228440, "osm_key": 0, "length_m": 457.2704777517862, "highway_type": "tertiary", "speed_kph": 40, "oneway": false, "name": "\u0432\u0443\u043b\u0438\u0446\u044f \u041c\u0435\u0447\u043d\u0438\u043a\u043e\u0432\u0430"}}, {"type": "Feature", "geometry": {"type": "LineString", "coordinates": [[30.5257082, 50.4386131], [30.5257615, 50.4386469], [30.5257881, 50.4386683], [30.5257983, 50.4386967], [30.5257901, 50.4387329]]}, "properties": {"osm_source_id": 12844654236, "osm_target_id": 12844654239, "osm_key": 0, "length_m": 15.668179773998247, "highway_type": "primary_link", "speed_kph": 40, "oneway": true, "name": null}}, {"type": "Feature", "geometry": {"type": "LineString", "coordinates": [[30.5257082, 50.4386131], [30.5257623, 50.4386177], [30.5258651, 50.4386181], [30.5259678, 50.4386129]]}, "properties": {"osm_source_id": 12844654236, "osm_target_id": 12844654231, "osm_key": 0, "length_m": 18.442116728870822, "highway_type": "primary_link", "speed_kph": 40, "oneway": true, "name": null}}, {"type": "Feature", "geometry": {"type": "LineString", "coordinates": [[30.5257901, 50.4387329], [30.5256577, 50.4388223], [30.5254842, 50.438917], [30.5253107, 50.4390116]]}, "properties": {"osm_source_id": 12844654239, "osm_target_id": 12844674708, "osm_key": 0, "length_m": 46.02242934827277, "highway_type": "tertiary", "speed_kph": 40, "oneway": true, "name": "\u0432\u0443\u043b\u0438\u0446\u044f \u041c\u0435\u0447\u043d\u0438\u043a\u043e\u0432\u0430"}}, {"type": "Feature", "geometry": {"type": "LineString", "coordinates": [[30.5253129, 50.4388403], [30.525253, 50.4389125], [30.5252002, 50.4389609], [30.5250382, 50.4390718]]}, "properties": {"osm_source_id": 12844674707, "osm_target_id": 4763029292, "osm_key": 0, "length_m": 32.476702902426894, "highway_type": "primary", "speed_kph": 55, "oneway": true, "name": "\u0431\u0443\u043b\u044c\u0432\u0430\u0440 \u041b\u0435\u0441\u0456 \u0423\u043a\u0440\u0430\u0457\u043d\u043a\u0438"}}, {"type": "Feature", "geometry": {"type": "LineString", "coordinates": [[30.5253107, 50.4390116], [30.5250382, 50.4390718]]}, "properties": {"osm_source_id": 12844674708, "osm_target_id": 4763029292, "osm_key": 0, "length_m": 20.426434636255493, "highway_type": "tertiary", "speed_kph": 40, "oneway": true, "name": "\u0432\u0443\u043b\u0438\u0446\u044f \u041c\u0435\u0447\u043d\u0438\u043a\u043e\u0432\u0430"}}, {"type": "Feature", "geometry": {"type": "LineString", "coordinates": [[30.5253107, 50.4390116], [30.5253712, 50.4390504], [30.5254544, 50.4391008], [30.5258175, 50.4393508], [30.5259669, 50.4394521], [30.5262235, 50.4396379], [30.526598, 50.4398941], [30.5273243, 50.4404297]]}, "properties": {"osm_source_id": 12844674708, "osm_target_id": 268448858, "osm_key": 0, "length_m": 212.66468673103452, "highway_type": "tertiary", "speed_kph": 40, "oneway": false, "name": "\u0428\u043e\u0432\u043a\u043e\u0432\u0438\u0447\u043d\u0430 \u0432\u0443\u043b\u0438\u0446\u044f"}}, {"type": "Feature", "geometry": {"type": "LineString", "coordinates": [[30.5253107, 50.4390116], [30.5250371, 50.4391782], [30.5247734, 50.4393346], [30.5241921, 50.439677], [30.5239914, 50.4397953], [30.5239419, 50.4398238], [30.523894, 50.4398514], [30.5237221, 50.4399501], [30.5233383, 50.4401705], [30.5230432, 50.44034], [30.522943, 50.440411], [30.5228424, 50.4404997], [30.5227417, 50.4406218], [30.5226322, 50.4407684]]}, "properties": {"osm_source_id": 12844674708, "osm_target_id": 255137413, "osm_key": 0, "length_m": 274.36616150837847, "highway_type": "primary", "speed_kph": 55, "oneway": true, "name": "\u0411\u0430\u0441\u0435\u0439\u043d\u0430 \u0432\u0443\u043b\u0438\u0446\u044f"}}, {"type": "Feature", "geometry": {"type": "LineString", "coordinates": [[30.5238178, 50.4393645], [30.5247731, 50.4386855]]}, "properties": {"osm_source_id": 12844693296, "osm_target_id": 255137419, "osm_key": 0, "length_m": 101.37843274785209, "highway_type": "primary", "speed_kph": 55, "oneway": true, "name": "\u0411\u0430\u0441\u0435\u0439\u043d\u0430 \u0432\u0443\u043b\u0438\u0446\u044f"}}, {"type": "Feature", "geometry": {"type": "LineString", "coordinates": [[30.5254789, 50.438591], [30.5254556, 50.4386417]]}, "properties": {"osm_source_id": 12943422553, "osm_target_id": 14032059312, "osm_key": 0, "length_m": 5.8741237138254965, "highway_type": "primary", "speed_kph": 55, "oneway": true, "name": "\u0431\u0443\u043b\u044c\u0432\u0430\u0440 \u041b\u0435\u0441\u0456 \u0423\u043a\u0440\u0430\u0457\u043d\u043a\u0438"}}, {"type": "Feature", "geometry": {"type": "LineString", "coordinates": [[30.5254789, 50.438591], [30.5256395, 50.4386073], [30.5257082, 50.4386131]]}, "properties": {"osm_source_id": 12943422553, "osm_target_id": 12844654236, "osm_key": 0, "length_m": 16.42524796766252, "highway_type": "primary_link", "speed_kph": 40, "oneway": true, "name": null}}, {"type": "Feature", "geometry": {"type": "LineString", "coordinates": [[30.4951107, 50.4391935], [30.495003, 50.4392102], [30.4949536, 50.439213], [30.4948066, 50.4392176], [30.4947449, 50.4392095], [30.494685, 50.4391928], [30.4942993, 50.4390387], [30.4939284, 50.4389207], [30.4935963, 50.4389324], [30.4934954, 50.4389593], [30.4932508, 50.4391362], [30.4929492, 50.4393589], [30.4928968, 50.4395227], [30.4928794, 50.4395467], [30.4914672, 50.4406022], [30.4914549, 50.4406354], [30.4914587, 50.4406654], [30.4915768, 50.4407885], [30.491754, 50.4409662], [30.4921257, 50.4413154], [30.4922821, 50.4414095], [30.4924381, 50.4415019], [30.4924979, 50.441534], [30.4929607, 50.4417519], [30.4939968, 50.4422253], [30.4950356, 50.4426911], [30.4951771, 50.4427487]]}, "properties": {"osm_source_id": 13127596954, "osm_target_id": 1307798791, "osm_key": 0, "length_m": 720.703396796854, "highway_type": "unclassified", "speed_kph": 25, "oneway": false, "name": null}}, {"type": "Feature", "geometry": {"type": "LineString", "coordinates": [[30.532684, 50.4489868], [30.5318045, 50.4493926]]}, "properties": {"osm_source_id": 13758100676, "osm_target_id": 782137157, "osm_key": 0, "length_m": 76.90246925233888, "highway_type": "secondary", "speed_kph": 45, "oneway": false, "name": "\u0432\u0443\u043b\u0438\u0446\u044f \u041c\u0438\u0445\u0430\u0439\u043b\u0430 \u0413\u0440\u0443\u0448\u0435\u0432\u0441\u044c\u043a\u043e\u0433\u043e"}}, {"type": "Feature", "geometry": {"type": "LineString", "coordinates": [[30.5031113, 50.4647962], [30.5022972, 50.4648248], [30.5022288, 50.4648372], [30.5021042, 50.4649036]]}, "properties": {"osm_source_id": 13826497630, "osm_target_id": 1297814425, "osm_key": 0, "length_m": 74.24678872123428, "highway_type": "residential", "speed_kph": 25, "oneway": false, "name": "\u041b\u0443\u043a\u02bc\u044f\u043d\u0456\u0432\u0441\u044c\u043a\u0430 \u0432\u0443\u043b\u0438\u0446\u044f"}}, {"type": "Feature", "geometry": {"type": "LineString", "coordinates": [[30.5031113, 50.4647962], [30.5039253, 50.4647676], [30.5040416, 50.4647702], [30.504168, 50.4647938], [30.5044452, 50.4648501], [30.5045599, 50.4648693], [30.5047259, 50.4648684], [30.5047366, 50.4648684], [30.5048877, 50.4648502], [30.5050007, 50.464824], [30.5052073, 50.4647562], [30.5053892, 50.4646754], [30.5056025, 50.4645499], [30.5058613, 50.4643825], [30.5058952, 50.4643573], [30.5061247, 50.4642029], [30.5062536, 50.4640693], [30.5063276, 50.4639868], [30.5064607, 50.4638075], [30.5065767, 50.4636505], [30.5066413, 50.4635504], [30.5066996, 50.463413], [30.5067207, 50.4633634], [30.5067442, 50.4633101], [30.5067662, 50.4632746], [30.5067868, 50.4632456], [30.5068191, 50.4632166], [30.5069707, 50.4630888], [30.5070454, 50.4630276], [30.50712, 50.4629764]]}, "properties": {"osm_source_id": 13826497630, "osm_target_id": 1297814433, "osm_key": 0, "length_m": 397.306373435441, "highway_type": "residential", "speed_kph": 25, "oneway": true, "name": "\u041b\u0443\u043a\u02bc\u044f\u043d\u0456\u0432\u0441\u044c\u043a\u0430 \u0432\u0443\u043b\u0438\u0446\u044f"}}, {"type": "Feature", "geometry": {"type": "LineString", "coordinates": [[30.541184, 50.434699], [30.5410054, 50.4343329]]}, "properties": {"osm_source_id": 13911593405, "osm_target_id": 269432297, "osm_key": 0, "length_m": 42.62860095003258, "highway_type": "residential", "speed_kph": 25, "oneway": true, "name": "\u0432\u0443\u043b\u0438\u0446\u044f \u0413\u0443\u0441\u043e\u0432\u0441\u044c\u043a\u043e\u0433\u043e"}}, {"type": "Feature", "geometry": {"type": "LineString", "coordinates": [[30.541184, 50.434699], [30.5412101, 50.4347525], [30.541435, 50.4352134], [30.5415549, 50.4354591], [30.5416046, 50.4355609], [30.5416271, 50.4356071]]}, "properties": {"osm_source_id": 13911593405, "osm_target_id": 256546177, "osm_key": 0, "length_m": 105.74068519391476, "highway_type": "residential", "speed_kph": 25, "oneway": false, "name": "\u0432\u0443\u043b\u0438\u0446\u044f \u0413\u0443\u0441\u043e\u0432\u0441\u044c\u043a\u043e\u0433\u043e"}}, {"type": "Feature", "geometry": {"type": "LineString", "coordinates": [[30.5319794, 50.4432625], [30.532044, 50.4432292], [30.5329216, 50.4427764], [30.5329997, 50.4427363]]}, "properties": {"osm_source_id": 14008709610, "osm_target_id": 601265975, "osm_key": 0, "length_m": 92.97214715526431, "highway_type": "residential", "speed_kph": 25, "oneway": false, "name": "\u0432\u0443\u043b\u0438\u0446\u044f \u041f\u0438\u043b\u0438\u043f\u0430 \u041e\u0440\u043b\u0438\u043a\u0430"}}, {"type": "Feature", "geometry": {"type": "LineString", "coordinates": [[30.5254556, 50.4386417], [30.5253743, 50.4387657], [30.5253129, 50.4388403]]}, "properties": {"osm_source_id": 14032059312, "osm_target_id": 12844674707, "osm_key": 0, "length_m": 24.30785146938816, "highway_type": "primary", "speed_kph": 55, "oneway": true, "name": "\u0431\u0443\u043b\u044c\u0432\u0430\u0440 \u041b\u0435\u0441\u0456 \u0423\u043a\u0440\u0430\u0457\u043d\u043a\u0438"}}, {"type": "Feature", "geometry": {"type": "LineString", "coordinates": [[30.5254556, 50.4386417], [30.5254552, 50.4386974], [30.5254508, 50.4387414], [30.5254384, 50.4388084], [30.5253821, 50.4388973], [30.5253107, 50.4390116]]}, "properties": {"osm_source_id": 14032059312, "osm_target_id": 12844674708, "osm_key": 0, "length_m": 42.93538916851844, "highway_type": "primary", "speed_kph": 55, "oneway": true, "name": "\u0432\u0443\u043b\u0438\u0446\u044f \u041c\u0435\u0447\u043d\u0438\u043a\u043e\u0432\u0430"}}, {"type": "Feature", "geometry": {"type": "LineString", "coordinates": [[30.5102158, 50.4506748], [30.5102996, 50.4507141], [30.5103133, 50.4507187], [30.5103808, 50.4507219]]}, "properties": {"osm_source_id": 14124574108, "osm_target_id": 14124574113, "osm_key": 0, "length_m": 13.257856753883615, "highway_type": "residential", "speed_kph": 25, "oneway": true, "name": "\u0432\u0443\u043b\u0438\u0446\u044f \u0406\u0432\u0430\u043d\u0430 \u0424\u0440\u0430\u043d\u043a\u0430"}}, {"type": "Feature", "geometry": {"type": "LineString", "coordinates": [[30.5102158, 50.4506748], [30.5101915, 50.4506207], [30.5099354, 50.4500748], [30.5098158, 50.4498143], [30.5097957, 50.4495936], [30.5097259, 50.4494004], [30.5096079, 50.4490489], [30.5095832, 50.4489677]]}, "properties": {"osm_source_id": 14124574108, "osm_target_id": 26546037, "osm_key": 0, "length_m": 195.5783897936879, "highway_type": "residential", "speed_kph": 25, "oneway": false, "name": "\u0432\u0443\u043b\u0438\u0446\u044f \u0406\u0432\u0430\u043d\u0430 \u0424\u0440\u0430\u043d\u043a\u0430"}}, {"type": "Feature", "geometry": {"type": "LineString", "coordinates": [[30.5102254, 50.4508433], [30.5103808, 50.4507219]]}, "properties": {"osm_source_id": 14124574110, "osm_target_id": 14124574113, "osm_key": 0, "length_m": 17.4150700189033, "highway_type": "tertiary", "speed_kph": 40, "oneway": true, "name": "\u0432\u0443\u043b\u0438\u0446\u044f \u042f\u0440\u043e\u0441\u043b\u0430\u0432\u0456\u0432 \u0412\u0430\u043b"}}, {"type": "Feature", "geometry": {"type": "LineString", "coordinates": [[30.5102254, 50.4508433], [30.5102337, 50.4507634], [30.5102158, 50.4506748]]}, "properties": {"osm_source_id": 14124574110, "osm_target_id": 14124574108, "osm_key": 0, "length_m": 18.83696932652451, "highway_type": "residential", "speed_kph": 25, "oneway": true, "name": "\u0432\u0443\u043b\u0438\u0446\u044f \u0406\u0432\u0430\u043d\u0430 \u0424\u0440\u0430\u043d\u043a\u0430"}}, {"type": "Feature", "geometry": {"type": "LineString", "coordinates": [[30.5103808, 50.4507219], [30.5103999, 50.4507073], [30.5104945, 50.4506404], [30.5105186, 50.4506224], [30.5108487, 50.4503614], [30.5110939, 50.4501644], [30.5111735, 50.4501016], [30.5114547, 50.4498766], [30.5116188, 50.4497453], [30.5118081, 50.4495939], [30.5118545, 50.4495567], [30.5118764, 50.4495392], [30.5119373, 50.4494905], [30.512021, 50.4494272], [30.512136, 50.4493616], [30.512254, 50.4493127], [30.5123629, 50.4492948], [30.512582, 50.4492598]]}, "properties": {"osm_source_id": 14124574113, "osm_target_id": 259159431, "osm_key": 0, "length_m": 229.84459317264367, "highway_type": "tertiary", "speed_kph": 40, "oneway": true, "name": "\u0432\u0443\u043b\u0438\u0446\u044f \u042f\u0440\u043e\u0441\u043b\u0430\u0432\u0456\u0432 \u0412\u0430\u043b"}}]}